agency_code,pct_AIG_AWA,pct_ALL_AWA,pct_AM7_AWA,pct_AS7_AWA,pct_BL7_AWA,pct_EDS_AWA,pct_ELS_AWA,pct_FCS_AWA,pct_FEM_AWA,pct_HI7_AWA,pct_HMS_AWA,pct_MALE_AWA,pct_MIL_AWA,pct_MU7_AWA,pct_SWD_AWA,pct_WH7_AWA
00B000,,78.1,,,,,,,79.2,,,,,,,80.0
010303,,89.5,,,,,,,88.2,,,,,,,90.9
010324,95.0,66.3,,,50.8,50.7,,,61.5,60.7,,69.9,,,6.9,72.3
010348,83.3,53.3,,,48.9,47.4,27.8,,43.1,49.2,,62.5,,,7.7,67.9
010360,95.0,38.4,,,35.9,37.1,21.6,,40.9,37.5,,36.0,,,9.1,
010388,95.0,63.8,,,45.0,50.0,26.7,,66.9,39.0,,60.5,,40.0,9.1,70.4
010396,95.0,61.8,,,40.5,50.0,21.1,,60.8,59.0,,62.8,,75.0,42.1,83.5
010400,95.0,67.9,,,34.1,49.3,,,70.7,59.3,,65.7,,63.6,5.0,75.6
010LEA,95.0,60.8,,74.1,42.5,47.0,24.3,,60.5,48.4,20.0,61.0,,57.9,12.8,73.7
01B000,,67.7,,,,,,,75.0,,,54.5,,,,61.5
01C000,,71.4,,,,,,,68.2,,,76.9,,,,79.3
01D000,,75.0,,,,,,,76.9,,,73.7,,,,77.8
020302,94.9,73.2,,,58.3,71.9,,,80.1,66.7,,67.0,,50.0,25.0,75.5
020LEA,94.9,73.2,,,58.3,71.9,,,80.1,66.7,,67.0,,50.0,25.0,75.5
030304,95.0,68.7,,,,65.9,,,78.0,80.0,,59.5,,,,67.7
030LEA,95.0,68.7,,,,65.9,,,78.0,80.0,,59.5,,,,67.7
040304,88.9,80.0,,,63.6,,,,81.8,,,76.9,,,,89.5
040306,90.9,43.5,,,26.3,38.8,,,45.6,,,41.3,,,,70.2
040LEA,90.4,50.3,,,30.1,43.1,,,52.6,,,47.4,,,27.3,76.1
050302,95.0,78.8,,,,74.4,,,77.8,76.5,,79.8,,,18.2,79.8
050LEA,95.0,78.8,,,,74.4,,,77.8,76.5,,79.8,,,18.2,79.8
060302,,44.9,,,,35.6,,,44.1,25.0,,45.7,,,,50.0
060334,,20.0,,,,,,,,,,,,,,20.0
060700,95.0,95.0,,,,93.5,,,95.0,,,95.0,,,,95.0
060LEA,95.0,67.3,,,,58.0,,,73.1,43.8,,60.9,,,,70.5
070311,95.0,95.0,,,,95.0,,,95.0,95.0,,95.0,,,,95.0
070330,95.0,67.4,,,28.6,35.0,,,66.7,,,68.0,,,,80.3
070339,,63.7,,,51.3,61.9,,,64.8,58.3,,62.7,,63.6,,74.5
070342,88.9,54.0,,,26.0,30.3,,,60.2,59.1,,46.4,,,27.3,73.4
070LEA,93.7,63.6,,,37.1,52.8,46.7,,66.8,66.7,,60.2,,58.3,28.0,78.2
080311,,77.1,,,66.7,,,,66.7,,,92.9,,,,91.7
080312,,33.9,,,28.3,22.4,,,35.3,,,32.8,,,13.3,75.0
080LEA,95.0,44.2,,,35.0,31.3,,,44.4,,,44.0,,,13.3,83.3
090330,92.0,49.0,,,36.6,44.4,,,50.7,64.7,,47.3,,,10.0,65.0
090368,95.0,51.3,,,26.7,35.1,30.0,,56.4,54.8,,45.7,,,7.7,65.2
090LEA,94.2,50.3,,,32.4,39.2,26.7,,54.1,58.3,,46.4,,69.2,8.3,65.1
09A000,,25.0,,,,,,,,,,,,,,
100307,95.0,95.0,,,,95.0,,,95.0,90.0,,95.0,,,,95.0
100308,,27.3,,,,,,,,,,,,,,
100326,93.8,49.1,,,19.4,37.5,,,53.0,39.1,,45.0,,,21.4,66.9
100334,95.0,70.1,,,46.2,57.3,,,81.5,,,61.1,,,10.5,73.2
100348,95.0,67.2,,,27.7,54.7,41.7,,70.0,65.7,,64.9,,,16.7,75.3
100LEA,95.0,65.0,,,29.5,53.2,30.0,,70.2,59.7,53.3,60.3,,73.3,15.7,73.4
110303,,12.2,,,9.1,12.5,,,8.3,,8.3,16.0,,,7.1,12.9
110304,95.0,81.8,,,65.2,69.2,,,92.1,63.6,,71.4,,69.2,41.2,87.4
110322,95.0,94.3,,,,85.7,,,95.0,,,84.2,,,,94.9
110323,,67.8,,,,80.0,,,70.5,,,60.0,,,,73.9
110336,91.7,72.2,,,,59.0,,,77.3,52.9,,68.2,,,42.9,77.7
110340,92.6,63.3,,,30.8,58.3,26.9,,65.4,62.5,,60.8,,,5.0,67.3
110352,95.0,64.2,,,,43.5,30.8,,65.7,37.0,,62.7,,,12.5,69.2
110380,95.0,74.6,,,,65.9,,,73.5,51.9,,75.6,,,13.0,77.2
110416,95.0,74.5,,95.0,52.6,50.0,36.4,,78.0,56.1,,70.3,,36.4,22.6,82.6
110500,95.0,95.0,,,,90.5,,,95.0,,,95.0,,,,95.0
110LEA,95.0,72.1,,91.2,45.6,57.0,27.5,,75.3,58.8,41.7,68.7,,55.1,19.5,77.3
111302,95.0,78.0,,,43.6,53.8,,,80.0,57.1,,76.0,,70.0,26.7,90.7
111700,94.4,86.5,,,61.5,77.8,,,87.5,90.0,,84.4,,,80.0,93.7
111LEA,95.0,80.7,,,48.1,60.0,,,82.8,70.8,,77.9,,66.7,48.0,91.6
11D000,,76.0,,,,,,,,,,70.6,,,,76.2
120308,,25.8,,,,33.3,,,50.0,,,14.3,,,,35.0
120310,95.0,95.0,,,,95.0,,,95.0,,,95.0,,,,95.0
120314,95.0,70.6,,70.0,,64.8,,,71.3,69.2,,70.1,,,7.4,70.7
120318,94.0,60.5,,50.0,29.6,47.7,5.9,,62.8,42.4,,58.3,,81.8,5.0,68.1
120346,95.0,66.7,,60.0,,54.2,,,66.7,40.0,,66.7,,,,70.1
120370,95.0,70.6,,,,55.6,5.0,,70.0,60.5,,71.1,,,29.4,73.2
120LEA,95.0,67.7,,66.7,31.7,56.6,5.3,,70.5,53.0,,65.2,,76.9,12.0,71.5
130307,95.0,84.7,,95.0,73.6,71.9,,,86.1,80.0,,83.1,,95.0,35.3,87.5
130310,95.0,67.5,,,51.8,53.8,31.3,,69.5,54.7,,65.3,,81.8,21.1,75.3
130314,95.0,68.6,,,36.9,46.3,41.2,,65.3,56.1,,72.4,,,25.9,86.7
130316,95.0,62.2,,,45.3,46.6,14.3,,60.4,38.1,,64.2,,,11.8,81.8
130317,,30.0,,,,,,,,,,,,,,
130324,95.0,72.0,,,,58.8,,,70.8,,,73.3,,,26.7,75.0
130326,95.0,71.7,,,61.1,57.9,38.9,,72.0,59.2,,71.3,,,25.0,80.4
130332,95.0,84.5,,88.5,70.0,74.2,40.0,,87.8,65.2,,81.7,,86.7,66.7,90.0
130333,,46.7,,,,46.7,,,32.0,,,65.0,,,,48.3
130350,95.0,95.0,,,92.9,95.0,,,95.0,,,95.0,,,,95.0
130LEA,95.0,73.8,83.3,91.4,57.2,56.6,30.3,,73.8,55.6,51.9,73.7,,73.1,28.6,82.2
132304,95.0,48.7,,,26.3,34.2,21.7,,47.3,52.9,,50.0,,66.7,13.0,65.5
132LEA,95.0,48.7,,,26.3,34.2,21.7,,47.3,52.9,,50.0,,66.7,13.0,65.5
13A000,,44.4,,,25.0,,,,57.7,,,26.3,,,,47.8
140305,95.0,95.0,,,,95.0,,,95.0,,,95.0,,,,95.0
140309,95.0,95.0,,,,95.0,,,95.0,95.0,,95.0,,,,95.0
140348,95.0,58.4,,,28.6,46.5,,,61.4,31.6,,55.7,,70.0,25.0,65.7
140386,95.0,68.2,,,,51.2,10.0,,71.0,42.9,,65.4,,,33.3,69.9
140390,95.0,54.8,,,33.3,52.1,,,61.4,42.1,,49.0,,50.0,23.1,60.5
140LEA,95.0,67.9,,,34.6,55.3,14.3,,71.7,52.0,50.0,64.1,,70.6,31.4,71.8
150304,95.0,82.0,,,63.6,83.3,,,82.0,,,82.0,91.7,,,84.6
150350,,80.8,,,,,,,81.3,,,80.0,,,,90.5
150LEA,95.0,81.7,,,53.3,80.0,,,81.8,,,81.7,92.9,,,85.9
160313,95.0,84.4,,,70.0,78.8,,,88.2,,,79.6,,,,86.9
160314,95.0,88.3,,,,82.1,,,86.2,,,90.2,95.0,90.0,64.7,88.8
160344,95.0,81.7,,,61.5,58.3,,,85.3,70.4,,78.5,,76.5,21.4,85.2
160LEA,95.0,84.3,,,66.7,69.4,,,86.3,70.3,,82.4,95.0,80.0,41.7,86.7
170316,95.0,58.1,,,31.8,40.7,,,62.5,53.8,,54.3,,,,79.8
170LEA,95.0,58.1,,,31.8,40.7,,,62.5,53.8,,54.3,,,,79.8
180308,95.0,77.9,,,,67.5,,,85.9,,,69.8,,,,80.6
180320,95.0,60.5,,64.7,25.0,53.1,,,68.2,48.3,,53.6,,46.2,,68.1
180325,95.0,95.0,,91.7,,95.0,,,94.6,95.0,,95.0,,,,95.0
180340,95.0,59.8,,57.1,,40.0,,,64.2,40.0,,54.8,,,5.9,61.0
180348,95.0,63.4,,53.8,26.7,59.5,,,67.4,65.0,,60.3,,56.3,5.0,68.8
180376,95.0,63.6,,75.0,31.3,43.5,21.9,,73.0,34.6,,54.0,,18.2,9.1,80.5
180LEA,95.0,66.8,,65.8,34.0,54.3,24.6,,73.7,48.5,,59.7,,50.9,6.5,73.5
181318,,65.6,,,,38.5,,,62.5,,,,,,,78.6
181322,95.0,57.6,,57.1,32.1,39.2,14.3,,57.0,44.6,,58.0,,46.2,13.3,80.9
181LEA,95.0,58.6,,56.3,32.8,39.1,13.6,,58.1,46.7,,59.0,,52.9,16.7,80.6
182316,92.9,52.7,,,33.3,39.2,20.0,,60.8,42.2,,45.3,,50.0,6.7,64.6
182700,95.0,94.4,,,,95.0,,,95.0,,,90.0,,,,92.1
182LEA,95.0,63.0,,,46.2,47.7,20.0,,71.7,48.0,,53.8,,64.3,6.7,73.3
190316,95.0,66.3,,,38.5,61.8,,,77.8,,47.1,56.6,,,,70.8
190336,95.0,58.7,,,25.0,55.1,22.9,,65.5,57.9,71.4,51.3,,,5.0,80.0
190342,95.0,78.5,,,54.3,50.8,30.8,,77.2,46.7,,80.2,,,17.6,89.5
190LEA,95.0,69.9,,,40.5,54.0,26.0,,73.9,54.0,57.6,65.4,,66.7,9.8,83.9
19A000,,78.3,,,,,,,77.3,,,79.2,,,,83.3
19B000,,93.0,,,,,,,92.9,,,93.3,,,,95.0
200308,,70.2,,,,69.0,,,73.1,,,67.7,,,,72.5
200314,,65.9,,,,68.2,,,81.0,,,50.0,,,,64.9
200328,95.0,69.2,,,,61.0,,,78.4,,,60.7,,,,71.7
200350,,94.3,,,,91.7,,,91.7,,,95.0,,,,93.5
200LEA,95.0,71.4,,,,66.7,,,79.4,,,63.1,,,20.0,72.8
210312,95.0,62.0,,,47.8,54.8,,,71.8,,,51.5,,,9.1,80.4
210LEA,95.0,62.0,,,47.8,54.8,,,71.8,,,51.5,,,9.1,80.4
220310,,63.2,,,,57.1,,,78.6,,,48.9,,,26.7,66.3
220LEA,,63.2,,,,57.1,,,78.6,,,48.9,,,26.7,66.3
230312,95.0,66.8,,,47.1,61.1,,,69.2,20.0,,64.1,,,13.0,72.9
230322,95.0,85.4,,,,85.7,,,85.7,,,85.0,,,,90.0
230324,95.0,61.3,,,53.3,43.4,,,61.7,,,60.9,,38.5,7.7,65.0
230330,,34.6,,,,35.3,,,33.3,,,35.7,,,,35.7
230350,95.0,72.7,,81.8,55.6,58.0,,,71.3,,,73.8,,75.0,35.7,76.3
230361,95.0,64.9,,,48.0,49.6,,,62.4,72.7,,67.3,,,11.1,84.3
230LEA,95.0,66.6,,87.5,50.0,54.6,50.0,40.0,66.5,58.5,59.1,66.7,,60.9,15.3,73.1
240334,,43.6,42.3,,39.4,31.0,,,45.7,,,41.7,,,,54.2
240371,95.0,48.0,,,13.8,27.0,,,59.3,40.0,,35.2,,,5.0,57.3
240373,95.0,63.4,,,47.6,63.2,,,61.4,,,66.7,,,,71.4
240380,95.0,35.5,,,26.3,26.2,,,43.5,,,27.7,,,,40.9
240LEA,95.0,46.8,44.8,,30.6,33.1,8.3,,53.5,39.3,,39.4,,58.3,5.0,56.4
241316,95.0,58.0,,,34.4,36.4,,,62.3,,,53.4,,,,77.6
241LEA,95.0,55.4,,,32.8,32.7,,,59.3,,,51.3,,,5.0,75.6
24B000,,38.5,,,,,,,,,,,,,,
250314,,90.0,,,72.7,81.8,,,78.9,,,95.0,,,,95.0
250321,,91.7,,,,,,,85.7,,,95.0,,,,95.0
250340,93.3,59.8,,,44.0,49.4,,,70.3,68.2,,50.8,73.9,64.3,17.6,68.4
250356,93.6,66.3,,38.5,46.4,53.7,19.0,,70.8,59.1,,60.0,,76.9,10.0,82.9
250372,95.0,58.3,,,29.2,48.2,,,54.9,36.4,,61.5,,,,73.9
250LEA,95.0,64.9,,46.2,44.2,52.4,19.4,,68.5,60.3,,61.0,73.0,67.6,14.9,78.2
260318,95.0,77.8,,90.5,67.4,62.3,,,78.7,69.8,,76.9,84.8,72.7,36.7,86.8
260322,94.7,49.2,,,44.6,47.4,,,50.0,47.4,,48.4,,52.9,12.5,56.8
260325,95.0,68.3,70.0,,53.0,57.9,,,77.7,57.1,,57.9,89.3,65.0,11.1,76.2
260347,95.0,87.9,,,88.9,89.3,,,90.0,80.0,,83.3,,,,
260354,95.0,94.5,,,90.3,93.1,,,93.2,,,95.0,,,,
260357,95.0,67.4,46.7,,54.1,55.5,,,73.7,55.6,,61.1,76.8,64.7,21.4,78.2
260359,95.0,46.7,,,44.1,45.0,,,48.0,44.4,,45.4,41.5,54.5,13.0,75.0
260374,,8.8,,,8.0,8.3,,,17.6,,,5.0,,,5.0,
260388,95.0,81.9,,,66.7,68.8,,,82.9,,,80.6,93.8,,,92.1
260408,95.0,56.0,,,37.0,47.1,,,54.9,57.1,,57.3,62.2,61.5,14.3,76.6
260411,88.9,58.5,,,53.1,44.4,,,57.1,,,60.0,,,,
260424,88.6,45.4,,,41.2,41.7,,,49.4,43.6,,40.8,53.8,56.0,12.8,73.9
260427,95.0,57.6,,,44.7,50.6,,,58.2,63.8,,57.1,70.0,56.3,5.0,72.4
260446,95.0,64.9,,92.9,33.0,45.0,,,61.4,70.6,,68.3,58.8,68.4,20.8,84.4
260449,,23.1,,,20.0,20.0,,,,,,,,,,
260455,93.8,38.6,,,34.4,37.1,,,41.0,31.0,,36.4,52.4,37.5,5.0,69.6
260700,,85.7,,,92.9,76.9,,,89.5,,,,,,,
260LEA,95.0,60.3,64.3,89.2,46.7,50.0,12.1,58.8,63.2,56.8,31.3,57.2,71.7,62.2,14.2,78.8
270306,95.0,73.1,,,50.0,62.5,,,77.7,,,69.3,81.8,83.3,41.7,74.1
270311,95.0,88.7,,,,83.3,,,86.7,,,92.3,,,,87.0
270LEA,95.0,77.1,,,57.1,66.7,,,80.6,78.6,,73.6,81.8,88.5,50.0,77.3
280304,94.7,76.7,,,,73.3,,,82.6,,,70.0,,,,73.5
280316,95.0,67.0,,,,46.3,,,70.0,33.3,,64.5,,,,77.8
280330,95.0,80.5,,,,62.9,,,85.4,69.2,,74.7,,,30.0,82.3
280LEA,95.0,75.0,,,,57.1,,,80.2,52.5,,69.6,,91.7,20.0,79.4
290308,95.0,69.6,,,,59.4,,,76.9,60.0,,64.2,,,23.5,70.6
290314,,34.4,,,,33.3,,,21.4,,,44.4,,,,37.0
290315,,92.0,,,,,,,93.3,,,90.0,,,,90.5
290324,95.0,76.8,,,,75.0,,,78.8,76.9,,74.7,,,22.2,77.2
290336,95.0,74.5,,,50.0,51.6,,,77.7,59.3,,71.2,,,21.4,77.2
290348,95.0,77.2,,,45.0,65.4,,,80.5,92.0,,73.6,,,36.4,79.2
290365,90.9,59.1,,,,50.0,,,61.2,,,56.4,,,15.4,60.0
290388,95.0,73.8,,,,60.3,,,75.8,71.4,,71.7,,,28.6,74.8
290389,,94.3,,,,,,,90.9,,,95.0,,,,95.0
290LEA,95.0,73.7,,75.0,52.0,60.8,31.3,,76.6,71.7,,70.9,,57.1,24.8,75.1
291336,84.6,47.6,,58.3,35.5,34.4,9.5,,44.3,45.8,,51.3,,50.0,,67.7
291LEA,84.6,47.6,,58.3,35.5,34.4,9.5,,44.3,45.8,,51.3,,50.0,,67.7
292324,,46.4,,,42.1,37.0,5.0,,50.0,40.0,,42.4,,,5.0,70.0
292LEA,,46.4,,,42.1,37.0,5.0,,50.0,40.0,,42.4,,,5.0,70.0
300312,95.0,71.5,,,26.1,51.9,,,72.0,66.7,,71.1,,56.3,18.9,76.0
300314,95.0,95.0,,,,,,,95.0,,,95.0,,,,95.0
300LEA,95.0,73.2,,,29.2,53.6,,,73.7,71.8,,72.6,,57.9,17.9,76.9
310338,,85.3,,,81.8,70.0,,,81.5,83.3,,,,,,
310344,95.0,71.7,,,56.0,61.9,43.5,,75.0,65.7,,69.1,,,10.0,80.4
310352,95.0,64.3,,,46.2,56.4,44.4,,68.1,72.3,,59.3,,,,91.3
310364,,79.5,,,50.0,60.0,57.1,,85.0,74.2,,74.4,,,,90.0
310392,95.0,60.3,,,48.2,61.0,19.0,,69.6,53.8,,51.9,,,,88.6
310LEA,95.0,69.2,,,51.3,60.6,40.5,,74.0,66.5,,64.3,,63.6,8.7,85.3
320309,95.0,92.4,,,93.0,95.0,,,95.0,89.3,,82.1,,,,
320312,95.0,64.3,,89.5,54.3,41.0,25.0,,65.6,36.8,,63.2,,60.0,21.7,89.2
320314,80.0,54.0,,,45.8,47.6,,,85.7,40.0,,41.7,,,33.3,71.4
320317,95.0,92.8,,,82.1,88.6,,,91.8,95.0,,95.0,,,,95.0
320322,,25.0,,,18.2,5.0,,,31.3,20.0,,,,,,
320323,95.0,84.5,,95.0,74.6,73.8,40.0,,83.0,71.4,,87.3,,95.0,50.0,95.0
320325,75.0,35.4,,,37.0,31.7,12.5,,30.9,22.2,,40.0,,,7.1,
320353,95.0,79.1,,,57.9,68.4,46.2,,78.7,72.7,,79.5,,,,95.0
320356,91.3,47.2,,,31.7,35.4,25.9,,45.0,42.0,,49.3,,63.6,20.0,68.8
320365,92.3,43.0,,,29.1,21.2,11.3,,38.9,24.8,,46.2,,60.0,5.0,83.2
320368,91.9,36.1,,,34.1,30.6,19.6,,36.4,37.9,,35.7,,,5.0,53.8
320701,76.9,40.4,,,31.8,29.6,,,39.1,,,41.2,,,,
320LEA,92.6,54.2,,83.3,43.2,39.4,23.8,,55.5,45.3,18.5,53.0,,70.6,16.5,84.7
32L000,92.0,77.4,,,67.9,,,,78.9,,,76.4,,,50.0,81.4
32N000,,83.5,,,58.8,,,,86.4,,,82.5,,,,92.2
330326,,95.0,,,,,,,95.0,,,95.0,,,,95.0
330328,,28.3,,,31.7,22.7,,,47.8,,,8.7,,,,
330350,95.0,42.9,,,22.5,31.1,,,50.0,41.7,,34.6,,,5.3,62.3
330358,93.8,43.8,,,33.7,35.6,,,50.8,66.7,,37.3,,,12.5,70.8
330LEA,94.0,45.6,,,31.7,34.8,,,54.1,51.6,,36.6,,,7.5,68.9
33A000,,45.0,,,31.6,36.0,,,28.6,,,63.2,,,,71.4
340311,95.0,88.4,,,78.3,78.0,,,87.5,79.2,,88.8,,,80.0,95.0
340330,,19.4,,,19.3,16.0,5.3,,16.4,11.1,,22.2,,,5.0,
340362,95.0,95.0,,,95.0,,,,95.0,,,95.0,,,,95.0
340364,95.0,66.8,,,48.2,47.3,30.4,,71.8,57.4,,62.2,,60.0,25.0,77.3
340382,95.0,52.2,,,36.8,40.3,19.4,,56.1,38.0,,47.2,,,35.0,72.7
340446,,87.5,,,77.8,,,,82.5,,,95.0,,,,94.3
340454,95.0,67.5,,,44.5,38.5,24.0,,72.1,45.3,,63.3,,69.2,13.6,91.9
340460,90.0,38.3,,,28.3,26.9,6.7,,40.5,35.7,,35.9,,,12.5,63.3
340486,92.0,36.5,,,28.1,27.6,7.5,,39.1,30.6,,33.3,,58.3,18.8,69.0
340488,,60.5,,,47.1,52.9,,,52.4,72.7,,68.2,,,,
340495,95.0,83.3,,92.9,57.1,58.4,46.2,,86.4,66.7,,80.4,,81.3,44.4,90.5
340496,95.0,63.6,,57.7,40.3,43.5,21.2,,66.2,55.2,,60.5,,37.5,14.3,87.4
340542,95.0,59.4,,,50.0,39.4,,,57.8,38.1,,60.9,,,37.5,65.6
340556,95.0,75.1,,88.0,47.0,58.1,37.0,,75.9,50.9,,74.3,,73.9,22.7,83.5
340568,,29.7,,,29.0,12.5,,,31.8,,,26.7,,,,
340LEA,95.0,63.4,54.5,82.4,41.7,41.7,19.9,,64.7,45.3,30.0,62.1,,63.4,26.7,83.0
34B000,,25.0,,,17.4,14.3,,,15.8,,,38.5,,,,
34D000,,21.4,,,,,,,,,,20.0,,,,
34H000,,77.8,,,,,,,,,,80.0,,,,78.6
350308,95.0,72.4,,,58.3,63.8,,,72.7,55.2,,72.2,,,,84.2
350317,,88.9,,,,93.3,,,88.5,,,90.0,,,,90.9
350321,94.7,67.6,,,45.7,55.7,,,69.9,61.5,,65.8,,,30.8,84.1
350336,95.0,59.8,,,41.9,52.1,,,63.8,70.6,,56.7,,,25.0,64.8
350LEA,95.0,69.1,,,49.4,60.4,14.3,,71.7,65.0,,66.9,,72.7,34.4,81.0
360310,95.0,57.1,,90.9,39.3,46.7,37.5,,54.8,46.3,,59.8,,70.0,8.7,80.9
360336,,53.2,,,33.3,39.7,,,51.6,38.5,,54.8,,,21.4,61.0
360337,95.0,95.0,,,,93.8,,,95.0,,,92.3,,,,95.0
360360,90.0,76.0,,,60.0,72.7,,,77.3,,,74.5,,,5.0,78.2
360372,,16.7,,,,,,,,,,9.1,,,,
360378,95.0,73.4,,,60.6,67.1,,,74.5,,,72.5,,,37.5,76.9
360390,95.0,64.8,,,47.6,58.6,,,62.9,37.5,,66.7,,,23.1,70.5
360396,95.0,75.9,,,56.1,62.9,,,76.7,76.9,,75.0,,95.0,23.1,78.6
360418,95.0,95.0,,,95.0,95.0,,,95.0,,,95.0,,95.0,,95.0
360428,90.0,41.5,,,28.6,36.8,23.1,,41.8,41.7,,41.2,,,17.4,53.7
360470,95.0,52.1,,,25.7,44.1,,,52.9,27.3,,51.5,,50.0,14.3,60.9
360494,95.0,75.2,,90.0,57.1,62.5,,,76.8,58.8,,73.9,,54.5,,78.8
360LEA,95.0,65.7,,90.5,42.0,53.4,30.2,,66.7,52.8,51.7,64.7,,67.8,20.9,74.4
36B000,,62.8,,,40.0,,,,61.4,,,64.7,,,,69.5
36C000,95.0,69.8,,,46.2,38.5,,,68.9,,,70.6,,,,80.0
370312,95.0,61.6,,,31.9,31.3,,,59.3,,,64.2,,,15.4,84.7
370LEA,95.0,61.6,,,31.9,31.3,,,59.3,,,64.2,,,15.4,84.7
380308,,61.2,33.3,,,65.7,,,72.2,,,53.1,,,5.0,67.7
380LEA,,61.2,33.3,,,65.7,,,72.2,,,53.1,,,5.0,67.7
390322,95.0,64.2,,,50.0,53.2,16.7,,78.3,42.9,,53.3,,,,78.6
390323,95.0,89.3,,,,,,,83.3,,,95.0,,,,92.9
390324,,40.0,,,30.3,35.9,,,40.5,,,39.7,,,,59.3
390352,93.9,57.3,,,43.2,41.2,,,62.1,48.0,,51.7,,,7.7,64.0
390700,95.0,69.2,,,45.0,42.9,,,71.1,,,65.0,,,,83.3
390LEA,95.0,58.4,,,41.8,44.0,11.1,,64.6,46.7,,51.9,,62.5,15.4,71.3
39B000,,83.0,,,,,,,80.0,,,88.2,,,,83.3
400308,89.7,59.9,,,56.1,56.6,21.4,,61.3,50.0,,58.8,,,,69.6
400315,,82.1,,,,,,,81.3,66.7,,83.3,,,,91.7
400LEA,90.3,62.9,,,58.6,58.3,26.7,,64.6,53.6,,61.4,,,,72.8
410319,95.0,38.5,,,35.1,27.6,18.8,,40.2,33.3,,36.0,,,12.5,66.7
410326,,73.3,,,75.0,,,,73.3,,,,,,,
410355,79.5,36.7,,,33.3,33.6,12.5,,38.2,53.6,,34.9,,63.6,5.0,
410358,91.7,47.0,,38.5,36.4,39.2,10.5,,51.0,40.0,,42.6,,,25.0,70.8
410390,95.0,72.3,,,48.4,55.6,,,71.2,,,76.9,,,,95.0
410391,95.0,94.1,,,,,,,92.0,,,,,,,95.0
410394,95.0,76.9,,93.3,49.6,51.2,33.3,,81.0,55.0,,73.1,,80.0,39.1,95.0
410395,95.0,95.0,,95.0,,,,,95.0,,,95.0,,,,95.0
410399,95.0,90.9,,,78.6,95.0,,,92.0,,,,,,,95.0
410401,95.0,83.6,,,76.0,72.2,,,81.5,,,85.7,,,,90.0
410406,90.4,54.6,,48.6,31.0,39.6,25.0,,55.1,40.5,,54.2,,45.5,8.7,83.3
410407,,78.1,,,70.0,,,,79.2,78.6,,,,,,
410408,,67.6,,,64.3,72.2,,,73.9,,,54.5,,,,90.0
410483,,79.4,,,80.0,76.9,,,,,,79.4,,,,
410484,94.4,46.3,,,39.2,39.5,,,45.8,45.0,,46.7,,63.6,27.3,53.8
410489,95.0,83.1,,,52.8,53.3,,,85.6,50.0,,80.1,,91.7,18.8,91.4
410490,95.0,82.6,,95.0,51.4,64.7,63.6,,84.1,76.9,,81.3,,83.3,22.7,85.2
410508,95.0,70.6,,56.7,49.4,51.5,27.3,,72.1,69.8,,68.9,,69.6,20.0,92.4
410529,95.0,67.0,,66.7,51.8,56.0,22.2,,70.3,57.6,,63.5,,66.7,18.2,86.1
410544,86.7,27.4,,21.1,24.2,27.3,16.0,,26.0,34.8,,29.0,,,28.1,
410545,95.0,89.3,,,90.9,91.2,,,88.5,72.7,,90.0,,,,
410547,95.0,71.8,,,59.0,54.8,,,76.3,35.7,,66.7,,,37.9,82.1
410556,91.3,59.7,,56.5,43.2,51.8,30.0,,71.7,62.5,,48.8,,,11.5,82.8
410562,95.0,68.6,,81.1,46.1,38.7,28.6,,66.1,51.9,,71.2,,,40.0,87.6
410569,95.0,95.0,,,95.0,,,,95.0,,,95.0,,,,95.0
410579,95.0,88.2,,,76.2,85.0,,,83.3,,,95.0,,,,93.8
410589,95.0,94.6,,,80.0,83.3,,,95.0,,,93.3,,,,95.0
410595,95.0,64.8,,92.3,46.0,51.1,17.6,,69.5,56.9,,58.6,,86.7,6.7,82.8
410LEA,95.0,65.7,69.2,70.3,46.2,48.2,25.4,,67.6,55.2,,63.6,,69.3,23.4,86.7
41F000,,61.9,,,41.4,46.2,,,60.0,,,63.6,,,,85.7
41K000,,73.8,,,50.0,,,,82.4,,,68.0,,,,90.9
420346,,33.8,,,29.6,33.3,,,34.2,,,33.3,,,,
420358,,22.2,,,19.6,24.3,,,9.1,,,36.7,,,,
420LEA,,28.1,,,24.5,28.9,,,22.5,50.0,,35.1,,,,
421316,95.0,54.6,,,29.1,41.3,,,55.9,,,53.2,,,10.5,66.1
421LEA,95.0,54.6,,,29.1,41.3,,,55.9,,,53.2,,,10.5,66.1
422310,90.9,73.0,,,74.2,72.7,,,69.2,,,81.8,,,,
422315,,40.0,,,40.0,30.8,,,23.1,,,52.9,,,,
422LEA,90.9,58.2,,,57.4,50.0,,,53.8,,,64.3,,,,
430345,,15.0,,,,5.0,,,,,,14.3,,,,
430346,95.0,64.2,,,35.8,48.1,33.3,,65.1,59.0,,63.3,,41.7,19.2,78.3
430371,95.0,60.1,,,47.4,52.1,53.8,,58.6,61.2,,62.0,58.3,54.2,6.7,71.9
430378,95.0,65.0,,,43.1,54.7,32.0,,65.7,48.8,,64.3,,60.0,28.6,79.4
430384,95.0,61.8,,,36.9,48.3,11.8,,66.9,51.8,,57.3,78.4,81.3,5.0,73.2
430LEA,95.0,62.0,76.9,78.6,40.8,49.7,30.8,,63.4,55.7,,60.5,67.3,60.3,14.9,75.0
440326,,47.2,,,,,,,44.4,,,50.0,,,,53.3
440346,95.0,90.3,,,,81.8,,,81.3,,,95.0,,,,92.6
440378,95.0,81.4,,,,75.0,,,84.9,85.0,,78.1,,,20.0,80.5
440390,95.0,82.3,,,,72.1,,,80.8,75.0,,83.8,,,28.6,84.5
440LEA,95.0,79.8,,,,71.4,,,79.9,77.8,63.6,79.7,,63.6,25.0,81.1
450316,95.0,71.3,,,,57.5,7.1,,74.2,55.3,,67.9,,,,76.9
450334,95.0,75.4,,,25.0,60.9,,,82.1,59.1,,68.8,,53.8,26.7,85.6
450341,95.0,72.4,,,50.0,66.7,18.2,,72.7,55.8,,72.0,,,22.7,81.0
450343,,31.6,,,,42.9,,,35.3,,,28.6,,,,34.5
450352,95.0,76.4,,,,52.7,,,81.1,41.2,,72.5,,,30.0,80.9
450354,,95.0,,,,95.0,,,95.0,,,95.0,,,,95.0
450LEA,95.0,73.4,,64.3,36.1,61.2,17.0,,77.0,56.3,37.0,69.9,,63.6,24.3,80.0
460320,80.0,38.8,,,31.7,26.5,,,39.7,,,38.0,,,5.0,63.2
460322,95.0,79.2,,,71.4,,,,70.6,,,,,,,
460340,,57.9,,,52.9,,,,,,,40.0,,,,
460LEA,86.1,45.6,,,37.7,30.8,,,48.5,,,42.7,,,5.0,71.4
470312,95.0,51.3,48.6,,37.7,43.4,30.4,,55.3,52.9,,47.6,71.9,66.7,20.0,75.9
470443,95.0,76.4,,,66.7,70.4,,,75.6,66.7,,77.8,,,,95.0
470LEA,95.0,55.1,48.8,,41.5,46.4,32.1,,59.1,55.4,,51.1,74.2,68.2,22.6,80.6
480318,,27.8,,,,20.0,,,,,,20.0,,,,36.4
480LEA,,41.7,,,,20.0,,,40.0,,,42.9,,,,50.0
490310,,72.7,,,,,,,78.6,,,,,,,75.0
490320,95.0,95.0,,,,81.8,,,90.9,,,95.0,,,,95.0
490335,95.0,84.9,,93.3,46.7,61.5,,,87.1,78.8,,82.8,,72.7,44.4,86.8
490346,95.0,63.9,,,30.0,54.7,,,68.2,45.8,,59.3,,,5.0,67.9
490350,,35.7,,,,,,,,,,,,,,
490354,95.0,43.8,,,26.7,29.2,28.6,,35.8,39.0,,51.5,,,5.0,63.9
490355,,68.2,,,,50.0,,,69.2,,,,,,,80.0
490362,95.0,75.0,,95.0,48.4,48.5,,,78.1,56.7,,71.5,,,5.0,78.7
490380,95.0,58.7,,,56.5,45.6,,,63.0,28.6,,55.1,,,5.0,64.8
490LEA,95.0,70.5,,80.0,39.5,46.2,31.1,,72.4,52.5,,68.5,,64.3,13.7,77.3
491312,95.0,77.4,,,52.6,66.7,,,84.5,78.8,,69.9,,50.0,20.0,83.2
491LEA,95.0,77.4,,,52.6,66.7,,,84.5,78.8,,69.9,,50.0,20.0,83.2
49E000,,93.2,,,,,,,95.0,,,90.9,,,,95.0
500302,,38.1,,,,,,,,,,30.8,,,,40.0
500323,95.0,94.1,,,,,,,92.3,,,,,,,92.9
500324,,8.7,,,,,,,9.1,,,8.3,,,,16.7
500340,95.0,76.3,,,,60.3,,,80.0,50.0,,72.2,,,7.7,78.4
500LEA,95.0,69.8,53.3,,,52.6,,,75.2,38.1,,63.4,,,13.0,74.2
510324,95.0,73.0,,,53.1,50.0,,,80.0,68.9,,66.1,,83.3,29.0,80.6
510325,,70.0,,,,,,,,,,,,,,
510327,95.0,73.5,,,50.8,60.3,40.0,,76.1,58.8,,70.9,,70.6,14.8,80.6
510333,95.0,78.8,,,51.2,55.7,35.0,,80.4,64.7,,77.4,,72.2,33.3,85.4
510357,95.0,94.9,,,,,,,95.0,,,,,,,95.0
510367,95.0,95.0,,,,94.1,,,95.0,89.5,,94.7,,,,95.0
510368,95.0,60.7,,,17.9,50.0,,,69.9,55.6,,53.7,,,9.1,72.5
510376,95.0,71.8,,,75.0,63.8,,,77.4,65.2,,65.5,,,36.4,72.8
510399,95.0,50.8,,,37.1,47.1,21.1,,54.8,43.8,,46.6,,,14.3,70.7
510402,95.0,55.9,,,27.6,36.3,14.3,,59.3,37.8,,52.2,,,23.3,66.9
510406,94.3,73.0,,,51.4,62.7,,,75.0,54.0,,70.7,,,36.4,81.7
510LEA,95.0,69.9,63.6,95.0,45.8,53.0,22.8,,73.7,56.3,,65.9,,73.4,26.4,79.4
51A000,,82.9,,,,,,,73.9,,,94.4,,,,80.6
520320,95.0,77.4,,,60.5,73.3,,,91.3,,,60.5,,,,90.5
520LEA,95.0,77.4,,,60.5,73.3,,,91.3,,,60.5,,,,90.5
530335,95.0,87.2,,,,78.3,,,85.7,79.2,,89.5,,,,95.0
530336,95.0,63.8,,,50.0,55.1,19.4,,62.4,56.6,,65.2,,,18.8,76.9
530343,95.0,60.8,,,47.8,48.1,20.0,,61.7,53.5,,60.0,,,21.4,71.2
530LEA,95.0,64.0,,,49.6,53.3,19.1,,63.6,58.2,45.5,64.4,72.7,58.8,20.0,75.9
540315,66.7,25.8,,,23.2,19.4,,,29.2,,,22.9,,,,
540317,95.0,86.7,,,,90.9,,,85.3,,,90.9,,,,88.2
540324,95.0,50.3,,,29.7,34.5,,,56.3,43.5,,44.6,,,14.3,73.3
540336,95.0,70.9,,,39.1,52.6,,,68.2,75.0,,73.2,,,38.5,77.2
540LEA,92.7,51.7,,,27.5,35.4,38.9,,55.8,61.0,,47.8,,63.6,18.4,77.1
550320,95.0,77.1,,,42.9,68.6,,,84.5,,,70.1,,,,78.5
550332,95.0,59.8,,,39.1,53.6,,,62.9,56.7,,57.0,,80.0,20.0,63.7
550344,95.0,75.5,,,,62.9,,,80.9,77.8,,70.7,,,,75.0
550368,95.0,63.2,,,,56.4,,,65.7,66.7,,60.8,,,21.4,63.8
550LEA,95.0,69.1,,,37.2,58.5,28.6,,74.0,64.6,,64.6,,75.9,15.2,71.2
55A000,,83.0,,,,,,,86.3,,,79.7,,,,86.3
560320,95.0,71.7,,,,67.1,,,79.8,60.7,,65.1,,,,73.0
560324,,80.8,,,,,,,78.6,,,83.3,,,,77.8
560329,,87.9,,,,81.8,,,95.0,83.3,,72.7,,,,90.0
560350,,5.9,,,,,,,,,,7.7,,,,6.7
560LEA,94.3,69.9,,,,65.5,,,78.8,68.0,,61.9,,,21.4,70.0
570317,,84.6,,,,,,,77.8,,,90.5,,,,86.5
570318,88.9,77.1,,,,66.0,,,79.0,,,75.4,,,25.0,76.7
570LEA,92.6,78.8,,,,68.4,,,78.8,,,78.9,,,21.4,79.0
580344,,68.6,,,61.1,56.3,,,65.2,,,71.4,,,,85.7
580368,95.0,66.7,,,39.7,43.2,,,66.2,72.7,,67.2,,,,89.3
580LEA,95.0,67.2,,,47.9,47.2,,,66.0,75.0,,68.5,,,25.0,88.6
58B000,,65.9,,,,,,,75.0,,,55.0,,,,64.3
590328,95.0,88.7,,,,90.5,,,93.9,81.8,,80.0,,,,88.6
590330,91.1,57.4,,,54.5,46.9,5.0,,69.7,34.1,36.1,45.6,,36.4,5.3,61.2
590393,,62.5,,,,,,,,,,70.0,,,,62.5
590LEA,92.9,61.3,,,54.5,52.2,5.0,,72.8,44.2,44.2,49.8,,50.0,7.5,63.9
600302,95.0,90.3,,95.0,70.7,67.4,81.8,,92.9,75.5,,87.3,,92.9,23.8,93.8
600312,95.0,83.1,,88.9,64.2,59.3,50.0,,83.2,57.1,,83.0,,76.9,77.3,87.7
600334,95.0,95.0,,,94.1,93.8,,,95.0,95.0,,95.0,,,,95.0
600341,,61.3,,,69.2,,,,62.5,53.3,,60.0,,,,
600361,95.0,62.9,,65.4,42.0,48.4,31.6,,64.7,55.4,,60.9,,47.6,25.0,83.1
600377,95.0,58.7,,61.1,46.2,46.7,21.1,,60.0,53.2,,57.3,,73.3,13.6,84.3
600386,,88.5,,,83.3,,,,84.2,,,,,,,
600397,,25.6,,26.7,20.7,22.6,17.1,,24.0,29.1,38.5,27.1,,,5.0,
600404,95.0,95.0,,,95.0,95.0,,,93.9,89.5,,95.0,,,,95.0
600405,,23.2,,,22.2,24.2,5.0,,24.4,21.3,15.0,21.8,,,5.0,
600415,95.0,51.3,,,37.4,40.2,18.2,,51.1,36.8,,51.6,,45.5,18.8,78.9
600426,95.0,56.6,,41.9,43.3,47.5,15.1,,56.6,48.7,27.3,56.6,,52.9,23.3,77.8
600439,,14.3,,,8.3,,,,,,,15.4,,,,
600443,95.0,95.0,,,95.0,95.0,,,95.0,90.9,,95.0,,,,95.0
600445,95.0,53.8,,82.4,47.8,43.5,31.8,,55.1,40.9,,52.3,,38.5,20.0,83.1
600457,,32.6,,41.7,28.9,34.7,17.1,,40.0,30.8,,24.6,,50.0,20.0,57.1
600466,95.0,77.5,,77.8,37.4,35.8,27.8,,77.4,56.9,30.0,77.7,,58.3,15.2,93.1
600480,87.0,49.4,,90.9,40.4,38.2,18.8,,54.2,38.0,,43.3,,,5.0,79.7
600482,95.0,76.9,,,62.0,63.3,,,77.4,,,75.8,,,,87.8
600496,94.4,78.5,,93.3,74.0,75.0,80.0,,80.7,87.3,,76.0,,,,92.9
600498,,38.9,,,30.8,,,,25.0,,,,,,,
600499,95.0,76.9,,,68.8,,,,73.0,,,82.1,,,,76.9
600508,95.0,91.1,,95.0,72.5,68.1,60.0,,92.6,71.4,,89.5,,95.0,48.0,93.5
600535,95.0,66.5,,88.2,42.7,48.0,22.0,,69.2,49.7,,63.8,,70.8,22.6,89.5
600567,95.0,89.7,,,87.9,90.5,,,85.3,88.9,,93.2,,,,95.0
600576,,22.6,,30.8,21.8,19.5,5.6,,27.0,18.2,6.3,17.0,,,5.9,
600579,,24.2,,43.8,20.3,15.6,5.0,,24.1,30.0,6.7,24.4,,30.0,5.0,33.3
600592,,34.0,,,29.0,23.6,7.9,,31.4,38.1,36.4,36.6,,41.7,8.0,54.5
600594,,85.7,,,,,,,,,,,,,,
600693,93.3,56.1,,,50.0,51.2,,,58.4,45.5,,51.4,,,16.7,72.4
600694,95.0,75.2,,90.9,69.7,68.4,,,95.0,50.0,,66.7,,,,86.3
600695,,40.5,,,34.0,45.5,30.8,,33.3,45.8,,42.4,,,,
600696,,41.9,,,36.1,57.9,5.0,,44.4,53.6,,37.9,,,,
600697,,58.3,,50.0,54.5,50.9,21.4,,64.0,57.1,,46.5,,,,73.3
600LEA,95.0,61.6,48.1,74.7,43.6,44.8,22.6,43.8,63.4,48.7,30.0,59.7,,62.5,19.4,87.8
60B000,,36.7,,,35.7,36.7,,,43.8,,,28.6,,,,
60D000,,94.6,,,83.3,,,,95.0,95.0,,92.9,,,,95.0
60G000,,69.8,,,33.3,,,,73.9,50.0,,65.0,,,,84.6
60I000,,94.0,,,,,,,93.0,,,95.0,,,75.0,94.9
60K000,,43.8,,,26.9,20.0,,,50.0,,,40.0,,,,75.0
60U000,,28.6,,,21.4,30.0,,,36.4,,,20.0,,,,
60V000,,6.9,,,5.0,,,,5.0,,,13.3,,,,
610332,,86.2,,,,90.0,,,89.5,,,80.0,,,,86.4
610334,95.0,77.6,,,,67.4,,,82.4,40.0,,71.9,,,5.0,80.7
610LEA,95.0,79.2,,,,71.4,,,83.9,50.0,,73.1,,,16.7,81.6
61L000,,18.2,,,,,,,,,,,,,,
620310,,30.0,,,,,,,,,,,,,,
620316,95.0,53.9,,,33.3,49.5,12.5,,54.5,53.9,,53.3,,,20.0,65.0
620340,95.0,58.4,,,46.2,44.6,,,59.3,,,57.6,,,,69.6
620LEA,95.0,54.9,,,40.6,47.1,9.1,,56.5,50.6,,53.6,,,20.0,68.0
630330,,28.6,,,,,,,,,,18.2,,,,40.0
630332,95.0,74.6,,,,66.2,,,76.1,56.8,,73.1,,,,84.9
630336,95.0,72.3,,,38.0,46.3,,,73.5,62.8,,71.1,84.4,50.0,26.9,83.4
630360,95.0,74.6,,,51.4,61.9,,,75.2,75.0,,74.0,95.0,,23.5,78.9
630LEA,95.0,72.7,,50.0,40.0,54.3,36.4,,74.3,64.3,61.1,71.1,88.7,59.1,27.5,81.5
640340,,11.1,,,12.9,6.9,,,12.5,,,10.3,,,5.0,
640346,95.0,53.2,,,37.9,38.1,,,58.2,58.3,,48.6,,,23.3,72.5
640347,,75.6,,,75.0,66.7,,,68.0,,,85.0,,,,76.2
640350,87.5,53.4,,,39.2,38.8,,,56.7,72.7,,50.4,,,5.0,67.8
640361,95.0,48.3,,,36.3,30.4,,,52.1,85.7,,44.3,,,5.0,83.3
640364,95.0,59.1,,,40.4,55.6,15.0,,58.1,51.4,,60.0,,,20.8,73.2
640LEA,95.0,52.7,,,37.6,41.2,21.2,,55.4,55.9,,50.2,,43.2,12.2,71.9
64A000,,41.3,,,40.4,36.0,,,37.9,,,43.5,,,6.3,43.8
650326,95.0,71.0,,,37.9,50.7,,,75.2,68.8,53.8,67.1,,50.0,16.2,80.5
650327,95.0,68.3,,,33.3,43.3,27.3,,71.6,51.3,,64.9,,57.9,30.8,75.5
650340,95.0,95.0,,,,95.0,,,95.0,,,95.0,,,,95.0
650342,95.0,82.6,,,44.7,53.9,40.0,,85.0,64.0,,80.3,,90.9,34.5,88.7
650352,95.0,64.2,,,33.7,35.6,22.2,,64.2,45.0,,64.1,,80.0,20.0,86.8
650394,,79.5,,,54.5,,,,75.0,,,86.7,,,,95.0
650LEA,95.0,72.9,,84.0,39.1,47.3,30.2,,75.4,56.8,50.0,70.4,,67.2,25.4,83.2
660336,,35.9,,,31.3,25.0,,,48.8,,,21.6,,,,
660LEA,,37.2,,,33.3,26.1,,,48.9,,,24.4,,,,
66A000,,78.9,,,76.3,75.5,,,83.3,,,72.4,,,,
670320,95.0,74.1,,,42.9,63.3,,,83.3,85.7,,63.4,60.0,,25.0,76.8
670324,95.0,73.0,,,50.7,56.7,,,78.6,70.6,,67.4,89.7,58.8,29.6,87.8
670333,95.0,66.0,,95.0,54.7,54.7,,,69.7,66.0,,62.1,65.2,83.3,21.7,75.3
670340,95.0,73.5,,,48.1,63.3,,,73.0,80.0,,74.0,78.8,90.0,11.8,78.1
670344,95.0,61.6,,,40.0,58.6,,,71.1,70.0,,52.8,76.9,,7.7,72.5
670352,95.0,77.4,,,64.7,61.5,,,77.8,72.0,,77.2,92.7,72.7,35.7,79.0
670364,94.9,61.1,,,57.1,58.7,,,61.1,52.6,,61.1,65.7,52.0,10.5,65.6
670LEA,95.0,69.7,,86.2,51.5,58.8,27.8,,73.5,70.4,69.2,65.9,76.4,67.7,22.4,76.9
680310,95.0,76.3,,,66.7,55.9,5.9,,81.1,59.3,,71.5,,63.6,25.0,85.0
680332,95.0,69.7,,,41.9,39.3,,,69.7,54.3,,69.6,,,20.0,79.1
680LEA,95.0,72.2,,,47.6,46.8,5.0,,74.2,56.8,,70.2,,63.2,23.8,81.3
681305,95.0,85.7,,93.3,52.4,48.4,40.0,,85.9,56.5,,85.6,,80.0,64.3,95.0
681308,95.0,86.0,,78.3,50.0,51.9,65.0,,85.8,82.1,,86.2,,69.6,37.5,95.0
681314,95.0,86.4,,93.1,56.4,44.7,55.0,,88.4,59.5,,84.5,,95.0,40.0,95.0
681338,,16.7,,,,,,,,,,,,,,
681LEA,95.0,85.0,,89.6,51.0,46.1,53.6,,85.9,65.7,,84.2,,79.6,46.0,95.0
690320,94.7,66.3,,,35.0,50.0,,,72.3,,,60.8,,,,73.8
690LEA,94.7,66.3,,,35.0,50.0,,,72.3,,,60.8,,,,73.8
69A000,,55.2,,,,61.5,,,60.0,,,50.0,,,,53.8
700317,95.0,53.1,,,38.3,29.7,,,56.8,,,48.8,,,6.7,68.0
700319,95.0,62.5,,,52.0,56.8,,,65.9,,,58.4,75.0,,17.6,74.0
700LEA,95.0,57.7,,,44.9,43.9,,,61.3,47.1,,53.5,68.8,60.0,12.5,70.9
710321,95.0,63.1,,,44.0,54.4,,,70.6,60.6,,56.8,,,8.3,70.7
710326,95.0,53.0,,,40.7,42.0,,,55.7,44.4,,50.7,,,13.3,66.0
710327,95.0,95.0,,,,95.0,,,93.1,,,95.0,,,,95.0
710342,95.0,83.6,,,70.0,72.7,,,90.6,57.1,,77.5,76.9,,31.3,85.4
710LEA,95.0,73.5,,,47.4,57.5,26.7,,79.5,59.7,,68.1,78.6,73.9,18.6,81.3
720316,94.7,54.5,,,25.7,49.2,,,51.9,,,56.9,,,5.0,68.5
720LEA,94.7,54.5,,,25.7,49.2,,,51.9,,,56.9,,,5.0,68.5
730352,93.5,59.3,,,37.4,42.9,,,60.4,59.3,,58.3,,63.6,15.8,75.2
730LEA,93.5,59.3,,,37.4,42.9,,,60.4,59.3,,58.3,,63.6,15.8,75.2
73B000,95.0,85.7,,,72.7,,,,87.8,,,83.3,,,,89.2
740309,95.0,59.1,,,42.4,47.1,20.0,,59.8,50.0,,58.2,,,,78.1
740333,95.0,77.3,,,54.1,58.0,10.0,,79.6,64.9,,74.6,,,43.5,85.8
740344,95.0,63.8,,,52.1,36.1,,,61.5,,,66.2,,,,81.6
740366,95.0,61.6,,80.0,33.9,38.1,30.8,,59.3,73.9,,64.0,,,23.1,91.3
740374,90.5,53.5,,,44.1,45.3,14.3,,53.8,46.7,,53.3,,,20.0,79.2
740388,95.0,63.2,,,49.1,49.6,,,65.4,61.1,,60.6,,60.0,10.0,84.0
740LEA,95.0,64.9,,70.0,45.4,46.9,19.1,,65.8,58.0,,63.9,,58.3,25.3,84.5
750317,,95.0,,,,,,,,,,,,,,
750318,95.0,80.0,,,,74.0,,,80.8,66.7,,79.2,,,,84.0
750LEA,95.0,81.3,,,,76.4,,,82.1,66.7,,80.5,,,,85.0
760318,95.0,48.2,,,37.5,43.7,7.1,,44.7,44.4,,51.1,,33.3,5.0,54.2
760339,95.0,81.0,,,30.0,82.6,,,84.3,82.4,,77.2,,,,83.6
760348,95.0,70.1,,,,66.0,15.4,,66.0,64.6,,73.6,,,18.2,70.8
760354,95.0,89.4,,,,85.2,,,84.0,93.3,,95.0,,,,88.5
760358,95.0,68.0,,,,52.4,21.7,,76.0,46.5,,62.0,,,25.0,73.0
760380,95.0,68.5,,75.0,,65.5,,,81.7,50.0,,52.0,,,5.0,71.3
760388,95.0,78.2,,,,66.7,,,82.1,54.5,,74.7,,,15.4,81.6
760LEA,95.0,70.5,,81.8,46.3,61.5,18.2,,74.0,57.9,50.0,67.2,,56.3,13.8,74.5
761304,95.0,60.4,,,45.0,52.8,33.3,,63.6,55.0,,57.8,,,17.6,69.8
761LEA,95.0,60.4,,,45.0,52.8,33.3,,63.6,55.0,,57.8,,,17.6,69.8
76A000,,63.2,,,,80.0,,,70.8,,,53.1,,,10.0,64.8
770348,95.0,55.8,55.6,,37.2,43.0,40.0,,55.2,57.6,42.9,56.3,,,6.3,74.5
770349,95.0,90.6,,,76.9,95.0,,,89.1,,,94.4,,,,95.0
770LEA,95.0,60.1,63.6,,39.0,48.1,43.8,,61.8,60.5,42.9,58.4,,,6.3,78.8
780325,95.0,55.7,60.4,,44.4,55.4,,,60.9,,,50.7,,,5.0,75.0
780342,95.0,49.5,53.5,,34.7,36.7,5.6,,54.3,40.0,,43.7,,63.2,6.5,67.0
780385,95.0,95.0,92.9,,,,,,95.0,95.0,,95.0,,,,
780391,,47.5,53.1,,33.3,43.2,8.3,,51.2,44.8,,40.0,,,,
780401,95.0,60.2,51.6,,45.5,55.9,23.1,,66.3,63.0,,54.2,,,5.0,72.5
780402,,29.5,26.9,,22.6,19.0,,,33.9,,,24.5,,,5.0,
780420,95.0,43.7,45.3,,26.7,34.0,,,43.6,,,43.8,,,5.0,36.4
780LEA,95.0,49.7,47.8,,37.1,41.2,14.6,,53.3,54.8,,45.5,,64.4,5.0,69.0
790314,93.9,64.4,,,53.8,68.9,,,67.4,58.1,,61.8,,91.7,14.3,65.3
790354,89.8,52.9,,,42.5,45.8,27.3,,63.9,41.7,,41.5,,70.0,,57.0
790366,80.6,36.6,,,29.2,28.2,,,42.7,31.6,,30.0,,20.0,,52.1
790378,95.0,71.5,,,43.8,49.0,,,70.8,76.9,,72.2,,45.5,25.0,76.2
790379,95.0,94.8,,,72.7,93.8,,,95.0,,,88.2,,,,95.0
790LEA,93.1,60.4,,,40.9,49.5,25.9,,65.8,52.2,,54.7,,60.9,12.8,68.5
800340,93.9,57.4,,,25.0,43.3,,,62.1,26.3,,53.8,,,21.4,63.6
800361,95.0,68.6,,,61.5,42.3,9.1,,75.5,25.0,,60.6,,,20.0,74.4
800376,83.3,44.0,,,34.0,43.7,,,51.7,54.5,,36.2,,,8.3,57.1
800394,95.0,92.3,,,,88.9,,,88.9,80.0,,95.0,,,,95.0
800396,92.9,55.6,,,38.8,44.8,,,55.8,40.7,,55.3,,58.3,,87.8
800400,95.0,55.8,,,14.3,46.2,,,60.2,53.8,,50.5,,,5.0,60.3
800408,95.0,66.1,,,40.5,59.5,20.0,,72.2,66.7,,61.1,,,5.0,71.8
800LEA,95.0,61.2,,73.1,39.5,49.8,21.3,,66.5,48.4,61.5,55.9,,60.0,10.8,69.4
810324,95.0,77.5,,,,75.9,,,84.0,66.7,,70.0,,72.7,25.0,82.6
810340,95.0,79.3,,,50.0,63.0,,,86.3,,,71.6,,72.7,,87.1
810384,95.0,68.7,,,48.0,53.1,,,77.0,,,61.1,,,11.1,73.0
810385,95.0,95.0,,,,,,,95.0,,,95.0,,,,95.0
810386,,47.2,,,,66.7,,,53.8,,,43.5,,,,50.0
810LEA,95.0,74.5,,,47.4,66.1,,,82.1,67.5,,66.9,,72.4,17.0,79.0
81A000,,88.9,,,,,,,87.2,,,90.5,,,,91.3
81B000,,94.4,,,,,,,90.9,,,,,,,93.8
820324,,60.5,,,,57.1,,,52.2,58.3,,70.0,,,,72.7
820348,95.0,73.1,,,57.7,61.3,50.0,,76.8,73.6,,70.5,,,6.7,78.4
820349,95.0,56.0,,,31.0,50.0,,,55.9,52.9,,56.1,,,13.3,68.7
820352,95.0,70.0,,,50.0,42.9,46.7,,67.9,56.7,,72.1,,90.0,10.0,74.3
820388,,50.0,,,39.0,47.4,23.5,,46.8,50.0,,53.3,,,,57.7
820LEA,95.0,63.1,,,43.1,51.1,38.2,,61.3,59.9,,64.8,,81.0,12.2,72.0
821308,95.0,61.1,,,37.8,38.1,30.8,,62.0,57.6,,60.2,,,,88.1
821LEA,95.0,61.1,,,37.8,38.1,30.8,,62.0,57.6,,60.2,,,,88.1
830343,95.0,48.6,43.3,,39.9,40.8,,,58.6,25.0,,40.7,,40.0,10.7,69.2
830348,95.0,77.8,,,66.7,,,,84.0,,,63.6,,,,95.0
830LEA,95.0,51.1,45.5,,41.8,41.3,,,62.1,30.8,,41.7,,50.0,10.7,71.9
840302,,37.2,,,27.5,37.5,,,36.1,,,38.1,,,6.7,41.7
840332,95.0,66.9,,,50.0,62.5,,,67.7,,,66.2,,,31.3,68.9
840356,95.0,73.1,,,,62.1,,,78.0,,,67.4,,,,77.9
840361,,88.9,,,,,,,90.0,,,88.2,,,,94.1
840368,95.0,64.3,,,,57.1,,,66.7,27.8,,62.0,,,21.1,71.7
840LEA,95.0,63.3,,60.0,35.4,53.9,8.3,,64.6,39.4,,62.1,,64.7,19.6,70.9
84B000,,95.0,,,,,,,94.4,,,95.0,,,,95.0
850332,95.0,75.0,,,,71.1,,,80.0,,,67.6,,,29.4,75.6
850352,95.0,69.0,,,,59.0,,,69.2,,,68.8,,,21.4,69.0
850358,95.0,75.0,,,,67.9,,,79.0,,,71.7,,,43.5,76.0
850360,95.0,93.8,,,,95.0,,,86.7,,,95.0,,,,95.0
850LEA,95.0,74.6,,,,68.5,,,76.8,64.3,,72.5,,63.6,33.9,75.3
860316,95.0,77.1,,,,68.0,,,82.9,,,71.6,,,,80.8
860336,92.9,54.1,,,,47.3,,,60.0,59.1,,47.9,,,28.6,55.6
860352,95.0,61.2,,,,48.2,14.3,,73.5,48.5,,49.5,,,11.8,66.7
860354,92.3,88.2,,,,84.1,,,86.7,80.0,,90.3,,,,91.7
860LEA,95.0,65.9,,,25.0,56.5,22.6,,73.2,56.9,,58.4,,50.0,25.0,69.3
861308,95.0,77.8,,,,56.5,,,81.8,53.8,,73.9,,,,81.2
861LEA,95.0,77.8,,,,56.5,,,81.8,53.8,,73.9,,,,81.2
862312,95.0,75.8,,,36.4,54.1,,,79.1,53.8,,73.2,,,,88.4
862LEA,95.0,75.8,,,36.4,54.1,,,79.1,53.8,,73.2,,,,88.4
86T000,,91.7,,,,,,,84.6,,,95.0,,,,90.9
870314,95.0,69.0,64.7,,,61.0,,,81.1,,,55.3,,,,75.4
870LEA,95.0,69.0,64.7,,,61.0,,,81.1,,,55.3,,,,75.4
880308,95.0,80.3,,,50.0,65.4,,,83.7,,,76.5,,,37.0,83.0
880328,,81.8,,,,75.0,,,91.2,,,71.9,,,,83.6
880LEA,95.0,78.6,,,46.2,66.7,,,84.4,80.0,,72.5,,,34.3,81.3
890304,,60.0,,,30.0,30.0,,,60.0,,,60.0,,,,72.7
890LEA,,60.0,,,30.0,30.0,,,60.0,,,60.0,,,,72.7
900311,95.0,89.9,,95.0,84.0,84.6,,,91.9,64.7,,87.8,,,50.0,91.7
900316,93.8,47.1,,,37.5,39.8,,,52.5,43.6,,41.7,,,17.2,56.3
900336,95.0,50.9,,,40.0,49.0,28.2,,52.3,52.8,,49.6,,,36.8,65.9
900342,95.0,72.9,,,54.5,63.0,,,73.3,56.3,,72.4,,,23.5,79.6
900344,95.0,72.2,,,50.0,60.4,,,79.2,63.6,,65.4,,,27.8,76.3
900348,95.0,80.2,,,59.1,67.4,,,82.1,60.9,,78.1,,,39.1,83.6
900360,95.0,70.5,,,44.6,58.0,,,68.4,58.3,,72.9,,72.2,32.5,78.2
900366,95.0,95.0,,,95.0,95.0,,,95.0,95.0,,95.0,,,,95.0
900367,95.0,95.0,,,,95.0,,,95.0,95.0,,95.0,,,,95.0
900377,95.0,90.3,,93.3,94.1,,,,90.8,,,89.9,,,55.6,91.0
900393,95.0,94.0,,95.0,78.9,,,,93.4,75.0,,94.6,,95.0,75.0,94.9
900LEA,95.0,78.4,,93.3,55.4,57.7,30.8,,79.8,60.7,45.5,77.0,,78.5,38.9,85.3
90A000,,78.8,,,,,,,76.0,47.4,,84.2,,,,86.7
910364,72.7,32.0,,,23.8,30.2,10.0,,40.3,38.2,,24.0,,,5.0,48.1
910368,,11.5,,,10.5,5.6,,,9.1,,,13.3,,,,
910370,78.6,33.1,,,33.0,18.2,,,38.2,,,26.8,,,7.1,41.7
910382,,80.0,,,,,,,,,,,,,,
910LEA,75.9,33.0,,,29.5,23.9,5.3,,39.3,32.7,,26.5,,33.3,8.1,47.5
920316,95.0,85.6,,95.0,45.9,62.2,,,88.7,67.4,,82.6,,,46.2,91.6
920317,95.0,83.5,,94.7,70.2,56.7,,,88.2,73.3,,79.2,,94.1,29.6,85.3
920318,95.0,66.7,,82.4,33.7,29.6,18.2,,67.4,34.5,,66.0,,62.5,18.8,90.1
920348,95.0,71.7,,68.4,38.5,39.4,16.1,,74.6,46.2,36.4,68.4,,,43.8,90.6
920368,95.0,70.3,,77.3,44.5,49.3,26.3,,71.9,44.1,,68.5,,88.5,38.6,87.8
920386,,87.0,,,,,,,80.0,,,,,,,90.0
920411,82.9,47.1,,,31.7,39.1,5.0,,49.2,47.3,,45.3,,46.2,11.5,67.5
920412,95.0,77.4,,95.0,46.6,36.9,16.7,,77.3,45.5,,77.4,,72.2,22.7,95.0
920428,95.0,69.6,,,42.1,41.6,6.3,,73.3,45.1,,66.0,,60.9,30.0,82.4
920436,95.0,60.2,,75.0,42.8,45.1,18.5,,63.1,46.2,20.0,56.9,,52.9,18.4,85.1
920441,95.0,89.4,,95.0,62.3,67.3,78.1,,89.8,84.0,,89.0,,90.9,48.6,91.9
920445,95.0,80.5,,86.7,60.5,50.0,30.4,,80.4,66.1,,80.5,,75.0,56.3,89.9
920455,95.0,74.9,,70.0,41.0,35.9,,,75.4,60.4,,74.4,,66.7,41.3,82.1
920466,81.3,47.7,,,38.9,40.6,20.0,,45.4,43.3,,50.6,,50.0,12.5,76.4
920473,95.0,79.3,,84.2,46.7,45.5,23.1,,82.5,62.5,,75.5,,69.2,24.2,91.6
920495,95.0,70.9,,,41.7,34.5,20.8,,70.2,37.2,,71.5,,78.6,44.2,86.2
920500,95.0,73.5,,68.8,48.3,46.0,22.2,,73.5,62.9,,73.5,,55.6,21.9,92.7
920526,95.0,91.3,,95.0,66.2,70.4,81.8,,93.0,87.2,,89.6,,94.7,47.2,93.5
920528,,7.1,,,5.0,5.0,,,5.6,,,10.0,,,,
920546,93.7,55.7,,84.2,43.4,38.4,16.7,,55.6,35.4,,55.9,,75.0,14.6,75.0
920552,95.0,71.6,,,45.7,43.8,14.3,,74.4,51.9,,68.8,,45.5,40.5,88.3
920556,,15.8,,,6.7,15.4,,,15.4,5.0,,16.1,,,,46.7
920562,95.0,41.2,,,35.6,32.8,20.0,,40.0,33.3,,42.3,,,15.4,86.4
920581,,74.1,,,75.0,65.2,,,78.6,70.0,,69.2,,,50.0,76.5
920582,95.0,95.0,,,,,,,95.0,,,95.0,,,,95.0
920583,95.0,94.7,,,95.0,,,,93.3,82.4,,95.0,,,,95.0
920585,95.0,75.0,,,53.8,,,,,,,75.0,,,,
920586,,86.7,,,83.3,83.3,,,86.7,,,,,,,
920588,95.0,75.5,,80.0,46.8,48.8,26.7,,75.8,59.5,,75.2,,56.3,28.9,86.8
920595,95.0,69.6,,87.0,43.4,40.9,30.8,,69.7,49.2,,69.5,,75.0,33.3,88.9
920LEA,95.0,72.4,61.3,91.1,44.8,42.8,26.2,,73.4,51.5,39.7,71.3,85.7,69.8,31.7,88.0
92F000,,92.2,,,,,,,91.0,,,93.8,,,,92.6
92G000,95.0,84.0,,,,,,,88.9,,,76.7,,,,85.5
92K000,,95.0,,95.0,,,,,95.0,,,95.0,,,,95.0
92P000,,79.2,,,,,,,95.0,,,67.9,,,,85.4
92U000,,90.6,,,,,,,89.7,,,92.9,,,,95.0
930352,80.0,48.9,,,44.3,54.1,,,53.5,,,44.7,,,,
930360,,80.0,,,,,,,,,,,,,,
930700,,61.3,,,55.0,,,,60.9,,,,,,,
930LEA,90.0,55.1,,,49.5,50.0,,,58.3,50.0,,51.6,,,,73.7
93A000,,54.5,54.5,,,,,,,,,,,,,
93L000,,37.5,,,25.0,,,,40.0,,,35.7,,,,
940308,,27.6,,,6.7,5.0,,,33.3,,,21.4,,,,50.0
940316,,29.0,,,27.9,28.1,,,27.3,,,30.6,,,,
940LEA,81.8,28.6,,,23.7,20.9,,,29.2,,,28.0,,,9.1,53.3
94Z000,,82.4,,,70.0,,,,84.6,,,80.0,,,,86.8
950336,95.0,84.5,,,,59.5,,,88.2,50.0,,79.4,,,41.7,87.4
950338,95.0,85.2,,,,78.3,,,78.3,,,87.9,,,45.5,89.2
950LEA,95.0,84.7,,,,66.7,,,86.8,42.9,,82.6,,60.0,42.9,87.9
960324,95.0,70.8,,,41.3,52.1,,,73.3,58.6,,68.6,81.3,,25.0,80.3
960330,95.0,51.8,,,41.2,40.9,,,58.6,41.2,,44.8,,,,71.2
960335,,28.0,,,25.8,26.7,,,33.3,,,22.0,,,5.0,
960372,95.0,78.0,,,63.2,68.8,,,80.9,60.0,,75.8,,,,83.8
960380,95.0,49.6,,,37.8,44.4,26.1,,47.7,47.1,,51.3,,,10.0,66.2
960386,,71.6,,,50.0,71.1,,,70.8,74.1,,72.6,,,,76.6
960490,95.0,87.5,,,,78.3,,,86.5,81.0,,89.5,,,,95.0
960700,95.0,90.0,,,,,,,91.7,,,88.5,,,,95.0
960LEA,95.0,61.5,,83.3,39.3,49.7,22.2,,63.8,59.4,,59.2,81.3,65.6,21.1,79.1
970320,95.0,66.9,,,,54.3,,,62.7,,,70.0,,,,64.9
970356,95.0,70.0,,,,57.8,,,73.8,57.1,,65.8,,,,71.5
970388,95.0,66.0,,,,57.1,,,74.6,63.6,,60.0,,,21.4,66.2
970390,90.9,56.7,,,55.6,44.3,20.0,,62.1,44.4,,50.6,,,5.0,60.5
970393,,68.3,,,,71.4,,,68.2,46.7,,68.4,,,,84.0
970LEA,95.0,64.8,,,52.6,53.3,22.7,,68.3,53.1,46.7,61.5,,58.3,13.2,67.0
980318,95.0,62.1,,,47.3,58.4,,,67.4,78.4,,56.3,,,,84.6
980336,95.0,68.2,,,47.0,41.0,,,74.6,72.7,,61.2,,,21.4,88.3
980342,95.0,60.1,,,45.2,42.4,9.1,,57.4,43.2,,63.0,,,13.3,82.0
980398,95.0,91.2,,,81.0,94.1,,,92.5,95.0,,88.2,,,,95.0
980LEA,95.0,65.4,,,48.1,50.0,19.0,,68.6,67.6,,61.8,,71.4,18.2,86.0
990322,95.0,69.2,,,,44.6,15.4,,74.7,42.1,,64.8,,,18.2,78.5
990326,95.0,60.0,,,,45.9,,,60.3,44.8,,59.7,,,14.3,63.9
990332,95.0,87.0,,,,88.9,,,83.3,78.6,,89.3,,,,90.0
990LEA,95.0,67.8,,,42.9,50.0,14.3,,69.8,49.4,,66.2,,,20.7,74.5
995330,94.1,75.7,,,,69.8,,,86.2,40.0,,63.9,,,33.3,77.9
995LEA,94.1,75.7,,,,69.8,,,86.2,40.0,,63.9,,,33.3,77.9
NC-SEA,95.0,66.5,53.7,80.9,43.4,49.8,24.4,41.7,69.0,54.4,44.2,64.0,75.0,65.6,21.9,79.7
