year,agency_code,total_nbpts_num,category_code,nbpts_num
2018,00A000,11705,A,
2018,00B000,11705,A,
2018,010303,11705,H,2.0
2018,010304,11705,E,5.0
2018,010308,11705,E,7.0
2018,010310,11705,M,2.0
2018,010311,11705,H,3.0
2018,010312,11705,E,4.0
2018,010320,11705,E,6.0
2018,010324,11705,H,12.0
2018,010326,11705,E,1.0
2018,010328,11705,E,8.0
2018,010340,11705,E,4.0
2018,010346,11705,E,2.0
2018,010347,11705,E,9.0
2018,010348,11705,H,1.0
2018,010350,11705,M,1.0
2018,010351,11705,E,3.0
2018,010353,11705,M,5.0
2018,010354,11705,E,1.0
2018,010357,11705,E,3.0
2018,010358,11705,E,5.0
2018,010360,11705,H,4.0
2018,010362,11705,E,7.0
2018,010364,11705,E,1.0
2018,010372,11705,E,1.0
2018,010374,11705,E,4.0
2018,010378,11705,A,5.0
2018,010380,11705,E,4.0
2018,010384,11705,E,10.0
2018,010388,11705,H,7.0
2018,010390,11705,M,4.0
2018,010392,11705,E,4.0
2018,010394,11705,M,3.0
2018,010396,11705,H,7.0
2018,010400,11705,H,6.0
2018,010403,11705,M,4.0
2018,010406,11705,M,6.0
2018,010LEA,11705,A,5.0
2018,010LEA,11705,E,4.0
2018,010LEA,11705,H,5.0
2018,010LEA,11705,M,4.0
2018,01B000,11705,A,
2018,01C000,11705,A,
2018,01D000,11705,A,
2018,020302,11705,H,22.0
2018,020303,11705,H,3.0
2018,020304,11705,E,6.0
2018,020306,11705,M,6.0
2018,020308,11705,E,10.0
2018,020316,11705,E,6.0
2018,020320,11705,E,2.0
2018,020324,11705,E,9.0
2018,020328,11705,E,5.0
2018,020330,11705,M,7.0
2018,020332,11705,E,3.0
2018,020LEA,11705,E,6.0
2018,020LEA,11705,H,13.0
2018,020LEA,11705,M,7.0
2018,030304,11705,H,4.0
2018,030308,11705,I,5.0
2018,030316,11705,I,4.0
2018,030320,11705,I,7.0
2018,030LEA,11705,H,4.0
2018,030LEA,11705,I,5.0
2018,040304,11705,H,1.0
2018,040305,11705,T,1.0
2018,040306,11705,H,2.0
2018,040308,11705,E,3.0
2018,040309,11705,M,1.0
2018,040311,11705,E,2.0
2018,040316,11705,E,1.0
2018,040324,11705,E,1.0
2018,040328,11705,E,3.0
2018,040330,11705,E,1.0
2018,040LEA,11705,E,2.0
2018,040LEA,11705,H,2.0
2018,040LEA,11705,M,1.0
2018,040LEA,11705,T,1.0
2018,050302,11705,H,9.0
2018,050305,11705,M,6.0
2018,050310,11705,E,5.0
2018,050330,11705,E,9.0
2018,050335,11705,E,4.0
2018,050LEA,11705,E,6.0
2018,050LEA,11705,H,9.0
2018,050LEA,11705,M,6.0
2018,060302,11705,H,3.0
2018,060304,11705,E,2.0
2018,060310,11705,M,1.0
2018,060316,11705,E,5.0
2018,060318,11705,M,1.0
2018,060322,11705,E,3.0
2018,060328,11705,E,2.0
2018,060332,11705,E,1.0
2018,060334,11705,T,1.0
2018,060700,11705,H,1.0
2018,060701,11705,H,1.0
2018,060LEA,11705,E,3.0
2018,060LEA,11705,H,2.0
2018,060LEA,11705,M,1.0
2018,060LEA,11705,T,1.0
2018,06A000,11705,A,
2018,06B000,11705,A,
2018,070302,11705,E,4.0
2018,070308,11705,I,6.0
2018,070310,11705,T,1.0
2018,070311,11705,H,3.0
2018,070325,11705,M,1.0
2018,070326,11705,E,9.0
2018,070327,11705,E,8.0
2018,070328,11705,E,2.0
2018,070329,11705,I,5.0
2018,070330,11705,H,3.0
2018,070338,11705,M,1.0
2018,070339,11705,H,3.0
2018,070340,11705,I,0.0
2018,070342,11705,H,9.0
2018,070LEA,11705,E,6.0
2018,070LEA,11705,H,5.0
2018,070LEA,11705,I,4.0
2018,070LEA,11705,M,1.0
2018,070LEA,11705,T,1.0
2018,07A000,11705,A,
2018,080311,11705,H,1.0
2018,080312,11705,H,1.0
2018,080314,11705,M,4.0
2018,080348,11705,E,0.0
2018,080356,11705,E,1.0
2018,080360,11705,E,1.0
2018,080362,11705,E,4.0
2018,080LEA,11705,E,2.0
2018,080LEA,11705,H,1.0
2018,080LEA,11705,M,4.0
2018,080LEA,11705,T,
2018,08A000,11705,E,
2018,090304,11705,E,0.0
2018,090315,11705,M,1.0
2018,090317,11705,E,6.0
2018,090318,11705,E,1.0
2018,090320,11705,M,3.0
2018,090324,11705,E,1.0
2018,090328,11705,I,1.0
2018,090330,11705,H,4.0
2018,090332,11705,M,1.0
2018,090333,11705,E,1.0
2018,090352,11705,E,1.0
2018,090365,11705,M,1.0
2018,090368,11705,H,1.0
2018,090LEA,11705,E,2.0
2018,090LEA,11705,H,3.0
2018,090LEA,11705,I,1.0
2018,090LEA,11705,M,2.0
2018,090LEA,11705,T,
2018,09A000,11705,T,
2018,09B000,11705,E,
2018,100302,11705,E,7.0
2018,100304,11705,E,2.0
2018,100307,11705,H,4.0
2018,100308,11705,T,3.0
2018,100309,11705,M,4.0
2018,100310,11705,E,3.0
2018,100316,11705,M,5.0
2018,100320,11705,E,3.0
2018,100326,11705,H,6.0
2018,100332,11705,M,5.0
2018,100334,11705,H,13.0
2018,100335,11705,M,10.0
2018,100336,11705,E,7.0
2018,100338,11705,E,2.0
2018,100339,11705,E,5.0
2018,100340,11705,E,10.0
2018,100342,11705,E,0.0
2018,100344,11705,I,3.0
2018,100348,11705,H,10.0
2018,100LEA,11705,E,4.0
2018,100LEA,11705,H,8.0
2018,100LEA,11705,I,3.0
2018,100LEA,11705,M,6.0
2018,100LEA,11705,T,3.0
2018,10A000,11705,I,
2018,10B000,11705,E,
2018,110303,11705,H,1.0
2018,110304,11705,H,11.0
2018,110306,11705,M,14.0
2018,110308,11705,E,2.0
2018,110318,11705,E,3.0
2018,110320,11705,E,7.0
2018,110322,11705,H,5.0
2018,110323,11705,H,1.0
2018,110324,11705,E,5.0
2018,110326,11705,M,12.0
2018,110332,11705,E,0.0
2018,110336,11705,H,20.0
2018,110338,11705,M,14.0
2018,110340,11705,H,9.0
2018,110342,11705,M,4.0
2018,110348,11705,E,4.0
2018,110352,11705,H,16.0
2018,110356,11705,E,10.0
2018,110366,11705,E,7.0
2018,110368,11705,E,10.0
2018,110370,11705,E,10.0
2018,110372,11705,E,6.0
2018,110376,11705,E,5.0
2018,110379,11705,E,11.0
2018,110380,11705,H,19.0
2018,110381,11705,M,9.0
2018,110382,11705,M,10.0
2018,110384,11705,E,4.0
2018,110388,11705,E,1.0
2018,110401,11705,M,4.0
2018,110408,11705,E,2.0
2018,110410,11705,E,9.0
2018,110412,11705,E,9.0
2018,110416,11705,H,29.0
2018,110420,11705,M,12.0
2018,110422,11705,E,10.0
2018,110425,11705,M,8.0
2018,110428,11705,E,5.0
2018,110432,11705,E,3.0
2018,110436,11705,E,9.0
2018,110444,11705,E,2.0
2018,110450,11705,M,8.0
2018,110451,11705,M,4.0
2018,110500,11705,H,4.0
2018,110LEA,11705,E,6.0
2018,110LEA,11705,H,12.0
2018,110LEA,11705,M,9.0
2018,111302,11705,H,23.0
2018,111304,11705,E,2.0
2018,111306,11705,E,12.0
2018,111307,11705,E,2.0
2018,111312,11705,E,3.0
2018,111332,11705,E,5.0
2018,111356,11705,M,11.0
2018,111360,11705,E,3.0
2018,111369,11705,M,2.0
2018,111700,11705,H,8.0
2018,111LEA,11705,E,5.0
2018,111LEA,11705,H,16.0
2018,111LEA,11705,M,7.0
2018,111LEA,11705,T,
2018,11A000,11705,I,
2018,11B000,11705,I,
2018,11C000,11705,A,
2018,11D000,11705,T,
2018,11K000,11705,I,
2018,120304,11705,E,1.0
2018,120308,11705,T,0.0
2018,120310,11705,H,2.0
2018,120312,11705,E,5.0
2018,120314,11705,H,12.0
2018,120315,11705,M,7.0
2018,120316,11705,E,4.0
2018,120318,11705,H,10.0
2018,120320,11705,E,2.0
2018,120324,11705,E,5.0
2018,120334,11705,M,7.0
2018,120338,11705,E,2.0
2018,120340,11705,E,4.0
2018,120344,11705,E,5.0
2018,120346,11705,H,4.0
2018,120350,11705,M,7.0
2018,120352,11705,A,2.0
2018,120360,11705,E,4.0
2018,120364,11705,E,8.0
2018,120368,11705,E,4.0
2018,120370,11705,H,15.0
2018,120372,11705,E,5.0
2018,120374,11705,E,9.0
2018,120376,11705,M,0.0
2018,120380,11705,E,10.0
2018,120386,11705,E,5.0
2018,120390,11705,M,4.0
2018,120LEA,11705,A,2.0
2018,120LEA,11705,E,5.0
2018,120LEA,11705,H,9.0
2018,120LEA,11705,M,5.0
2018,120LEA,11705,T,0.0
2018,12A000,11705,I,
2018,130304,11705,E,5.0
2018,130307,11705,H,9.0
2018,130308,11705,E,3.0
2018,130309,11705,E,1.0
2018,130310,11705,H,14.0
2018,130311,11705,E,6.0
2018,130312,11705,E,2.0
2018,130313,11705,M,8.0
2018,130314,11705,H,9.0
2018,130315,11705,M,5.0
2018,130316,11705,H,15.0
2018,130317,11705,T,0.0
2018,130318,11705,M,8.0
2018,130319,11705,E,12.0
2018,130320,11705,M,8.0
2018,130321,11705,E,10.0
2018,130322,11705,E,6.0
2018,130323,11705,M,4.0
2018,130324,11705,H,9.0
2018,130325,11705,E,9.0
2018,130326,11705,H,6.0
2018,130327,11705,M,9.0
2018,130328,11705,E,1.0
2018,130329,11705,E,7.0
2018,130330,11705,E,4.0
2018,130331,11705,E,8.0
2018,130332,11705,H,11.0
2018,130333,11705,T,1.0
2018,130336,11705,E,8.0
2018,130337,11705,E,4.0
2018,130338,11705,E,14.0
2018,130340,11705,E,5.0
2018,130342,11705,E,4.0
2018,130344,11705,E,5.0
2018,130345,11705,E,10.0
2018,130346,11705,M,9.0
2018,130349,11705,H,1.0
2018,130350,11705,H,2.0
2018,130355,11705,M,8.0
2018,130LEA,11705,E,6.0
2018,130LEA,11705,H,8.0
2018,130LEA,11705,M,7.0
2018,130LEA,11705,T,1.0
2018,132304,11705,H,15.0
2018,132308,11705,E,6.0
2018,132312,11705,E,3.0
2018,132314,11705,E,5.0
2018,132328,11705,E,6.0
2018,132330,11705,M,12.0
2018,132332,11705,E,5.0
2018,132336,11705,E,3.0
2018,132LEA,11705,E,5.0
2018,132LEA,11705,H,15.0
2018,132LEA,11705,M,12.0
2018,13A000,11705,A,
2018,13B000,11705,A,
2018,13C000,11705,I,
2018,13D000,11705,I,
2018,140304,11705,E,3.0
2018,140305,11705,H,5.0
2018,140306,11705,T,1.0
2018,140307,11705,E,2.0
2018,140308,11705,I,10.0
2018,140309,11705,H,5.0
2018,140312,11705,E,6.0
2018,140316,11705,E,6.0
2018,140324,11705,E,3.0
2018,140332,11705,M,7.0
2018,140336,11705,M,11.0
2018,140340,11705,E,7.0
2018,140344,11705,I,4.0
2018,140348,11705,H,11.0
2018,140352,11705,E,10.0
2018,140356,11705,M,10.0
2018,140360,11705,I,1.0
2018,140368,11705,M,3.0
2018,140372,11705,E,5.0
2018,140376,11705,I,2.0
2018,140384,11705,E,9.0
2018,140386,11705,H,23.0
2018,140388,11705,E,1.0
2018,140390,11705,H,10.0
2018,140392,11705,E,2.0
2018,140396,11705,E,8.0
2018,140LEA,11705,E,5.0
2018,140LEA,11705,H,11.0
2018,140LEA,11705,I,4.0
2018,140LEA,11705,M,8.0
2018,140LEA,11705,T,1.0
2018,150304,11705,H,7.0
2018,150308,11705,E,7.0
2018,150310,11705,E,6.0
2018,150312,11705,M,4.0
2018,150350,11705,H,2.0
2018,150LEA,11705,E,7.0
2018,150LEA,11705,H,5.0
2018,150LEA,11705,M,4.0
2018,160304,11705,E,0.0
2018,160306,11705,E,7.0
2018,160308,11705,E,7.0
2018,160309,11705,A,1.0
2018,160310,11705,M,2.0
2018,160311,11705,M,7.0
2018,160313,11705,H,7.0
2018,160314,11705,H,13.0
2018,160316,11705,E,0.0
2018,160317,11705,E,2.0
2018,160318,11705,M,8.0
2018,160322,11705,E,14.0
2018,160324,11705,E,7.0
2018,160326,11705,M,10.0
2018,160332,11705,I,1.0
2018,160344,11705,H,9.0
2018,160352,11705,E,4.0
2018,160LEA,11705,A,1.0
2018,160LEA,11705,E,5.0
2018,160LEA,11705,H,10.0
2018,160LEA,11705,I,1.0
2018,160LEA,11705,M,7.0
2018,160LEA,11705,T,
2018,16B000,11705,E,
2018,170316,11705,H,7.0
2018,170334,11705,E,1.0
2018,170338,11705,M,4.0
2018,170339,11705,E,0.0
2018,170342,11705,E,3.0
2018,170344,11705,E,2.0
2018,170LEA,11705,E,2.0
2018,170LEA,11705,H,7.0
2018,170LEA,11705,M,4.0
2018,180302,11705,M,6.0
2018,180304,11705,E,7.0
2018,180308,11705,H,8.0
2018,180312,11705,E,0.0
2018,180316,11705,E,4.0
2018,180320,11705,H,7.0
2018,180323,11705,A,0.0
2018,180324,11705,E,5.0
2018,180325,11705,H,2.0
2018,180326,11705,E,4.0
2018,180332,11705,E,5.0
2018,180336,11705,E,10.0
2018,180340,11705,H,11.0
2018,180342,11705,M,8.0
2018,180343,11705,E,8.0
2018,180344,11705,E,1.0
2018,180346,11705,M,6.0
2018,180348,11705,H,11.0
2018,180352,11705,M,5.0
2018,180356,11705,E,10.0
2018,180360,11705,E,9.0
2018,180364,11705,M,2.0
2018,180368,11705,E,5.0
2018,180372,11705,E,4.0
2018,180376,11705,H,11.0
2018,180379,11705,E,7.0
2018,180380,11705,E,9.0
2018,180388,11705,E,3.0
2018,180LEA,11705,A,0.0
2018,180LEA,11705,E,6.0
2018,180LEA,11705,H,8.0
2018,180LEA,11705,M,5.0
2018,180LEA,11705,T,
2018,181312,11705,M,3.0
2018,181316,11705,M,4.0
2018,181318,11705,T,0.0
2018,181322,11705,H,7.0
2018,181326,11705,E,3.0
2018,181332,11705,E,3.0
2018,181336,11705,E,3.0
2018,181342,11705,E,3.0
2018,181344,11705,E,2.0
2018,181LEA,11705,E,3.0
2018,181LEA,11705,H,7.0
2018,181LEA,11705,M,4.0
2018,181LEA,11705,T,0.0
2018,182304,11705,A,1.0
2018,182316,11705,H,7.0
2018,182321,11705,M,8.0
2018,182322,11705,E,3.0
2018,182324,11705,E,3.0
2018,182328,11705,E,0.0
2018,182700,11705,H,2.0
2018,182LEA,11705,A,1.0
2018,182LEA,11705,E,2.0
2018,182LEA,11705,H,5.0
2018,182LEA,11705,M,8.0
2018,190304,11705,I,3.0
2018,190308,11705,I,8.0
2018,190310,11705,H,0.0
2018,190312,11705,M,4.0
2018,190316,11705,H,5.0
2018,190328,11705,M,5.0
2018,190332,11705,I,6.0
2018,190336,11705,H,11.0
2018,190339,11705,M,6.0
2018,190340,11705,I,5.0
2018,190341,11705,E,8.0
2018,190342,11705,H,11.0
2018,190346,11705,E,9.0
2018,190348,11705,E,2.0
2018,190350,11705,E,2.0
2018,190352,11705,I,3.0
2018,190370,11705,E,3.0
2018,190501,11705,H,
2018,190LEA,11705,E,5.0
2018,190LEA,11705,H,7.0
2018,190LEA,11705,I,5.0
2018,190LEA,11705,M,5.0
2018,19A000,11705,A,
2018,19B000,11705,A,
2018,19C000,11705,I,
2018,200304,11705,E,3.0
2018,200308,11705,H,2.0
2018,200310,11705,M,6.0
2018,200312,11705,I,1.0
2018,200314,11705,H,2.0
2018,200320,11705,I,5.0
2018,200322,11705,T,2.0
2018,200324,11705,E,8.0
2018,200328,11705,H,4.0
2018,200330,11705,M,8.0
2018,200332,11705,E,2.0
2018,200336,11705,I,3.0
2018,200350,11705,H,1.0
2018,200LEA,11705,E,4.0
2018,200LEA,11705,H,2.0
2018,200LEA,11705,I,3.0
2018,200LEA,11705,M,7.0
2018,200LEA,11705,T,2.0
2018,20A000,11705,I,
2018,210304,11705,M,7.0
2018,210306,11705,E,12.0
2018,210312,11705,H,5.0
2018,210316,11705,E,8.0
2018,210LEA,11705,E,10.0
2018,210LEA,11705,H,5.0
2018,210LEA,11705,M,7.0
2018,220308,11705,E,5.0
2018,220310,11705,H,11.0
2018,220312,11705,M,3.0
2018,220LEA,11705,E,5.0
2018,220LEA,11705,H,11.0
2018,220LEA,11705,M,3.0
2018,230304,11705,E,5.0
2018,230308,11705,E,7.0
2018,230312,11705,H,10.0
2018,230316,11705,M,7.0
2018,230320,11705,E,4.0
2018,230322,11705,H,5.0
2018,230324,11705,H,18.0
2018,230328,11705,M,8.0
2018,230330,11705,T,2.0
2018,230334,11705,E,1.0
2018,230336,11705,M,9.0
2018,230340,11705,E,2.0
2018,230342,11705,E,1.0
2018,230344,11705,E,6.0
2018,230346,11705,E,1.0
2018,230348,11705,E,6.0
2018,230350,11705,H,18.0
2018,230351,11705,M,7.0
2018,230352,11705,M,8.0
2018,230355,11705,E,6.0
2018,230357,11705,E,5.0
2018,230359,11705,A,1.0
2018,230361,11705,H,12.0
2018,230362,11705,M,3.0
2018,230364,11705,E,8.0
2018,230368,11705,E,5.0
2018,230370,11705,E,5.0
2018,230376,11705,E,2.0
2018,230380,11705,E,1.0
2018,230LEA,11705,A,1.0
2018,230LEA,11705,E,4.0
2018,230LEA,11705,H,13.0
2018,230LEA,11705,M,7.0
2018,230LEA,11705,T,2.0
2018,23A000,11705,A,
2018,240304,11705,M,0.0
2018,240308,11705,E,2.0
2018,240328,11705,I,5.0
2018,240330,11705,M,0.0
2018,240332,11705,E,0.0
2018,240334,11705,H,0.0
2018,240344,11705,I,1.0
2018,240352,11705,E,2.0
2018,240354,11705,E,1.0
2018,240356,11705,M,0.0
2018,240368,11705,M,2.0
2018,240370,11705,E,5.0
2018,240371,11705,H,7.0
2018,240372,11705,E,0.0
2018,240373,11705,H,2.0
2018,240376,11705,M,0.0
2018,240380,11705,H,2.0
2018,240388,11705,I,3.0
2018,240LEA,11705,A,
2018,240LEA,11705,E,2.0
2018,240LEA,11705,H,3.0
2018,240LEA,11705,I,3.0
2018,240LEA,11705,M,0.0
2018,240LEA,11705,T,
2018,241304,11705,M,5.0
2018,241308,11705,E,8.0
2018,241312,11705,T,0.0
2018,241316,11705,H,0.0
2018,241320,11705,E,11.0
2018,241LEA,11705,A,
2018,241LEA,11705,E,10.0
2018,241LEA,11705,H,0.0
2018,241LEA,11705,M,5.0
2018,241LEA,11705,T,0.0
2018,24B000,11705,T,
2018,24N000,11705,I,
2018,250304,11705,E,1.0
2018,250306,11705,E,5.0
2018,250308,11705,E,5.0
2018,250312,11705,E,4.0
2018,250314,11705,H,1.0
2018,250316,11705,E,4.0
2018,250320,11705,E,6.0
2018,250321,11705,H,0.0
2018,250324,11705,M,1.0
2018,250328,11705,E,0.0
2018,250332,11705,M,4.0
2018,250336,11705,E,1.0
2018,250340,11705,H,6.0
2018,250344,11705,M,1.0
2018,250348,11705,E,2.0
2018,250350,11705,E,2.0
2018,250356,11705,H,7.0
2018,250360,11705,E,2.0
2018,250362,11705,E,0.0
2018,250364,11705,E,0.0
2018,250368,11705,M,6.0
2018,250372,11705,H,1.0
2018,250376,11705,M,4.0
2018,250378,11705,E,2.0
2018,250380,11705,E,4.0
2018,250LEA,11705,E,3.0
2018,250LEA,11705,H,3.0
2018,250LEA,11705,M,3.0
2018,260302,11705,E,0.0
2018,260306,11705,E,4.0
2018,260308,11705,E,0.0
2018,260310,11705,E,1.0
2018,260312,11705,E,1.0
2018,260316,11705,E,0.0
2018,260318,11705,H,18.0
2018,260320,11705,E,0.0
2018,260321,11705,M,2.0
2018,260322,11705,H,2.0
2018,260325,11705,H,7.0
2018,260326,11705,E,1.0
2018,260332,11705,E,4.0
2018,260336,11705,M,0.0
2018,260338,11705,E,1.0
2018,260340,11705,E,0.0
2018,260342,11705,E,2.0
2018,260344,11705,E,0.0
2018,260347,11705,H,0.0
2018,260348,11705,E,1.0
2018,260352,11705,E,1.0
2018,260354,11705,H,2.0
2018,260356,11705,E,4.0
2018,260357,11705,H,7.0
2018,260358,11705,M,0.0
2018,260359,11705,H,3.0
2018,260361,11705,E,1.0
2018,260362,11705,M,2.0
2018,260363,11705,E,1.0
2018,260364,11705,E,6.0
2018,260365,11705,M,2.0
2018,260366,11705,E,2.0
2018,260367,11705,E,0.0
2018,260368,11705,M,2.0
2018,260369,11705,M,3.0
2018,260370,11705,E,3.0
2018,260371,11705,M,2.0
2018,260372,11705,M,1.0
2018,260373,11705,E,1.0
2018,260374,11705,H,0.0
2018,260375,11705,E,2.0
2018,260380,11705,E,1.0
2018,260382,11705,E,0.0
2018,260383,11705,M,6.0
2018,260386,11705,E,1.0
2018,260388,11705,H,4.0
2018,260396,11705,E,1.0
2018,260397,11705,E,4.0
2018,260398,11705,E,1.0
2018,260400,11705,E,0.0
2018,260401,11705,E,2.0
2018,260402,11705,E,1.0
2018,260403,11705,E,2.0
2018,260404,11705,E,0.0
2018,260405,11705,E,1.0
2018,260406,11705,M,1.0
2018,260407,11705,E,3.0
2018,260408,11705,H,4.0
2018,260410,11705,E,1.0
2018,260411,11705,H,1.0
2018,260412,11705,E,0.0
2018,260413,11705,M,0.0
2018,260414,11705,E,1.0
2018,260415,11705,E,1.0
2018,260416,11705,E,0.0
2018,260417,11705,M,0.0
2018,260418,11705,M,0.0
2018,260419,11705,M,0.0
2018,260424,11705,H,2.0
2018,260425,11705,M,3.0
2018,260426,11705,E,1.0
2018,260427,11705,H,4.0
2018,260428,11705,M,0.0
2018,260430,11705,E,4.0
2018,260432,11705,E,0.0
2018,260434,11705,E,5.0
2018,260440,11705,E,1.0
2018,260444,11705,E,3.0
2018,260446,11705,H,4.0
2018,260448,11705,E,2.0
2018,260449,11705,H,0.0
2018,260450,11705,E,0.0
2018,260452,11705,E,0.0
2018,260454,11705,M,1.0
2018,260455,11705,H,2.0
2018,260459,11705,E,1.0
2018,260700,11705,H,1.0
2018,260LEA,11705,A,
2018,260LEA,11705,E,1.0
2018,260LEA,11705,H,4.0
2018,260LEA,11705,M,1.0
2018,260LEA,11705,T,
2018,26B000,11705,I,
2018,26C000,11705,I,
2018,270304,11705,E,2.0
2018,270306,11705,H,8.0
2018,270308,11705,M,2.0
2018,270309,11705,E,3.0
2018,270310,11705,E,2.0
2018,270311,11705,H,3.0
2018,270312,11705,E,0.0
2018,270316,11705,E,3.0
2018,270318,11705,M,4.0
2018,270320,11705,E,4.0
2018,270LEA,11705,E,2.0
2018,270LEA,11705,H,6.0
2018,270LEA,11705,M,3.0
2018,27A000,11705,I,
2018,280302,11705,E,6.0
2018,280304,11705,T,5.0
2018,280306,11705,T,1.0
2018,280308,11705,E,8.0
2018,280310,11705,E,10.0
2018,280312,11705,E,16.0
2018,280316,11705,H,9.0
2018,280320,11705,M,10.0
2018,280324,11705,E,7.0
2018,280328,11705,M,13.0
2018,280330,11705,H,11.0
2018,280LEA,11705,E,9.0
2018,280LEA,11705,H,10.0
2018,280LEA,11705,M,12.0
2018,280LEA,11705,T,3.0
2018,290302,11705,E,2.0
2018,290306,11705,E,3.0
2018,290307,11705,E,1.0
2018,290308,11705,H,2.0
2018,290309,11705,M,5.0
2018,290310,11705,A,2.0
2018,290312,11705,E,1.0
2018,290314,11705,T,2.0
2018,290315,11705,H,4.0
2018,290316,11705,E,6.0
2018,290320,11705,E,4.0
2018,290322,11705,M,6.0
2018,290324,11705,H,9.0
2018,290328,11705,E,6.0
2018,290330,11705,E,3.0
2018,290332,11705,E,2.0
2018,290333,11705,E,3.0
2018,290334,11705,M,6.0
2018,290336,11705,H,13.0
2018,290344,11705,E,3.0
2018,290348,11705,H,13.0
2018,290349,11705,H,8.0
2018,290350,11705,M,6.0
2018,290351,11705,M,4.0
2018,290352,11705,E,2.0
2018,290356,11705,E,0.0
2018,290364,11705,E,2.0
2018,290365,11705,H,3.0
2018,290366,11705,E,3.0
2018,290367,11705,M,2.0
2018,290375,11705,E,0.0
2018,290376,11705,M,2.0
2018,290380,11705,E,5.0
2018,290384,11705,E,0.0
2018,290388,11705,H,6.0
2018,290389,11705,H,3.0
2018,290LEA,11705,A,2.0
2018,290LEA,11705,E,3.0
2018,290LEA,11705,H,7.0
2018,290LEA,11705,M,4.0
2018,290LEA,11705,T,2.0
2018,291308,11705,E,1.0
2018,291332,11705,M,0.0
2018,291336,11705,H,5.0
2018,291340,11705,E,2.0
2018,291348,11705,E,3.0
2018,291350,11705,A,1.0
2018,291352,11705,E,1.0
2018,291LEA,11705,A,1.0
2018,291LEA,11705,E,2.0
2018,291LEA,11705,H,5.0
2018,291LEA,11705,M,0.0
2018,292316,11705,E,3.0
2018,292318,11705,E,4.0
2018,292320,11705,M,3.0
2018,292324,11705,H,2.0
2018,292LEA,11705,E,4.0
2018,292LEA,11705,H,2.0
2018,292LEA,11705,M,3.0
2018,298202,11705,A,
2018,298203,11705,A,
2018,298204,11705,A,
2018,300306,11705,T,1.0
2018,300308,11705,E,7.0
2018,300310,11705,E,7.0
2018,300312,11705,H,13.0
2018,300314,11705,H,0.0
2018,300320,11705,E,6.0
2018,300325,11705,M,6.0
2018,300326,11705,E,6.0
2018,300328,11705,E,7.0
2018,300330,11705,M,8.0
2018,300336,11705,E,4.0
2018,300337,11705,M,6.0
2018,300LEA,11705,E,6.0
2018,300LEA,11705,H,7.0
2018,300LEA,11705,M,7.0
2018,300LEA,11705,T,1.0
2018,310304,11705,I,3.0
2018,310308,11705,I,4.0
2018,310330,11705,I,5.0
2018,310336,11705,I,1.0
2018,310338,11705,H,1.0
2018,310344,11705,H,7.0
2018,310352,11705,H,1.0
2018,310356,11705,I,2.0
2018,310360,11705,E,5.0
2018,310364,11705,T,4.0
2018,310384,11705,I,3.0
2018,310388,11705,I,6.0
2018,310392,11705,H,3.0
2018,310LEA,11705,E,5.0
2018,310LEA,11705,H,3.0
2018,310LEA,11705,I,3.0
2018,310LEA,11705,M,
2018,310LEA,11705,T,4.0
2018,320304,11705,E,0.0
2018,320306,11705,M,3.0
2018,320308,11705,E,2.0
2018,320309,11705,H,2.0
2018,320310,11705,E,3.0
2018,320312,11705,H,11.0
2018,320313,11705,E,6.0
2018,320314,11705,T,4.0
2018,320315,11705,E,1.0
2018,320316,11705,M,3.0
2018,320317,11705,H,3.0
2018,320318,11705,E,8.0
2018,320319,11705,E,8.0
2018,320320,11705,E,5.0
2018,320322,11705,H,0.0
2018,320323,11705,T,29.0
2018,320324,11705,E,7.0
2018,320325,11705,H,7.0
2018,320327,11705,E,7.0
2018,320328,11705,E,5.0
2018,320329,11705,,0.0
2018,320332,11705,E,14.0
2018,320336,11705,A,2.0
2018,320338,11705,M,1.0
2018,320339,11705,E,1.0
2018,320340,11705,I,8.0
2018,320341,11705,T,1.0
2018,320342,11705,M,1.0
2018,320343,11705,M,1.0
2018,320344,11705,E,1.0
2018,320346,11705,M,3.0
2018,320347,11705,E,2.0
2018,320348,11705,E,7.0
2018,320352,11705,E,2.0
2018,320353,11705,H,2.0
2018,320354,11705,E,2.0
2018,320355,11705,M,2.0
2018,320356,11705,H,10.0
2018,320360,11705,E,0.0
2018,320362,11705,E,0.0
2018,320363,11705,E,9.0
2018,320364,11705,E,5.0
2018,320365,11705,H,12.0
2018,320366,11705,M,6.0
2018,320367,11705,E,2.0
2018,320368,11705,H,5.0
2018,320369,11705,E,1.0
2018,320370,11705,M,5.0
2018,320372,11705,E,3.0
2018,320374,11705,E,0.0
2018,320376,11705,E,1.0
2018,320388,11705,E,4.0
2018,320400,11705,E,1.0
2018,320701,11705,H,0.0
2018,320LEA,11705,A,2.0
2018,320LEA,11705,E,4.0
2018,320LEA,11705,H,5.0
2018,320LEA,11705,I,8.0
2018,320LEA,11705,M,3.0
2018,320LEA,11705,T,11.0
2018,32A000,11705,I,
2018,32B000,11705,I,
2018,32C000,11705,I,
2018,32D000,11705,I,
2018,32H000,11705,I,
2018,32K000,11705,I,
2018,32L000,11705,A,
2018,32M000,11705,I,
2018,32N000,11705,H,
2018,32P000,11705,I,
2018,32Q000,11705,E,
2018,32R000,11705,E,
2018,32S000,11705,M,
2018,330304,11705,E,2.0
2018,330308,11705,E,9.0
2018,330312,11705,E,3.0
2018,330326,11705,H,1.0
2018,330328,11705,H,1.0
2018,330332,11705,M,0.0
2018,330334,11705,E,2.0
2018,330340,11705,M,2.0
2018,330344,11705,M,1.0
2018,330348,11705,M,0.0
2018,330350,11705,H,2.0
2018,330354,11705,E,4.0
2018,330358,11705,H,4.0
2018,330360,11705,I,1.0
2018,330LEA,11705,E,4.0
2018,330LEA,11705,H,2.0
2018,330LEA,11705,I,1.0
2018,330LEA,11705,M,1.0
2018,330LEA,11705,T,
2018,33A000,11705,A,
2018,340308,11705,E,0.0
2018,340311,11705,H,4.0
2018,340314,11705,E,1.0
2018,340320,11705,E,6.0
2018,340326,11705,E,10.0
2018,340330,11705,H,2.0
2018,340332,11705,H,19.0
2018,340334,11705,E,4.0
2018,340336,11705,H,2.0
2018,340344,11705,E,2.0
2018,340348,11705,E,7.0
2018,340350,11705,M,2.0
2018,340351,11705,E,4.0
2018,340354,11705,I,4.0
2018,340362,11705,H,1.0
2018,340364,11705,H,14.0
2018,340366,11705,M,5.0
2018,340368,11705,E,2.0
2018,340372,11705,M,2.0
2018,340376,11705,E,1.0
2018,340380,11705,E,1.0
2018,340382,11705,H,5.0
2018,340384,11705,E,2.0
2018,340385,11705,T,1.0
2018,340390,11705,E,1.0
2018,340392,11705,M,1.0
2018,340398,11705,A,1.0
2018,340400,11705,E,6.0
2018,340403,11705,E,1.0
2018,340406,11705,M,8.0
2018,340416,11705,E,6.0
2018,340420,11705,M,4.0
2018,340424,11705,E,2.0
2018,340426,11705,E,3.0
2018,340427,11705,A,3.0
2018,340428,11705,E,3.0
2018,340430,11705,E,4.0
2018,340432,11705,E,2.0
2018,340436,11705,M,2.0
2018,340440,11705,E,11.0
2018,340442,11705,M,7.0
2018,340446,11705,H,0.0
2018,340447,11705,E,0.0
2018,340448,11705,E,3.0
2018,340452,11705,M,2.0
2018,340453,11705,E,2.0
2018,340454,11705,H,13.0
2018,340457,11705,E,5.0
2018,340460,11705,H,6.0
2018,340462,11705,E,0.0
2018,340464,11705,M,2.0
2018,340472,11705,E,3.0
2018,340476,11705,E,1.0
2018,340480,11705,T,4.0
2018,340486,11705,H,3.0
2018,340488,11705,T,2.0
2018,340490,11705,E,0.0
2018,340492,11705,M,1.0
2018,340494,11705,E,3.0
2018,340495,11705,H,20.0
2018,340496,11705,H,5.0
2018,340504,11705,E,2.0
2018,340508,11705,E,0.0
2018,340512,11705,E,9.0
2018,340514,11705,E,2.0
2018,340516,11705,M,3.0
2018,340520,11705,E,4.0
2018,340528,11705,E,3.0
2018,340530,11705,E,3.0
2018,340531,11705,E,1.0
2018,340532,11705,E,5.0
2018,340536,11705,E,9.0
2018,340540,11705,E,5.0
2018,340542,11705,H,6.0
2018,340544,11705,M,4.0
2018,340548,11705,E,0.0
2018,340556,11705,H,17.0
2018,340560,11705,E,8.0
2018,340564,11705,M,5.0
2018,340568,11705,T,0.0
2018,340LEA,11705,A,2.0
2018,340LEA,11705,E,3.0
2018,340LEA,11705,H,8.0
2018,340LEA,11705,I,4.0
2018,340LEA,11705,M,3.0
2018,340LEA,11705,T,2.0
2018,34B000,11705,A,
2018,34D000,11705,A,
2018,34F000,11705,I,
2018,34G000,11705,I,
2018,34H000,11705,A,
2018,350304,11705,E,1.0
2018,350308,11705,H,5.0
2018,350310,11705,M,1.0
2018,350312,11705,M,4.0
2018,350316,11705,E,2.0
2018,350317,11705,H,0.0
2018,350318,11705,E,2.0
2018,350321,11705,H,6.0
2018,350324,11705,M,1.0
2018,350330,11705,E,2.0
2018,350331,11705,E,1.0
2018,350332,11705,E,1.0
2018,350336,11705,H,3.0
2018,350338,11705,M,0.0
2018,350339,11705,E,3.0
2018,350340,11705,E,4.0
2018,350LEA,11705,E,2.0
2018,350LEA,11705,H,4.0
2018,350LEA,11705,M,2.0
2018,35A000,11705,I,
2018,35B000,11705,E,
2018,360310,11705,H,8.0
2018,360320,11705,E,6.0
2018,360324,11705,M,3.0
2018,360332,11705,E,2.0
2018,360336,11705,H,2.0
2018,360337,11705,H,4.0
2018,360338,11705,E,5.0
2018,360339,11705,E,1.0
2018,360340,11705,E,3.0
2018,360344,11705,E,3.0
2018,360348,11705,E,3.0
2018,360352,11705,E,3.0
2018,360360,11705,H,2.0
2018,360364,11705,E,6.0
2018,360372,11705,T,0.0
2018,360376,11705,E,0.0
2018,360378,11705,H,9.0
2018,360380,11705,M,8.0
2018,360390,11705,H,7.0
2018,360392,11705,E,0.0
2018,360394,11705,A,3.0
2018,360396,11705,H,8.0
2018,360400,11705,E,4.0
2018,360408,11705,M,0.0
2018,360418,11705,H,8.0
2018,360420,11705,E,2.0
2018,360426,11705,M,4.0
2018,360428,11705,H,3.0
2018,360430,11705,E,2.0
2018,360431,11705,M,5.0
2018,360432,11705,E,2.0
2018,360436,11705,M,0.0
2018,360438,11705,E,3.0
2018,360440,11705,E,6.0
2018,360448,11705,E,5.0
2018,360456,11705,M,4.0
2018,360464,11705,E,3.0
2018,360468,11705,E,4.0
2018,360470,11705,H,7.0
2018,360478,11705,E,4.0
2018,360480,11705,E,2.0
2018,360482,11705,E,9.0
2018,360488,11705,E,3.0
2018,360490,11705,E,3.0
2018,360492,11705,E,2.0
2018,360494,11705,H,8.0
2018,360498,11705,M,2.0
2018,360499,11705,E,3.0
2018,360500,11705,M,0.0
2018,360504,11705,E,2.0
2018,360510,11705,E,7.0
2018,360514,11705,M,1.0
2018,360520,11705,E,0.0
2018,360526,11705,M,3.0
2018,360550,11705,M,
2018,360LEA,11705,A,3.0
2018,360LEA,11705,E,3.0
2018,360LEA,11705,H,6.0
2018,360LEA,11705,M,3.0
2018,360LEA,11705,T,0.0
2018,36B000,11705,A,
2018,36C000,11705,A,
2018,370304,11705,E,5.0
2018,370308,11705,M,2.0
2018,370312,11705,H,6.0
2018,370316,11705,E,2.0
2018,370324,11705,E,3.0
2018,370LEA,11705,E,3.0
2018,370LEA,11705,H,6.0
2018,370LEA,11705,M,2.0
2018,380306,11705,E,6.0
2018,380308,11705,A,9.0
2018,380310,11705,M,1.0
2018,380LEA,11705,A,9.0
2018,380LEA,11705,E,6.0
2018,380LEA,11705,H,
2018,380LEA,11705,M,1.0
2018,390309,11705,M,2.0
2018,390311,11705,E,3.0
2018,390312,11705,E,3.0
2018,390314,11705,A,0.0
2018,390316,11705,E,2.0
2018,390320,11705,M,4.0
2018,390322,11705,H,3.0
2018,390323,11705,H,0.0
2018,390324,11705,H,4.0
2018,390331,11705,M,1.0
2018,390333,11705,E,4.0
2018,390334,11705,M,1.0
2018,390336,11705,E,2.0
2018,390352,11705,H,1.0
2018,390360,11705,E,9.0
2018,390362,11705,E,0.0
2018,390364,11705,E,1.0
2018,390368,11705,E,0.0
2018,390700,11705,H,4.0
2018,390LEA,11705,A,0.0
2018,390LEA,11705,E,3.0
2018,390LEA,11705,H,2.0
2018,390LEA,11705,M,2.0
2018,390LEA,11705,T,
2018,39A000,11705,A,
2018,39B000,11705,T,
2018,400308,11705,H,5.0
2018,400312,11705,M,5.0
2018,400315,11705,H,2.0
2018,400318,11705,E,4.0
2018,400321,11705,E,8.0
2018,400332,11705,E,5.0
2018,400LEA,11705,E,6.0
2018,400LEA,11705,H,4.0
2018,400LEA,11705,M,5.0
2018,410304,11705,E,5.0
2018,410307,11705,E,3.0
2018,410310,11705,E,4.0
2018,410311,11705,M,3.0
2018,410313,11705,M,2.0
2018,410316,11705,M,1.0
2018,410319,11705,H,2.0
2018,410322,11705,E,2.0
2018,410325,11705,M,4.0
2018,410326,11705,H,2.0
2018,410328,11705,E,2.0
2018,410331,11705,E,0.0
2018,410334,11705,E,1.0
2018,410337,11705,E,6.0
2018,410340,11705,E,2.0
2018,410341,11705,M,0.0
2018,410343,11705,E,6.0
2018,410346,11705,E,7.0
2018,410349,11705,E,2.0
2018,410355,11705,H,2.0
2018,410358,11705,H,1.0
2018,410361,11705,E,2.0
2018,410364,11705,E,0.0
2018,410366,11705,E,1.0
2018,410367,11705,M,0.0
2018,410370,11705,E,7.0
2018,410373,11705,E,0.0
2018,410376,11705,E,2.0
2018,410379,11705,A,6.0
2018,410382,11705,E,0.0
2018,410385,11705,E,1.0
2018,410388,11705,E,3.0
2018,410390,11705,H,2.0
2018,410391,11705,T,1.0
2018,410394,11705,H,15.0
2018,410395,11705,H,3.0
2018,410397,11705,M,6.0
2018,410398,11705,A,4.0
2018,410399,11705,H,2.0
2018,410400,11705,E,1.0
2018,410401,11705,H,4.0
2018,410402,11705,M,0.0
2018,410403,11705,E,0.0
2018,410406,11705,H,2.0
2018,410407,11705,H,0.0
2018,410408,11705,H,3.0
2018,410409,11705,E,1.0
2018,410412,11705,E,4.0
2018,410415,11705,M,0.0
2018,410418,11705,E,1.0
2018,410421,11705,M,11.0
2018,410423,11705,E,7.0
2018,410424,11705,E,6.0
2018,410427,11705,I,1.0
2018,410430,11705,E,2.0
2018,410436,11705,E,2.0
2018,410437,11705,M,7.0
2018,410439,11705,E,1.0
2018,410442,11705,M,3.0
2018,410448,11705,I,4.0
2018,410451,11705,E,3.0
2018,410454,11705,E,2.0
2018,410457,11705,I,2.0
2018,410458,11705,H,0.0
2018,410460,11705,M,1.0
2018,410461,11705,E,0.0
2018,410462,11705,E,5.0
2018,410463,11705,M,1.0
2018,410464,11705,A,2.0
2018,410466,11705,E,5.0
2018,410469,11705,E,0.0
2018,410472,11705,E,3.0
2018,410478,11705,E,2.0
2018,410481,11705,E,7.0
2018,410483,11705,H,0.0
2018,410484,11705,H,2.0
2018,410486,11705,E,9.0
2018,410487,11705,M,0.0
2018,410488,11705,M,9.0
2018,410489,11705,H,14.0
2018,410490,11705,H,22.0
2018,410491,11705,E,5.0
2018,410493,11705,M,12.0
2018,410496,11705,E,1.0
2018,410499,11705,E,4.0
2018,410502,11705,E,14.0
2018,410505,11705,E,2.0
2018,410508,11705,H,6.0
2018,410511,11705,E,2.0
2018,410514,11705,E,1.0
2018,410517,11705,E,2.0
2018,410522,11705,E,1.0
2018,410523,11705,E,7.0
2018,410529,11705,H,8.0
2018,410530,11705,E,2.0
2018,410532,11705,E,2.0
2018,410533,11705,T,0.0
2018,410534,11705,T,0.0
2018,410535,11705,E,4.0
2018,410538,11705,E,8.0
2018,410541,11705,E,1.0
2018,410542,11705,E,3.0
2018,410544,11705,H,3.0
2018,410545,11705,H,1.0
2018,410547,11705,H,9.0
2018,410550,11705,M,8.0
2018,410553,11705,E,2.0
2018,410556,11705,H,10.0
2018,410559,11705,E,10.0
2018,410562,11705,H,9.0
2018,410565,11705,M,6.0
2018,410568,11705,E,6.0
2018,410569,11705,H,1.0
2018,410571,11705,E,4.0
2018,410574,11705,E,9.0
2018,410577,11705,E,5.0
2018,410578,11705,E,2.0
2018,410579,11705,H,1.0
2018,410580,11705,E,0.0
2018,410583,11705,E,1.0
2018,410586,11705,E,2.0
2018,410589,11705,H,8.0
2018,410592,11705,M,0.0
2018,410595,11705,H,2.0
2018,410598,11705,E,0.0
2018,410LEA,11705,A,4.0
2018,410LEA,11705,E,3.0
2018,410LEA,11705,H,5.0
2018,410LEA,11705,I,2.0
2018,410LEA,11705,M,4.0
2018,410LEA,11705,T,0.0
2018,41B000,11705,I,
2018,41C000,11705,I,
2018,41D000,11705,I,
2018,41F000,11705,A,
2018,41G000,11705,A,
2018,41H000,11705,A,
2018,41J000,11705,I,
2018,41K000,11705,H,
2018,41L000,11705,E,
2018,420304,11705,E,3.0
2018,420316,11705,E,0.0
2018,420324,11705,M,0.0
2018,420328,11705,E,3.0
2018,420336,11705,E,1.0
2018,420340,11705,E,0.0
2018,420346,11705,H,0.0
2018,420348,11705,E,1.0
2018,420358,11705,H,0.0
2018,420376,11705,M,1.0
2018,420LEA,11705,E,1.0
2018,420LEA,11705,H,0.0
2018,420LEA,11705,M,1.0
2018,421304,11705,E,7.0
2018,421306,11705,M,8.0
2018,421316,11705,H,6.0
2018,421328,11705,E,11.0
2018,421LEA,11705,E,9.0
2018,421LEA,11705,H,6.0
2018,421LEA,11705,M,8.0
2018,422310,11705,H,0.0
2018,422314,11705,E,0.0
2018,422315,11705,H,0.0
2018,422318,11705,M,1.0
2018,422LEA,11705,E,0.0
2018,422LEA,11705,H,0.0
2018,422LEA,11705,M,1.0
2018,422LEA,11705,T,
2018,42A000,11705,I,
2018,430304,11705,E,6.0
2018,430308,11705,E,2.0
2018,430312,11705,E,2.0
2018,430316,11705,E,5.0
2018,430320,11705,E,2.0
2018,430328,11705,E,5.0
2018,430330,11705,M,3.0
2018,430332,11705,M,3.0
2018,430336,11705,E,1.0
2018,430340,11705,E,1.0
2018,430341,11705,H,2.0
2018,430344,11705,E,1.0
2018,430345,11705,T,0.0
2018,430346,11705,H,8.0
2018,430347,11705,M,10.0
2018,430348,11705,E,1.0
2018,430349,11705,E,1.0
2018,430351,11705,M,2.0
2018,430352,11705,E,0.0
2018,430358,11705,E,2.0
2018,430368,11705,E,1.0
2018,430369,11705,E,2.0
2018,430370,11705,M,0.0
2018,430371,11705,H,3.0
2018,430376,11705,E,2.0
2018,430378,11705,H,13.0
2018,430380,11705,E,1.0
2018,430384,11705,H,7.0
2018,430386,11705,M,1.0
2018,430LEA,11705,E,2.0
2018,430LEA,11705,H,7.0
2018,430LEA,11705,M,3.0
2018,430LEA,11705,T,0.0
2018,43C000,11705,E,
2018,440314,11705,E,8.0
2018,440318,11705,M,4.0
2018,440320,11705,M,5.0
2018,440326,11705,H,2.0
2018,440328,11705,E,12.0
2018,440332,11705,E,0.0
2018,440346,11705,H,3.0
2018,440348,11705,E,8.0
2018,440349,11705,E,8.0
2018,440350,11705,E,5.0
2018,440364,11705,E,0.0
2018,440368,11705,E,7.0
2018,440378,11705,H,15.0
2018,440390,11705,H,11.0
2018,440396,11705,M,17.0
2018,440LEA,11705,E,6.0
2018,440LEA,11705,H,8.0
2018,440LEA,11705,M,9.0
2018,44A000,11705,I,
2018,450301,11705,M,9.0
2018,450302,11705,E,2.0
2018,450306,11705,E,4.0
2018,450307,11705,E,4.0
2018,450308,11705,E,7.0
2018,450316,11705,H,10.0
2018,450322,11705,E,1.0
2018,450324,11705,E,8.0
2018,450328,11705,M,11.0
2018,450332,11705,E,7.0
2018,450333,11705,E,10.0
2018,450334,11705,H,14.0
2018,450335,11705,M,8.0
2018,450336,11705,E,4.0
2018,450339,11705,E,15.0
2018,450340,11705,E,10.0
2018,450341,11705,H,14.0
2018,450342,11705,M,18.0
2018,450343,11705,T,1.0
2018,450344,11705,E,7.0
2018,450346,11705,E,6.0
2018,450352,11705,H,15.0
2018,450354,11705,H,1.0
2018,450LEA,11705,E,7.0
2018,450LEA,11705,H,11.0
2018,450LEA,11705,M,12.0
2018,450LEA,11705,T,1.0
2018,45A000,11705,I,
2018,45B000,11705,E,
2018,460308,11705,E,0.0
2018,460312,11705,E,8.0
2018,460318,11705,M,0.0
2018,460320,11705,H,0.0
2018,460322,11705,H,0.0
2018,460332,11705,E,2.0
2018,460340,11705,H,0.0
2018,460LEA,11705,E,3.0
2018,460LEA,11705,H,0.0
2018,460LEA,11705,M,0.0
2018,470310,11705,E,2.0
2018,470312,11705,H,1.0
2018,470316,11705,E,0.0
2018,470320,11705,M,2.0
2018,470328,11705,E,1.0
2018,470330,11705,E,0.0
2018,470332,11705,M,0.0
2018,470336,11705,E,0.0
2018,470340,11705,E,2.0
2018,470342,11705,T,0.0
2018,470346,11705,E,0.0
2018,470441,11705,E,1.0
2018,470442,11705,M,0.0
2018,470443,11705,H,0.0
2018,470LEA,11705,E,1.0
2018,470LEA,11705,H,1.0
2018,470LEA,11705,M,1.0
2018,470LEA,11705,T,0.0
2018,480306,11705,E,2.0
2018,480316,11705,A,6.0
2018,480318,11705,T,1.0
2018,480LEA,11705,A,6.0
2018,480LEA,11705,E,2.0
2018,480LEA,11705,H,
2018,480LEA,11705,M,
2018,480LEA,11705,T,1.0
2018,490307,11705,H,0.0
2018,490308,11705,M,12.0
2018,490310,11705,T,1.0
2018,490312,11705,E,3.0
2018,490316,11705,E,5.0
2018,490318,11705,E,2.0
2018,490319,11705,E,4.0
2018,490320,11705,H,2.0
2018,490324,11705,E,2.0
2018,490326,11705,E,3.0
2018,490327,11705,M,2.0
2018,490332,11705,E,4.0
2018,490335,11705,H,14.0
2018,490336,11705,E,1.0
2018,490337,11705,E,3.0
2018,490338,11705,M,5.0
2018,490344,11705,M,5.0
2018,490345,11705,E,3.0
2018,490346,11705,H,16.0
2018,490347,11705,M,3.0
2018,490348,11705,E,3.0
2018,490349,11705,M,1.0
2018,490350,11705,A,1.0
2018,490352,11705,M,1.0
2018,490354,11705,H,4.0
2018,490355,11705,H,2.0
2018,490356,11705,E,7.0
2018,490360,11705,E,3.0
2018,490362,11705,H,8.0
2018,490363,11705,E,6.0
2018,490364,11705,E,3.0
2018,490366,11705,M,4.0
2018,490368,11705,E,1.0
2018,490380,11705,H,3.0
2018,490384,11705,M,4.0
2018,490390,11705,E,7.0
2018,490LEA,11705,A,1.0
2018,490LEA,11705,E,4.0
2018,490LEA,11705,H,6.0
2018,490LEA,11705,M,4.0
2018,490LEA,11705,T,1.0
2018,491303,11705,E,5.0
2018,491305,11705,T,2.0
2018,491306,11705,E,5.0
2018,491308,11705,M,6.0
2018,491312,11705,H,17.0
2018,491316,11705,E,11.0
2018,491318,11705,E,5.0
2018,491320,11705,E,10.0
2018,491LEA,11705,E,7.0
2018,491LEA,11705,H,17.0
2018,491LEA,11705,M,6.0
2018,491LEA,11705,T,2.0
2018,49B000,11705,I,
2018,49D000,11705,I,
2018,49E000,11705,A,
2018,49F000,11705,A,
2018,49G000,11705,I,
2018,500302,11705,T,2.0
2018,500304,11705,I,5.0
2018,500314,11705,I,9.0
2018,500316,11705,E,7.0
2018,500323,11705,H,0.0
2018,500324,11705,A,1.0
2018,500332,11705,I,3.0
2018,500337,11705,I,4.0
2018,500340,11705,H,12.0
2018,500LEA,11705,A,1.0
2018,500LEA,11705,E,7.0
2018,500LEA,11705,H,6.0
2018,500LEA,11705,I,5.0
2018,500LEA,11705,T,2.0
2018,50A000,11705,I,
2018,50Z000,11705,,
2018,510308,11705,E,2.0
2018,510310,11705,M,1.0
2018,510324,11705,H,6.0
2018,510325,11705,H,0.0
2018,510326,11705,E,3.0
2018,510327,11705,H,12.0
2018,510328,11705,E,8.0
2018,510329,11705,M,0.0
2018,510330,11705,E,0.0
2018,510332,11705,E,1.0
2018,510333,11705,H,13.0
2018,510334,11705,E,2.0
2018,510336,11705,E,4.0
2018,510340,11705,E,8.0
2018,510342,11705,M,3.0
2018,510343,11705,E,2.0
2018,510344,11705,M,4.0
2018,510356,11705,E,5.0
2018,510357,11705,H,2.0
2018,510358,11705,E,3.0
2018,510359,11705,M,1.0
2018,510360,11705,I,4.0
2018,510364,11705,M,6.0
2018,510367,11705,H,2.0
2018,510368,11705,H,8.0
2018,510372,11705,E,2.0
2018,510373,11705,E,4.0
2018,510374,11705,E,9.0
2018,510376,11705,T,14.0
2018,510377,11705,E,5.0
2018,510378,11705,E,3.0
2018,510379,11705,M,7.0
2018,510382,11705,M,0.0
2018,510388,11705,E,3.0
2018,510390,11705,M,3.0
2018,510396,11705,E,0.0
2018,510397,11705,M,1.0
2018,510399,11705,H,11.0
2018,510402,11705,H,8.0
2018,510404,11705,E,3.0
2018,510406,11705,H,7.0
2018,510408,11705,E,8.0
2018,510410,11705,E,3.0
2018,510411,11705,M,4.0
2018,510412,11705,M,3.0
2018,510414,11705,E,9.0
2018,510LEA,11705,E,4.0
2018,510LEA,11705,H,7.0
2018,510LEA,11705,I,4.0
2018,510LEA,11705,M,3.0
2018,510LEA,11705,T,14.0
2018,51A000,11705,A,
2018,520304,11705,E,2.0
2018,520308,11705,E,1.0
2018,520320,11705,H,0.0
2018,520324,11705,M,1.0
2018,520328,11705,E,1.0
2018,520336,11705,E,0.0
2018,520LEA,11705,E,1.0
2018,520LEA,11705,H,0.0
2018,520LEA,11705,M,1.0
2018,530302,11705,E,1.0
2018,530306,11705,T,1.0
2018,530308,11705,E,2.0
2018,530312,11705,E,1.0
2018,530314,11705,M,1.0
2018,530316,11705,A,0.0
2018,530320,11705,E,5.0
2018,530335,11705,H,1.0
2018,530336,11705,H,5.0
2018,530340,11705,E,2.0
2018,530341,11705,M,5.0
2018,530343,11705,H,11.0
2018,530346,11705,E,4.0
2018,530354,11705,E,2.0
2018,530356,11705,M,1.0
2018,530358,11705,E,1.0
2018,530LEA,11705,A,0.0
2018,530LEA,11705,E,2.0
2018,530LEA,11705,H,6.0
2018,530LEA,11705,M,2.0
2018,530LEA,11705,T,1.0
2018,540304,11705,E,7.0
2018,540308,11705,I,3.0
2018,540312,11705,M,1.0
2018,540315,11705,H,1.0
2018,540316,11705,E,5.0
2018,540317,11705,H,2.0
2018,540318,11705,A,0.0
2018,540320,11705,E,7.0
2018,540324,11705,H,9.0
2018,540325,11705,E,0.0
2018,540326,11705,E,1.0
2018,540328,11705,E,3.0
2018,540330,11705,M,1.0
2018,540336,11705,H,8.0
2018,540338,11705,E,1.0
2018,540340,11705,E,0.0
2018,540344,11705,M,5.0
2018,540LEA,11705,A,0.0
2018,540LEA,11705,E,3.0
2018,540LEA,11705,H,5.0
2018,540LEA,11705,I,3.0
2018,540LEA,11705,M,2.0
2018,54A000,11705,I,
2018,550308,11705,T,0.0
2018,550312,11705,E,2.0
2018,550314,11705,E,3.0
2018,550316,11705,E,4.0
2018,550320,11705,H,10.0
2018,550322,11705,M,3.0
2018,550324,11705,E,4.0
2018,550328,11705,E,5.0
2018,550330,11705,,1.0
2018,550332,11705,H,2.0
2018,550334,11705,M,10.0
2018,550336,11705,E,4.0
2018,550340,11705,E,5.0
2018,550342,11705,E,4.0
2018,550344,11705,H,14.0
2018,550348,11705,E,2.0
2018,550349,11705,E,7.0
2018,550350,11705,M,11.0
2018,550356,11705,E,5.0
2018,550360,11705,E,1.0
2018,550362,11705,E,7.0
2018,550364,11705,E,1.0
2018,550368,11705,H,6.0
2018,550372,11705,M,8.0
2018,550LEA,11705,A,
2018,550LEA,11705,E,4.0
2018,550LEA,11705,H,8.0
2018,550LEA,11705,M,8.0
2018,550LEA,11705,T,0.0
2018,55A000,11705,A,
2018,560304,11705,E,5.0
2018,560316,11705,E,3.0
2018,560320,11705,H,13.0
2018,560324,11705,A,4.0
2018,560328,11705,E,7.0
2018,560329,11705,H,0.0
2018,560330,11705,M,4.0
2018,560331,11705,M,7.0
2018,560332,11705,A,3.0
2018,560338,11705,E,8.0
2018,560350,11705,T,1.0
2018,560LEA,11705,A,4.0
2018,560LEA,11705,E,6.0
2018,560LEA,11705,H,7.0
2018,560LEA,11705,M,6.0
2018,560LEA,11705,T,1.0
2018,570306,11705,E,2.0
2018,570312,11705,E,2.0
2018,570317,11705,H,3.0
2018,570318,11705,H,4.0
2018,570319,11705,M,1.0
2018,570320,11705,E,2.0
2018,570LEA,11705,E,2.0
2018,570LEA,11705,H,4.0
2018,570LEA,11705,M,1.0
2018,580308,11705,E,4.0
2018,580312,11705,E,2.0
2018,580316,11705,E,1.0
2018,580320,11705,E,1.0
2018,580324,11705,E,3.0
2018,580344,11705,H,4.0
2018,580350,11705,M,1.0
2018,580356,11705,E,1.0
2018,580368,11705,H,6.0
2018,580372,11705,M,0.0
2018,580LEA,11705,E,2.0
2018,580LEA,11705,H,5.0
2018,580LEA,11705,M,1.0
2018,58B000,11705,T,
2018,590306,11705,E,2.0
2018,590310,11705,M,4.0
2018,590316,11705,E,3.0
2018,590320,11705,E,3.0
2018,590328,11705,H,8.0
2018,590330,11705,H,14.0
2018,590332,11705,E,3.0
2018,590336,11705,E,0.0
2018,590340,11705,E,8.0
2018,590344,11705,E,2.0
2018,590352,11705,E,3.0
2018,590356,11705,M,8.0
2018,590393,11705,T,1.0
2018,590LEA,11705,E,3.0
2018,590LEA,11705,H,11.0
2018,590LEA,11705,I,
2018,590LEA,11705,M,6.0
2018,590LEA,11705,T,1.0
2018,600300,11705,E,7.0
2018,600301,11705,M,5.0
2018,600302,11705,H,25.0
2018,600305,11705,M,5.0
2018,600308,11705,E,5.0
2018,600311,11705,I,0.0
2018,600312,11705,H,18.0
2018,600313,11705,M,19.0
2018,600314,11705,E,18.0
2018,600316,11705,E,3.0
2018,600317,11705,M,2.0
2018,600318,11705,E,5.0
2018,600319,11705,I,10.0
2018,600322,11705,E,16.0
2018,600328,11705,E,12.0
2018,600329,11705,E,0.0
2018,600333,11705,M,13.0
2018,600334,11705,H,1.0
2018,600335,11705,E,2.0
2018,600336,11705,E,3.0
2018,600338,11705,E,11.0
2018,600341,11705,T,6.0
2018,600344,11705,I,10.0
2018,600345,11705,M,17.0
2018,600346,11705,E,7.0
2018,600349,11705,E,11.0
2018,600351,11705,M,3.0
2018,600352,11705,E,5.0
2018,600353,11705,M,18.0
2018,600357,11705,E,10.0
2018,600361,11705,H,31.0
2018,600362,11705,E,5.0
2018,600364,11705,H,0.0
2018,600365,11705,E,2.0
2018,600366,11705,I,4.0
2018,600367,11705,E,7.0
2018,600368,11705,E,1.0
2018,600369,11705,E,6.0
2018,600374,11705,I,3.0
2018,600377,11705,H,22.0
2018,600379,11705,E,6.0
2018,600381,11705,M,2.0
2018,600382,11705,E,17.0
2018,600383,11705,E,14.0
2018,600384,11705,E,12.0
2018,600385,11705,E,11.0
2018,600386,11705,H,4.0
2018,600392,11705,E,10.0
2018,600394,11705,M,9.0
2018,600397,11705,H,8.0
2018,600398,11705,E,9.0
2018,600399,11705,M,23.0
2018,600404,11705,H,1.0
2018,600405,11705,H,4.0
2018,600406,11705,E,15.0
2018,600408,11705,E,4.0
2018,600409,11705,E,4.0
2018,600410,11705,E,2.0
2018,600411,11705,E,6.0
2018,600412,11705,E,2.0
2018,600413,11705,E,2.0
2018,600414,11705,E,4.0
2018,600415,11705,H,7.0
2018,600416,11705,E,2.0
2018,600418,11705,E,1.0
2018,600420,11705,E,15.0
2018,600422,11705,E,7.0
2018,600424,11705,E,8.0
2018,600426,11705,H,20.0
2018,600428,11705,M,1.0
2018,600429,11705,I,4.0
2018,600431,11705,M,18.0
2018,600432,11705,E,7.0
2018,600433,11705,E,15.0
2018,600434,11705,M,6.0
2018,600435,11705,E,2.0
2018,600436,11705,E,7.0
2018,600437,11705,E,8.0
2018,600438,11705,E,10.0
2018,600439,11705,T,2.0
2018,600440,11705,E,7.0
2018,600442,11705,E,16.0
2018,600443,11705,H,5.0
2018,600444,11705,E,8.0
2018,600445,11705,H,10.0
2018,600446,11705,E,3.0
2018,600447,11705,E,12.0
2018,600448,11705,M,3.0
2018,600449,11705,E,3.0
2018,600450,11705,M,3.0
2018,600451,11705,E,5.0
2018,600453,11705,E,3.0
2018,600454,11705,A,3.0
2018,600455,11705,M,9.0
2018,600457,11705,H,10.0
2018,600459,11705,E,1.0
2018,600461,11705,A,2.0
2018,600462,11705,I,9.0
2018,600463,11705,E,3.0
2018,600464,11705,E,5.0
2018,600466,11705,H,37.0
2018,600468,11705,E,3.0
2018,600471,11705,E,5.0
2018,600474,11705,E,4.0
2018,600475,11705,E,6.0
2018,600478,11705,E,4.0
2018,600479,11705,M,0.0
2018,600480,11705,H,6.0
2018,600481,11705,M,0.0
2018,600482,11705,T,9.0
2018,600484,11705,E,3.0
2018,600485,11705,E,1.0
2018,600488,11705,I,3.0
2018,600489,11705,I,4.0
2018,600491,11705,E,3.0
2018,600492,11705,E,11.0
2018,600493,11705,E,7.0
2018,600494,11705,E,8.0
2018,600496,11705,H,9.0
2018,600497,11705,M,10.0
2018,600498,11705,H,0.0
2018,600499,11705,H,1.0
2018,600500,11705,E,6.0
2018,600501,11705,E,4.0
2018,600503,11705,E,7.0
2018,600507,11705,E,17.0
2018,600508,11705,H,23.0
2018,600509,11705,M,4.0
2018,600512,11705,E,12.0
2018,600513,11705,M,3.0
2018,600514,11705,M,2.0
2018,600515,11705,E,2.0
2018,600516,11705,E,10.0
2018,600517,11705,I,3.0
2018,600518,11705,M,7.0
2018,600519,11705,E,1.0
2018,600520,11705,M,3.0
2018,600521,11705,E,8.0
2018,600522,11705,E,8.0
2018,600527,11705,E,6.0
2018,600530,11705,E,7.0
2018,600532,11705,I,18.0
2018,600534,11705,E,5.0
2018,600535,11705,H,16.0
2018,600537,11705,M,6.0
2018,600538,11705,M,6.0
2018,600545,11705,E,2.0
2018,600546,11705,E,2.0
2018,600549,11705,E,11.0
2018,600550,11705,E,5.0
2018,600553,11705,I,3.0
2018,600557,11705,E,5.0
2018,600558,11705,E,4.0
2018,600562,11705,E,4.0
2018,600565,11705,E,5.0
2018,600566,11705,E,3.0
2018,600567,11705,H,3.0
2018,600569,11705,H,0.0
2018,600571,11705,E,6.0
2018,600574,11705,I,2.0
2018,600576,11705,H,8.0
2018,600577,11705,I,3.0
2018,600579,11705,H,7.0
2018,600582,11705,T,4.0
2018,600586,11705,E,4.0
2018,600587,11705,E,2.0
2018,600588,11705,E,8.0
2018,600589,11705,E,8.0
2018,600590,11705,E,8.0
2018,600592,11705,H,5.0
2018,600594,11705,H,2.0
2018,600693,11705,H,3.0
2018,600694,11705,H,3.0
2018,600695,11705,H,1.0
2018,600696,11705,H,2.0
2018,600697,11705,H,3.0
2018,600LEA,11705,A,3.0
2018,600LEA,11705,E,7.0
2018,600LEA,11705,H,9.0
2018,600LEA,11705,I,5.0
2018,600LEA,11705,M,7.0
2018,600LEA,11705,T,5.0
2018,60B000,11705,A,
2018,60D000,11705,A,
2018,60F000,11705,I,
2018,60G000,11705,A,
2018,60I000,11705,A,
2018,60J000,11705,I,
2018,60K000,11705,T,
2018,60L000,11705,I,
2018,60M000,11705,I,
2018,60N000,11705,E,
2018,60P000,11705,I,
2018,60Q000,11705,I,
2018,60S000,11705,A,
2018,60U000,11705,H,
2018,60V000,11705,T,
2018,60Y000,11705,E,
2018,610302,11705,M,1.0
2018,610310,11705,E,2.0
2018,610320,11705,E,2.0
2018,610322,11705,E,2.0
2018,610326,11705,M,5.0
2018,610332,11705,H,2.0
2018,610334,11705,H,16.0
2018,610LEA,11705,E,2.0
2018,610LEA,11705,H,9.0
2018,610LEA,11705,M,3.0
2018,61J000,11705,I,
2018,61K000,11705,E,
2018,61L000,11705,H,
2018,61M000,11705,E,
2018,61N000,11705,I,
2018,61P000,11705,E,
2018,61Q000,11705,I,
2018,61R000,11705,I,
2018,61S000,11705,E,
2018,61T000,11705,E,
2018,61U000,11705,M,
2018,620310,11705,T,1.0
2018,620312,11705,E,2.0
2018,620314,11705,M,2.0
2018,620316,11705,H,4.0
2018,620318,11705,E,3.0
2018,620324,11705,E,1.0
2018,620330,11705,E,2.0
2018,620334,11705,E,2.0
2018,620336,11705,E,3.0
2018,620339,11705,M,2.0
2018,620340,11705,H,6.0
2018,620350,11705,H,1.0
2018,620LEA,11705,E,2.0
2018,620LEA,11705,H,4.0
2018,620LEA,11705,M,2.0
2018,620LEA,11705,T,1.0
2018,630304,11705,E,2.0
2018,630308,11705,E,0.0
2018,630312,11705,E,6.0
2018,630316,11705,E,5.0
2018,630317,11705,M,0.0
2018,630320,11705,M,3.0
2018,630324,11705,E,10.0
2018,630328,11705,I,2.0
2018,630330,11705,T,0.0
2018,630331,11705,M,5.0
2018,630332,11705,H,6.0
2018,630336,11705,H,7.0
2018,630342,11705,E,3.0
2018,630348,11705,E,3.0
2018,630350,11705,M,5.0
2018,630352,11705,E,3.0
2018,630356,11705,E,2.0
2018,630360,11705,H,8.0
2018,630364,11705,E,8.0
2018,630368,11705,E,2.0
2018,630373,11705,E,5.0
2018,630374,11705,M,6.0
2018,630376,11705,I,1.0
2018,630LEA,11705,E,4.0
2018,630LEA,11705,H,7.0
2018,630LEA,11705,I,2.0
2018,630LEA,11705,M,4.0
2018,630LEA,11705,T,0.0
2018,63A000,11705,E,
2018,63B000,11705,A,
2018,640302,11705,E,3.0
2018,640304,11705,E,7.0
2018,640306,11705,E,1.0
2018,640308,11705,E,2.0
2018,640316,11705,E,2.0
2018,640320,11705,M,1.0
2018,640324,11705,E,8.0
2018,640326,11705,E,0.0
2018,640328,11705,E,2.0
2018,640329,11705,M,4.0
2018,640332,11705,E,0.0
2018,640334,11705,M,0.0
2018,640335,11705,M,1.0
2018,640336,11705,E,2.0
2018,640340,11705,A,0.0
2018,640346,11705,H,2.0
2018,640347,11705,H,0.0
2018,640348,11705,E,5.0
2018,640350,11705,H,5.0
2018,640358,11705,M,3.0
2018,640360,11705,E,1.0
2018,640361,11705,H,10.0
2018,640362,11705,M,1.0
2018,640364,11705,H,4.0
2018,640376,11705,E,2.0
2018,640384,11705,E,3.0
2018,640396,11705,E,4.0
2018,640400,11705,E,9.0
2018,640LEA,11705,A,0.0
2018,640LEA,11705,E,3.0
2018,640LEA,11705,H,4.0
2018,640LEA,11705,M,2.0
2018,640LEA,11705,T,
2018,64A000,11705,A,
2018,650304,11705,E,8.0
2018,650308,11705,E,5.0
2018,650309,11705,E,5.0
2018,650310,11705,M,6.0
2018,650312,11705,E,1.0
2018,650316,11705,E,6.0
2018,650323,11705,E,9.0
2018,650324,11705,E,5.0
2018,650325,11705,M,4.0
2018,650326,11705,H,6.0
2018,650327,11705,H,17.0
2018,650328,11705,E,3.0
2018,650332,11705,I,1.0
2018,650338,11705,E,7.0
2018,650339,11705,E,4.0
2018,650340,11705,H,3.0
2018,650341,11705,E,7.0
2018,650342,11705,H,20.0
2018,650343,11705,M,8.0
2018,650345,11705,I,3.0
2018,650346,11705,E,5.0
2018,650348,11705,E,11.0
2018,650350,11705,M,13.0
2018,650351,11705,M,4.0
2018,650352,11705,H,11.0
2018,650353,11705,E,9.0
2018,650354,11705,T,1.0
2018,650355,11705,A,3.0
2018,650356,11705,E,9.0
2018,650362,11705,E,9.0
2018,650364,11705,M,8.0
2018,650366,11705,E,13.0
2018,650368,11705,E,10.0
2018,650380,11705,E,12.0
2018,650384,11705,E,3.0
2018,650392,11705,M,4.0
2018,650394,11705,H,0.0
2018,650395,11705,H,2.0
2018,650400,11705,E,7.0
2018,650404,11705,E,8.0
2018,650408,11705,E,6.0
2018,650409,11705,M,2.0
2018,650420,11705,E,1.0
2018,650LEA,11705,A,3.0
2018,650LEA,11705,E,7.0
2018,650LEA,11705,H,8.0
2018,650LEA,11705,I,2.0
2018,650LEA,11705,M,6.0
2018,650LEA,11705,T,1.0
2018,65A000,11705,I,
2018,65B000,11705,I,
2018,65C000,11705,E,
2018,65D000,11705,I,
2018,65F000,11705,E,
2018,65G000,11705,M,
2018,660306,11705,E,1.0
2018,660308,11705,M,0.0
2018,660320,11705,E,1.0
2018,660325,11705,M,0.0
2018,660336,11705,H,0.0
2018,660360,11705,E,1.0
2018,660400,11705,H,1.0
2018,660LEA,11705,A,
2018,660LEA,11705,E,1.0
2018,660LEA,11705,H,1.0
2018,660LEA,11705,M,0.0
2018,660LEA,11705,T,
2018,66A000,11705,A,
2018,670300,11705,H,1.0
2018,670304,11705,E,0.0
2018,670308,11705,E,2.0
2018,670310,11705,E,3.0
2018,670312,11705,E,1.0
2018,670314,11705,E,4.0
2018,670318,11705,M,4.0
2018,670320,11705,H,4.0
2018,670321,11705,E,3.0
2018,670322,11705,M,1.0
2018,670323,11705,E,4.0
2018,670324,11705,H,6.0
2018,670325,11705,M,0.0
2018,670329,11705,E,1.0
2018,670330,11705,E,1.0
2018,670331,11705,M,6.0
2018,670332,11705,E,1.0
2018,670333,11705,H,7.0
2018,670335,11705,E,8.0
2018,670336,11705,M,2.0
2018,670337,11705,E,5.0
2018,670338,11705,E,7.0
2018,670339,11705,E,4.0
2018,670340,11705,H,12.0
2018,670341,11705,E,3.0
2018,670342,11705,E,5.0
2018,670343,11705,E,3.0
2018,670344,11705,H,6.0
2018,670345,11705,M,2.0
2018,670346,11705,E,0.0
2018,670347,11705,E,7.0
2018,670350,11705,E,2.0
2018,670351,11705,M,6.0
2018,670352,11705,H,5.0
2018,670356,11705,M,4.0
2018,670364,11705,H,11.0
2018,670LEA,11705,E,3.0
2018,670LEA,11705,H,7.0
2018,670LEA,11705,M,3.0
2018,67B000,11705,I,
2018,680304,11705,M,7.0
2018,680308,11705,E,15.0
2018,680310,11705,H,15.0
2018,680312,11705,E,2.0
2018,680316,11705,M,10.0
2018,680324,11705,E,3.0
2018,680327,11705,M,7.0
2018,680328,11705,E,8.0
2018,680329,11705,E,2.0
2018,680330,11705,E,11.0
2018,680332,11705,H,17.0
2018,680335,11705,H,0.0
2018,680336,11705,E,9.0
2018,680LEA,11705,E,7.0
2018,680LEA,11705,H,11.0
2018,680LEA,11705,M,8.0
2018,680LEA,11705,T,
2018,681300,11705,E,8.0
2018,681304,11705,E,6.0
2018,681305,11705,H,8.0
2018,681308,11705,H,21.0
2018,681309,11705,M,6.0
2018,681310,11705,E,11.0
2018,681311,11705,E,11.0
2018,681312,11705,E,11.0
2018,681314,11705,H,30.0
2018,681316,11705,E,2.0
2018,681320,11705,E,11.0
2018,681322,11705,M,9.0
2018,681324,11705,M,9.0
2018,681326,11705,E,9.0
2018,681328,11705,A,3.0
2018,681330,11705,E,9.0
2018,681332,11705,E,13.0
2018,681334,11705,E,12.0
2018,681336,11705,M,11.0
2018,681338,11705,H,1.0
2018,681LEA,11705,A,3.0
2018,681LEA,11705,E,9.0
2018,681LEA,11705,H,15.0
2018,681LEA,11705,M,9.0
2018,68A000,11705,A,
2018,68C000,11705,I,
2018,690312,11705,E,1.0
2018,690316,11705,M,1.0
2018,690320,11705,H,9.0
2018,690324,11705,E,1.0
2018,690LEA,11705,E,1.0
2018,690LEA,11705,H,9.0
2018,690LEA,11705,M,1.0
2018,69A000,11705,A,
2018,700306,11705,E,6.0
2018,700308,11705,M,2.0
2018,700310,11705,T,0.0
2018,700314,11705,E,5.0
2018,700316,11705,E,1.0
2018,700317,11705,H,5.0
2018,700318,11705,E,1.0
2018,700319,11705,H,0.0
2018,700320,11705,E,1.0
2018,700322,11705,M,4.0
2018,700324,11705,E,2.0
2018,700325,11705,H,2.0
2018,700328,11705,E,6.0
2018,700LEA,11705,E,3.0
2018,700LEA,11705,H,2.0
2018,700LEA,11705,M,3.0
2018,700LEA,11705,T,0.0
2018,70A000,11705,T,
2018,710312,11705,E,4.0
2018,710316,11705,I,0.0
2018,710318,11705,E,5.0
2018,710320,11705,M,4.0
2018,710321,11705,H,8.0
2018,710323,11705,E,10.0
2018,710324,11705,E,4.0
2018,710326,11705,A,1.0
2018,710327,11705,H,0.0
2018,710328,11705,I,4.0
2018,710332,11705,E,5.0
2018,710342,11705,H,10.0
2018,710344,11705,E,5.0
2018,710346,11705,M,2.0
2018,710347,11705,E,8.0
2018,710348,11705,M,0.0
2018,710LEA,11705,A,1.0
2018,710LEA,11705,E,6.0
2018,710LEA,11705,H,6.0
2018,710LEA,11705,I,2.0
2018,710LEA,11705,M,2.0
2018,720304,11705,E,6.0
2018,720312,11705,E,6.0
2018,720316,11705,H,8.0
2018,720320,11705,M,4.0
2018,720LEA,11705,E,6.0
2018,720LEA,11705,H,8.0
2018,720LEA,11705,M,4.0
2018,730332,11705,E,12.0
2018,730334,11705,E,2.0
2018,730340,11705,E,2.0
2018,730344,11705,M,3.0
2018,730348,11705,E,5.0
2018,730350,11705,H,1.0
2018,730352,11705,H,3.0
2018,730354,11705,E,11.0
2018,730356,11705,E,8.0
2018,730360,11705,M,2.0
2018,730368,11705,E,3.0
2018,730LEA,11705,E,6.0
2018,730LEA,11705,H,2.0
2018,730LEA,11705,M,3.0
2018,73A000,11705,E,
2018,73B000,11705,T,
2018,740302,11705,M,6.0
2018,740304,11705,E,10.0
2018,740308,11705,M,0.0
2018,740309,11705,H,6.0
2018,740310,11705,E,4.0
2018,740320,11705,I,1.0
2018,740324,11705,M,4.0
2018,740330,11705,E,7.0
2018,740332,11705,I,21.0
2018,740333,11705,H,12.0
2018,740334,11705,E,0.0
2018,740336,11705,E,8.0
2018,740337,11705,M,1.0
2018,740338,11705,E,3.0
2018,740340,11705,M,3.0
2018,740344,11705,H,4.0
2018,740352,11705,I,2.0
2018,740358,11705,I,3.0
2018,740360,11705,E,2.0
2018,740362,11705,M,11.0
2018,740366,11705,H,16.0
2018,740368,11705,E,2.0
2018,740374,11705,H,8.0
2018,740375,11705,E,0.0
2018,740376,11705,I,1.0
2018,740378,11705,A,2.0
2018,740379,11705,E,11.0
2018,740380,11705,E,11.0
2018,740386,11705,E,2.0
2018,740388,11705,H,12.0
2018,740390,11705,E,2.0
2018,740396,11705,I,3.0
2018,740400,11705,E,8.0
2018,740402,11705,M,0.0
2018,740404,11705,E,8.0
2018,740406,11705,E,11.0
2018,740500,11705,H,1.0
2018,740LEA,11705,A,2.0
2018,740LEA,11705,E,6.0
2018,740LEA,11705,H,8.0
2018,740LEA,11705,I,5.0
2018,740LEA,11705,M,4.0
2018,74B000,11705,I,
2018,74C000,11705,I,
2018,74Z000,11705,,
2018,750304,11705,E,2.0
2018,750314,11705,E,6.0
2018,750317,11705,H,1.0
2018,750318,11705,H,8.0
2018,750319,11705,M,8.0
2018,750320,11705,E,4.0
2018,750328,11705,E,5.0
2018,750LEA,11705,E,4.0
2018,750LEA,11705,H,5.0
2018,750LEA,11705,M,8.0
2018,760304,11705,E,5.0
2018,760308,11705,M,6.0
2018,760316,11705,E,6.0
2018,760318,11705,H,4.0
2018,760320,11705,E,4.0
2018,760324,11705,E,1.0
2018,760328,11705,E,4.0
2018,760329,11705,E,13.0
2018,760330,11705,E,4.0
2018,760331,11705,E,0.0
2018,760332,11705,E,2.0
2018,760336,11705,E,4.0
2018,760338,11705,M,9.0
2018,760339,11705,H,13.0
2018,760340,11705,E,1.0
2018,760344,11705,E,4.0
2018,760348,11705,H,4.0
2018,760352,11705,M,2.0
2018,760354,11705,H,2.0
2018,760356,11705,E,2.0
2018,760357,11705,M,9.0
2018,760358,11705,H,16.0
2018,760359,11705,E,5.0
2018,760360,11705,M,1.0
2018,760364,11705,E,0.0
2018,760368,11705,E,4.0
2018,760376,11705,E,2.0
2018,760378,11705,M,6.0
2018,760380,11705,H,10.0
2018,760382,11705,M,1.0
2018,760388,11705,H,6.0
2018,760LEA,11705,E,4.0
2018,760LEA,11705,H,8.0
2018,760LEA,11705,M,5.0
2018,761304,11705,H,14.0
2018,761308,11705,M,6.0
2018,761312,11705,E,6.0
2018,761320,11705,E,3.0
2018,761321,11705,E,0.0
2018,761328,11705,E,5.0
2018,761332,11705,E,3.0
2018,761336,11705,M,0.0
2018,761LEA,11705,E,3.0
2018,761LEA,11705,H,14.0
2018,761LEA,11705,M,3.0
2018,76A000,11705,T,
2018,770310,11705,E,7.0
2018,770316,11705,M,1.0
2018,770318,11705,E,3.0
2018,770328,11705,M,1.0
2018,770340,11705,E,3.0
2018,770342,11705,T,0.0
2018,770344,11705,E,1.0
2018,770346,11705,E,4.0
2018,770348,11705,H,3.0
2018,770349,11705,H,2.0
2018,770351,11705,H,1.0
2018,770360,11705,M,2.0
2018,770364,11705,M,3.0
2018,770368,11705,E,2.0
2018,770370,11705,E,2.0
2018,770LEA,11705,A,
2018,770LEA,11705,E,3.0
2018,770LEA,11705,H,2.0
2018,770LEA,11705,M,2.0
2018,770LEA,11705,T,0.0
2018,780320,11705,E,0.0
2018,780322,11705,E,2.0
2018,780324,11705,I,0.0
2018,780325,11705,H,3.0
2018,780326,11705,M,0.0
2018,780328,11705,E,1.0
2018,780329,11705,E,0.0
2018,780330,11705,E,2.0
2018,780331,11705,,2.0
2018,780336,11705,I,1.0
2018,780340,11705,E,0.0
2018,780341,11705,M,2.0
2018,780342,11705,H,9.0
2018,780344,11705,I,0.0
2018,780352,11705,M,1.0
2018,780356,11705,E,0.0
2018,780360,11705,I,1.0
2018,780364,11705,E,4.0
2018,780368,11705,M,1.0
2018,780374,11705,E,2.0
2018,780376,11705,E,2.0
2018,780384,11705,I,3.0
2018,780385,11705,H,0.0
2018,780390,11705,E,1.0
2018,780391,11705,H,0.0
2018,780392,11705,E,1.0
2018,780393,11705,M,2.0
2018,780394,11705,E,0.0
2018,780396,11705,M,0.0
2018,780398,11705,E,0.0
2018,780400,11705,E,1.0
2018,780401,11705,H,3.0
2018,780402,11705,H,2.0
2018,780403,11705,M,1.0
2018,780407,11705,E,6.0
2018,780408,11705,E,1.0
2018,780410,11705,M,1.0
2018,780412,11705,E,4.0
2018,780416,11705,E,5.0
2018,780417,11705,E,0.0
2018,780418,11705,E,1.0
2018,780420,11705,H,1.0
2018,780LEA,11705,A,
2018,780LEA,11705,E,2.0
2018,780LEA,11705,H,3.0
2018,780LEA,11705,I,1.0
2018,780LEA,11705,M,1.0
2018,78A000,11705,M,
2018,78B000,11705,I,
2018,790302,11705,E,3.0
2018,790310,11705,E,7.0
2018,790314,11705,H,4.0
2018,790318,11705,E,7.0
2018,790322,11705,E,0.0
2018,790327,11705,E,7.0
2018,790330,11705,M,5.0
2018,790334,11705,E,3.0
2018,790344,11705,E,4.0
2018,790347,11705,E,1.0
2018,790350,11705,E,4.0
2018,790354,11705,H,2.0
2018,790358,11705,E,4.0
2018,790362,11705,E,2.0
2018,790366,11705,H,3.0
2018,790374,11705,M,3.0
2018,790378,11705,H,7.0
2018,790379,11705,H,0.0
2018,790380,11705,M,3.0
2018,790386,11705,E,4.0
2018,790390,11705,E,3.0
2018,790392,11705,A,1.0
2018,790394,11705,M,4.0
2018,790398,11705,E,6.0
2018,790402,11705,E,4.0
2018,790LEA,11705,A,1.0
2018,790LEA,11705,E,4.0
2018,790LEA,11705,H,3.0
2018,790LEA,11705,M,4.0
2018,79A000,11705,M,
2018,800308,11705,T,0.0
2018,800312,11705,E,3.0
2018,800314,11705,M,11.0
2018,800315,11705,E,3.0
2018,800316,11705,E,3.0
2018,800320,11705,M,2.0
2018,800324,11705,E,2.0
2018,800328,11705,M,10.0
2018,800340,11705,H,6.0
2018,800346,11705,E,1.0
2018,800347,11705,E,1.0
2018,800348,11705,E,1.0
2018,800352,11705,E,4.0
2018,800356,11705,E,4.0
2018,800358,11705,E,0.0
2018,800359,11705,E,3.0
2018,800360,11705,E,2.0
2018,800361,11705,H,8.0
2018,800362,11705,E,4.0
2018,800363,11705,M,2.0
2018,800364,11705,E,6.0
2018,800366,11705,E,7.0
2018,800368,11705,E,5.0
2018,800372,11705,E,4.0
2018,800373,11705,E,5.0
2018,800376,11705,H,4.0
2018,800377,11705,M,0.0
2018,800392,11705,E,2.0
2018,800394,11705,H,4.0
2018,800396,11705,H,6.0
2018,800398,11705,M,4.0
2018,800400,11705,H,6.0
2018,800408,11705,H,5.0
2018,800410,11705,M,4.0
2018,800412,11705,E,2.0
2018,800LEA,11705,E,3.0
2018,800LEA,11705,H,6.0
2018,800LEA,11705,M,5.0
2018,800LEA,11705,T,0.0
2018,810324,11705,H,11.0
2018,810326,11705,M,1.0
2018,810328,11705,E,4.0
2018,810336,11705,E,6.0
2018,810340,11705,H,6.0
2018,810342,11705,M,7.0
2018,810344,11705,E,3.0
2018,810350,11705,E,2.0
2018,810360,11705,E,2.0
2018,810364,11705,E,1.0
2018,810370,11705,E,4.0
2018,810378,11705,M,5.0
2018,810384,11705,H,12.0
2018,810385,11705,H,2.0
2018,810386,11705,T,3.0
2018,810388,11705,E,4.0
2018,810396,11705,E,6.0
2018,810400,11705,E,3.0
2018,810LEA,11705,E,4.0
2018,810LEA,11705,H,8.0
2018,810LEA,11705,M,4.0
2018,810LEA,11705,T,3.0
2018,81A000,11705,A,
2018,81B000,11705,A,
2018,820312,11705,E,3.0
2018,820320,11705,E,5.0
2018,820324,11705,H,0.0
2018,820340,11705,E,5.0
2018,820346,11705,E,3.0
2018,820347,11705,M,3.0
2018,820348,11705,H,3.0
2018,820349,11705,H,2.0
2018,820350,11705,E,2.0
2018,820352,11705,H,3.0
2018,820354,11705,M,1.0
2018,820364,11705,E,2.0
2018,820370,11705,M,0.0
2018,820372,11705,M,2.0
2018,820376,11705,E,2.0
2018,820384,11705,E,4.0
2018,820385,11705,E,0.0
2018,820388,11705,H,0.0
2018,820LEA,11705,E,3.0
2018,820LEA,11705,H,2.0
2018,820LEA,11705,M,2.0
2018,821304,11705,E,3.0
2018,821308,11705,H,4.0
2018,821316,11705,E,4.0
2018,821320,11705,M,5.0
2018,821330,11705,E,0.0
2018,821LEA,11705,E,2.0
2018,821LEA,11705,H,4.0
2018,821LEA,11705,M,5.0
2018,830304,11705,M,5.0
2018,830312,11705,E,2.0
2018,830316,11705,T,1.0
2018,830320,11705,E,3.0
2018,830328,11705,E,10.0
2018,830336,11705,E,0.0
2018,830343,11705,H,8.0
2018,830348,11705,H,1.0
2018,830349,11705,M,5.0
2018,830356,11705,E,3.0
2018,830360,11705,E,3.0
2018,830364,11705,E,2.0
2018,830LEA,11705,E,3.0
2018,830LEA,11705,H,5.0
2018,830LEA,11705,M,5.0
2018,830LEA,11705,T,1.0
2018,840302,11705,H,2.0
2018,840303,11705,M,5.0
2018,840304,11705,E,4.0
2018,840308,11705,E,5.0
2018,840310,11705,E,4.0
2018,840312,11705,E,1.0
2018,840316,11705,E,3.0
2018,840320,11705,E,4.0
2018,840324,11705,E,3.0
2018,840328,11705,M,3.0
2018,840332,11705,H,6.0
2018,840336,11705,E,2.0
2018,840342,11705,I,3.0
2018,840344,11705,E,4.0
2018,840350,11705,M,6.0
2018,840356,11705,H,4.0
2018,840358,11705,M,3.0
2018,840360,11705,E,3.0
2018,840361,11705,H,2.0
2018,840368,11705,H,8.0
2018,840370,11705,H,0.0
2018,840LEA,11705,E,3.0
2018,840LEA,11705,H,4.0
2018,840LEA,11705,I,3.0
2018,840LEA,11705,M,4.0
2018,840LEA,11705,T,
2018,84B000,11705,T,
2018,850304,11705,M,7.0
2018,850312,11705,E,0.0
2018,850314,11705,E,1.0
2018,850316,11705,E,1.0
2018,850320,11705,E,0.0
2018,850324,11705,T,0.0
2018,850328,11705,E,2.0
2018,850332,11705,H,1.0
2018,850336,11705,E,0.0
2018,850338,11705,M,1.0
2018,850340,11705,E,5.0
2018,850342,11705,E,4.0
2018,850348,11705,E,1.0
2018,850350,11705,M,5.0
2018,850352,11705,H,5.0
2018,850354,11705,E,1.0
2018,850356,11705,E,0.0
2018,850358,11705,H,12.0
2018,850360,11705,H,1.0
2018,850LEA,11705,E,1.0
2018,850LEA,11705,H,5.0
2018,850LEA,11705,M,4.0
2018,850LEA,11705,T,0.0
2018,860302,11705,E,4.0
2018,860306,11705,M,11.0
2018,860308,11705,E,1.0
2018,860312,11705,E,1.0
2018,860316,11705,H,8.0
2018,860320,11705,E,4.0
2018,860324,11705,E,9.0
2018,860326,11705,M,6.0
2018,860330,11705,M,5.0
2018,860332,11705,E,0.0
2018,860336,11705,H,8.0
2018,860339,11705,E,7.0
2018,860340,11705,M,3.0
2018,860344,11705,E,3.0
2018,860348,11705,E,2.0
2018,860352,11705,H,4.0
2018,860354,11705,H,0.0
2018,860356,11705,E,2.0
2018,860360,11705,E,1.0
2018,860LEA,11705,E,3.0
2018,860LEA,11705,H,5.0
2018,860LEA,11705,M,6.0
2018,861304,11705,E,10.0
2018,861308,11705,H,6.0
2018,861312,11705,M,2.0
2018,861LEA,11705,E,10.0
2018,861LEA,11705,H,6.0
2018,861LEA,11705,M,2.0
2018,862308,11705,E,5.0
2018,862310,11705,E,1.0
2018,862312,11705,H,5.0
2018,862316,11705,M,6.0
2018,862LEA,11705,E,3.0
2018,862LEA,11705,H,5.0
2018,862LEA,11705,M,6.0
2018,86T000,11705,A,
2018,870314,11705,H,9.0
2018,870318,11705,I,6.0
2018,870320,11705,E,4.0
2018,870324,11705,E,4.0
2018,870LEA,11705,A,0.0
2018,870LEA,11705,E,4.0
2018,870LEA,11705,H,9.0
2018,870LEA,11705,I,6.0
2018,870LEA,11705,M,
2018,87A000,11705,I,
2018,880304,11705,E,7.0
2018,880308,11705,H,7.0
2018,880312,11705,M,5.0
2018,880318,11705,E,6.0
2018,880320,11705,H,0.0
2018,880324,11705,E,1.0
2018,880328,11705,H,10.0
2018,880330,11705,M,7.0
2018,880336,11705,E,3.0
2018,880LEA,11705,E,4.0
2018,880LEA,11705,H,6.0
2018,880LEA,11705,M,6.0
2018,880LEA,11705,T,
2018,88A000,11705,I,
2018,890304,11705,H,2.0
2018,890306,11705,M,3.0
2018,890308,11705,E,3.0
2018,890LEA,11705,E,3.0
2018,890LEA,11705,H,2.0
2018,890LEA,11705,M,3.0
2018,900302,11705,E,3.0
2018,900303,11705,E,7.0
2018,900304,11705,E,5.0
2018,900305,11705,E,3.0
2018,900306,11705,E,1.0
2018,900307,11705,E,6.0
2018,900308,11705,M,3.0
2018,900310,11705,M,10.0
2018,900311,11705,H,21.0
2018,900312,11705,E,4.0
2018,900314,11705,M,3.0
2018,900316,11705,H,7.0
2018,900318,11705,E,2.0
2018,900320,11705,E,7.0
2018,900328,11705,E,5.0
2018,900332,11705,E,2.0
2018,900334,11705,E,5.0
2018,900336,11705,H,5.0
2018,900340,11705,E,3.0
2018,900341,11705,E,1.0
2018,900342,11705,H,8.0
2018,900343,11705,M,7.0
2018,900344,11705,H,7.0
2018,900346,11705,M,5.0
2018,900347,11705,E,4.0
2018,900348,11705,H,12.0
2018,900350,11705,M,6.0
2018,900351,11705,E,9.0
2018,900352,11705,E,1.0
2018,900353,11705,E,1.0
2018,900354,11705,E,5.0
2018,900356,11705,E,2.0
2018,900358,11705,E,5.0
2018,900360,11705,H,4.0
2018,900362,11705,M,7.0
2018,900363,11705,E,3.0
2018,900364,11705,E,6.0
2018,900365,11705,T,0.0
2018,900366,11705,H,3.0
2018,900367,11705,H,6.0
2018,900368,11705,E,8.0
2018,900370,11705,E,2.0
2018,900372,11705,E,9.0
2018,900376,11705,E,4.0
2018,900377,11705,H,12.0
2018,900378,11705,M,8.0
2018,900380,11705,E,4.0
2018,900384,11705,E,4.0
2018,900388,11705,E,5.0
2018,900391,11705,M,3.0
2018,900392,11705,A,3.0
2018,900393,11705,H,7.0
2018,900LEA,11705,A,3.0
2018,900LEA,11705,E,4.0
2018,900LEA,11705,H,8.0
2018,900LEA,11705,M,6.0
2018,900LEA,11705,T,0.0
2018,90A000,11705,A,
2018,90B000,11705,E,
2018,90C000,11705,I,
2018,910304,11705,E,2.0
2018,910308,11705,E,1.0
2018,910311,11705,E,1.0
2018,910314,11705,E,4.0
2018,910316,11705,M,2.0
2018,910320,11705,M,1.0
2018,910340,11705,E,1.0
2018,910346,11705,E,0.0
2018,910356,11705,E,2.0
2018,910360,11705,E,1.0
2018,910364,11705,H,0.0
2018,910368,11705,H,0.0
2018,910370,11705,H,2.0
2018,910376,11705,E,0.0
2018,910380,11705,E,9.0
2018,910382,11705,H,0.0
2018,910384,11705,M,0.0
2018,910LEA,11705,E,2.0
2018,910LEA,11705,H,1.0
2018,910LEA,11705,M,1.0
2018,91A000,11705,A,
2018,91B000,11705,A,
2018,920302,11705,E,4.0
2018,920303,11705,E,12.0
2018,920304,11705,E,8.0
2018,920306,11705,E,9.0
2018,920307,11705,E,11.0
2018,920308,11705,E,6.0
2018,920312,11705,M,19.0
2018,920316,11705,H,20.0
2018,920317,11705,H,25.0
2018,920318,11705,H,26.0
2018,920320,11705,E,5.0
2018,920324,11705,T,0.0
2018,920325,11705,E,4.0
2018,920326,11705,E,4.0
2018,920327,11705,E,9.0
2018,920328,11705,E,1.0
2018,920329,11705,E,2.0
2018,920332,11705,E,0.0
2018,920334,11705,E,10.0
2018,920336,11705,E,6.0
2018,920340,11705,E,3.0
2018,920342,11705,E,10.0
2018,920344,11705,E,6.0
2018,920348,11705,H,21.0
2018,920352,11705,E,2.0
2018,920356,11705,M,6.0
2018,920358,11705,E,4.0
2018,920360,11705,M,6.0
2018,920362,11705,E,5.0
2018,920364,11705,E,7.0
2018,920368,11705,H,30.0
2018,920369,11705,E,5.0
2018,920370,11705,M,6.0
2018,920376,11705,E,10.0
2018,920380,11705,E,8.0
2018,920381,11705,M,0.0
2018,920384,11705,E,3.0
2018,920386,11705,H,3.0
2018,920388,11705,M,7.0
2018,920390,11705,E,21.0
2018,920391,11705,M,15.0
2018,920393,11705,E,6.0
2018,920394,11705,M,7.0
2018,920396,11705,E,11.0
2018,920398,11705,E,7.0
2018,920399,11705,M,8.0
2018,920400,11705,M,8.0
2018,920402,11705,M,12.0
2018,920403,11705,E,5.0
2018,920404,11705,M,8.0
2018,920408,11705,M,2.0
2018,920410,11705,M,7.0
2018,920411,11705,H,11.0
2018,920412,11705,H,27.0
2018,920413,11705,E,5.0
2018,920414,11705,E,10.0
2018,920415,11705,E,2.0
2018,920416,11705,E,1.0
2018,920417,11705,E,7.0
2018,920420,11705,E,5.0
2018,920424,11705,M,12.0
2018,920428,11705,H,22.0
2018,920436,11705,H,31.0
2018,920438,11705,M,3.0
2018,920439,11705,E,5.0
2018,920440,11705,E,2.0
2018,920441,11705,H,34.0
2018,920442,11705,I,5.0
2018,920443,11705,E,11.0
2018,920444,11705,M,12.0
2018,920445,11705,H,18.0
2018,920446,11705,E,3.0
2018,920447,11705,E,8.0
2018,920448,11705,E,13.0
2018,920449,11705,E,6.0
2018,920450,11705,M,18.0
2018,920451,11705,E,5.0
2018,920452,11705,E,3.0
2018,920453,11705,E,6.0
2018,920454,11705,E,18.0
2018,920455,11705,H,25.0
2018,920456,11705,E,2.0
2018,920457,11705,E,16.0
2018,920458,11705,M,20.0
2018,920459,11705,E,12.0
2018,920460,11705,E,2.0
2018,920464,11705,E,4.0
2018,920466,11705,H,4.0
2018,920467,11705,E,13.0
2018,920468,11705,E,13.0
2018,920469,11705,E,6.0
2018,920470,11705,E,6.0
2018,920471,11705,M,5.0
2018,920472,11705,M,5.0
2018,920473,11705,H,35.0
2018,920474,11705,E,11.0
2018,920476,11705,E,6.0
2018,920480,11705,E,6.0
2018,920484,11705,M,6.0
2018,920488,11705,E,2.0
2018,920492,11705,M,11.0
2018,920494,11705,E,7.0
2018,920495,11705,H,24.0
2018,920496,11705,E,7.0
2018,920500,11705,H,32.0
2018,920501,11705,E,10.0
2018,920502,11705,M,25.0
2018,920504,11705,E,10.0
2018,920506,11705,M,6.0
2018,920508,11705,I,6.0
2018,920512,11705,M,8.0
2018,920514,11705,E,8.0
2018,920516,11705,E,4.0
2018,920518,11705,H,7.0
2018,920520,11705,E,6.0
2018,920521,11705,E,11.0
2018,920522,11705,E,16.0
2018,920523,11705,E,11.0
2018,920524,11705,E,9.0
2018,920525,11705,E,8.0
2018,920526,11705,H,31.0
2018,920528,11705,H,8.0
2018,920529,11705,M,14.0
2018,920530,11705,E,3.0
2018,920531,11705,E,12.0
2018,920532,11705,E,3.0
2018,920533,11705,E,8.0
2018,920536,11705,E,4.0
2018,920540,11705,E,2.0
2018,920542,11705,E,5.0
2018,920543,11705,E,4.0
2018,920544,11705,E,6.0
2018,920545,11705,M,22.0
2018,920546,11705,H,12.0
2018,920547,11705,E,5.0
2018,920548,11705,E,2.0
2018,920549,11705,M,3.0
2018,920550,11705,E,5.0
2018,920551,11705,M,21.0
2018,920552,11705,H,26.0
2018,920554,11705,E,10.0
2018,920556,11705,H,4.0
2018,920557,11705,E,15.0
2018,920560,11705,E,4.0
2018,920562,11705,H,10.0
2018,920564,11705,E,4.0
2018,920568,11705,E,8.0
2018,920569,11705,E,15.0
2018,920570,11705,E,6.0
2018,920571,11705,E,12.0
2018,920572,11705,E,7.0
2018,920576,11705,E,5.0
2018,920580,11705,E,3.0
2018,920581,11705,H,10.0
2018,920582,11705,H,5.0
2018,920583,11705,H,4.0
2018,920584,11705,E,3.0
2018,920585,11705,T,2.0
2018,920586,11705,T,7.0
2018,920588,11705,H,22.0
2018,920592,11705,M,7.0
2018,920593,11705,E,6.0
2018,920594,11705,M,11.0
2018,920595,11705,H,14.0
2018,920596,11705,E,7.0
2018,920597,11705,E,6.0
2018,920598,11705,E,5.0
2018,920599,11705,E,6.0
2018,920600,11705,E,3.0
2018,920601,11705,M,4.0
2018,920604,11705,M,3.0
2018,920606,11705,E,12.0
2018,920607,11705,M,14.0
2018,920608,11705,M,4.0
2018,920614,11705,E,10.0
2018,920616,11705,E,3.0
2018,920618,11705,E,6.0
2018,920620,11705,E,5.0
2018,920624,11705,E,19.0
2018,920626,11705,E,7.0
2018,920628,11705,E,3.0
2018,920632,11705,E,1.0
2018,920636,11705,M,9.0
2018,920LEA,11705,E,7.0
2018,920LEA,11705,H,19.0
2018,920LEA,11705,I,6.0
2018,920LEA,11705,M,10.0
2018,920LEA,11705,T,3.0
2018,92B000,11705,I,
2018,92D000,11705,I,
2018,92E000,11705,I,
2018,92F000,11705,A,
2018,92G000,11705,A,
2018,92K000,11705,H,
2018,92L000,11705,I,
2018,92M000,11705,I,
2018,92N000,11705,I,
2018,92P000,11705,T,
2018,92Q000,11705,E,
2018,92R000,11705,I,
2018,92S000,11705,I,
2018,92T000,11705,A,
2018,92U000,11705,H,
2018,92V000,11705,I,
2018,92W000,11705,I,
2018,92Y000,11705,I,
2018,930330,11705,E,2.0
2018,930340,11705,I,1.0
2018,930344,11705,E,0.0
2018,930348,11705,E,1.0
2018,930352,11705,H,0.0
2018,930354,11705,M,1.0
2018,930360,11705,H,1.0
2018,930700,11705,H,0.0
2018,930LEA,11705,E,1.0
2018,930LEA,11705,H,0.0
2018,930LEA,11705,I,1.0
2018,930LEA,11705,M,1.0
2018,93A000,11705,A,
2018,93J000,11705,E,
2018,93L000,11705,H,
2018,93M000,11705,I,
2018,93N000,11705,E,
2018,940306,11705,E,2.0
2018,940308,11705,T,0.0
2018,940314,11705,E,1.0
2018,940316,11705,H,0.0
2018,940328,11705,M,0.0
2018,940330,11705,H,0.0
2018,940LEA,11705,E,2.0
2018,940LEA,11705,H,0.0
2018,940LEA,11705,M,0.0
2018,940LEA,11705,T,0.0
2018,94Z000,11705,H,2.0
2018,950308,11705,I,4.0
2018,950312,11705,I,4.0
2018,950316,11705,I,5.0
2018,950320,11705,I,6.0
2018,950322,11705,I,15.0
2018,950324,11705,I,5.0
2018,950328,11705,I,13.0
2018,950332,11705,I,7.0
2018,950336,11705,H,20.0
2018,950338,11705,H,1.0
2018,950LEA,11705,H,11.0
2018,950LEA,11705,I,7.0
2018,95A000,11705,I,
2018,960312,11705,M,0.0
2018,960314,11705,E,1.0
2018,960316,11705,E,4.0
2018,960318,11705,E,3.0
2018,960324,11705,H,13.0
2018,960326,11705,M,0.0
2018,960329,11705,E,1.0
2018,960330,11705,H,11.0
2018,960331,11705,M,3.0
2018,960332,11705,A,1.0
2018,960334,11705,E,4.0
2018,960335,11705,H,0.0
2018,960336,11705,E,3.0
2018,960338,11705,M,1.0
2018,960340,11705,M,1.0
2018,960344,11705,E,5.0
2018,960348,11705,M,5.0
2018,960360,11705,M,2.0
2018,960370,11705,E,4.0
2018,960372,11705,H,6.0
2018,960374,11705,M,2.0
2018,960380,11705,H,7.0
2018,960382,11705,E,10.0
2018,960386,11705,H,7.0
2018,960387,11705,M,7.0
2018,960388,11705,E,5.0
2018,960390,11705,E,0.0
2018,960450,11705,E,10.0
2018,960454,11705,E,6.0
2018,960488,11705,A,0.0
2018,960490,11705,H,8.0
2018,960700,11705,T,1.0
2018,960LEA,11705,A,1.0
2018,960LEA,11705,E,4.0
2018,960LEA,11705,H,7.0
2018,960LEA,11705,I,
2018,960LEA,11705,M,2.0
2018,960LEA,11705,T,1.0
2018,96C000,11705,I,
2018,96F000,11705,I,
2018,970308,11705,E,0.0
2018,970310,11705,E,0.0
2018,970312,11705,E,1.0
2018,970315,11705,M,6.0
2018,970320,11705,H,4.0
2018,970322,11705,M,3.0
2018,970337,11705,E,10.0
2018,970340,11705,E,2.0
2018,970344,11705,E,3.0
2018,970348,11705,E,5.0
2018,970352,11705,E,7.0
2018,970356,11705,H,6.0
2018,970358,11705,M,2.0
2018,970360,11705,E,2.0
2018,970368,11705,E,4.0
2018,970370,11705,E,5.0
2018,970376,11705,E,2.0
2018,970388,11705,H,11.0
2018,970389,11705,M,2.0
2018,970390,11705,H,4.0
2018,970392,11705,E,5.0
2018,970393,11705,H,1.0
2018,970LEA,11705,E,4.0
2018,970LEA,11705,H,5.0
2018,970LEA,11705,M,3.0
2018,97D000,11705,I,
2018,980306,11705,A,1.0
2018,980308,11705,E,1.0
2018,980317,11705,M,1.0
2018,980318,11705,H,5.0
2018,980320,11705,E,2.0
2018,980324,11705,M,1.0
2018,980336,11705,H,15.0
2018,980338,11705,M,2.0
2018,980340,11705,E,2.0
2018,980342,11705,H,11.0
2018,980344,11705,E,2.0
2018,980348,11705,E,4.0
2018,980352,11705,E,3.0
2018,980356,11705,E,4.0
2018,980357,11705,E,3.0
2018,980360,11705,E,6.0
2018,980364,11705,E,3.0
2018,980380,11705,M,1.0
2018,980384,11705,M,1.0
2018,980388,11705,E,2.0
2018,980390,11705,M,0.0
2018,980392,11705,E,3.0
2018,980396,11705,E,4.0
2018,980397,11705,H,1.0
2018,980398,11705,H,4.0
2018,980400,11705,E,1.0
2018,980LEA,11705,A,1.0
2018,980LEA,11705,E,3.0
2018,980LEA,11705,H,7.0
2018,980LEA,11705,M,1.0
2018,980LEA,11705,T,
2018,98A000,11705,I,
2018,98B000,11705,A,
2018,990304,11705,A,1.0
2018,990308,11705,I,2.0
2018,990312,11705,E,1.0
2018,990316,11705,E,0.0
2018,990320,11705,E,5.0
2018,990321,11705,M,3.0
2018,990322,11705,H,3.0
2018,990324,11705,E,2.0
2018,990325,11705,M,2.0
2018,990326,11705,H,3.0
2018,990328,11705,E,2.0
2018,990332,11705,H,0.0
2018,990336,11705,I,11.0
2018,990340,11705,A,0.0
2018,990LEA,11705,A,1.0
2018,990LEA,11705,E,2.0
2018,990LEA,11705,H,2.0
2018,990LEA,11705,I,7.0
2018,990LEA,11705,M,3.0
2018,995304,11705,E,2.0
2018,995308,11705,E,0.0
2018,995312,11705,E,4.0
2018,995316,11705,M,8.0
2018,995320,11705,E,1.0
2018,995324,11705,M,7.0
2018,995328,11705,E,2.0
2018,995330,11705,A,14.0
2018,995336,11705,E,1.0
2018,995LEA,11705,A,14.0
2018,995LEA,11705,E,2.0
2018,995LEA,11705,H,
2018,995LEA,11705,I,
2018,995LEA,11705,M,8.0
2018,NC-SEA,11705,A,2.0
2018,NC-SEA,11705,E,4.0
2018,NC-SEA,11705,H,7.0
2018,NC-SEA,11705,I,4.0
2018,NC-SEA,11705,M,5.0
2018,NC-SEA,11705,T,2.0
