year,agency_code,home_lea,pct_enrolled,subgroup,masking
2018,00A000,NC-SEA,12.8,HI7,
2018,00A000,NC-SEA,19.4,BL7,
2018,00A000,NC-SEA,57.1,WH7,
2018,00A000,NC-SEA,5,AM7,2
2018,00A000,NC-SEA,5,AS7,2
2018,00A000,NC-SEA,5,EDS,2
2018,00A000,NC-SEA,5,ELS,2
2018,00A000,NC-SEA,5,PI7,2
2018,00A000,NC-SEA,7.2,MU7,
2018,00A000,NC-SEA,9,SWD,
2018,00B000,NC-SEA,11.4,SWD,
2018,00B000,NC-SEA,20.6,BL7,
2018,00B000,NC-SEA,58.6,WH7,
2018,00B000,NC-SEA,5,AM7,2
2018,00B000,NC-SEA,5,AS7,2
2018,00B000,NC-SEA,5,EDS,2
2018,00B000,NC-SEA,5,ELS,2
2018,00B000,NC-SEA,5,PI7,2
2018,00B000,NC-SEA,9.5,MU7,
2018,00B000,NC-SEA,9.6,HI7,
2018,010000,010LEA,12.3,SWD,
2018,010000,010LEA,22.9,BL7,
2018,010000,010LEA,26.5,HI7,
2018,010000,010LEA,43.9,WH7,
2018,010000,010LEA,49.9,EDS,
2018,010000,010LEA,5,AM7,2
2018,010000,010LEA,5,AS7,2
2018,010000,010LEA,5,MU7,2
2018,010000,010LEA,5,PI7,2
2018,010000,010LEA,9.7,ELS,
2018,01B000,010LEA,13.4,BL7,
2018,01B000,010LEA,5,AM7,2
2018,01B000,010LEA,5,AS7,2
2018,01B000,010LEA,5,EDS,2
2018,01B000,010LEA,5,ELS,2
2018,01B000,010LEA,5,MU7,
2018,01B000,010LEA,5,PI7,2
2018,01B000,010LEA,72.3,WH7,
2018,01B000,010LEA,7.2,HI7,
2018,01B000,010LEA,9,SWD,
2018,01C000,010LEA,11.1,SWD,
2018,01C000,010LEA,5.2,HI7,
2018,01C000,010LEA,5,AM7,2
2018,01C000,010LEA,5,AS7,2
2018,01C000,010LEA,5,BL7,2
2018,01C000,010LEA,5,EDS,2
2018,01C000,010LEA,5,ELS,2
2018,01C000,010LEA,5,MU7,2
2018,01C000,010LEA,5,PI7,2
2018,01C000,010LEA,87.6,WH7,
2018,01D000,010LEA,10.7,SWD,
2018,01D000,010LEA,5.5,MU7,
2018,01D000,010LEA,5,AM7,2
2018,01D000,010LEA,5,AS7,2
2018,01D000,010LEA,5,BL7,2
2018,01D000,010LEA,5,EDS,2
2018,01D000,010LEA,5,ELS,2
2018,01D000,010LEA,5,HI7,2
2018,01D000,010LEA,5,PI7,2
2018,01D000,010LEA,84.4,WH7,
2018,060000,060LEA,12.2,HI7,
2018,060000,060LEA,16.7,SWD,
2018,060000,060LEA,57.2,EDS,
2018,060000,060LEA,5,AM7,2
2018,060000,060LEA,5,AS7,2
2018,060000,060LEA,5,BL7,2
2018,060000,060LEA,5,MU7,2
2018,060000,060LEA,5,PI7,2
2018,060000,060LEA,7.2,ELS,
2018,060000,060LEA,84.4,WH7,
2018,06A000,060LEA,12,MU7,
2018,06A000,060LEA,20,BL7,
2018,06A000,060LEA,32,EDS,
2018,06A000,060LEA,32,SWD,
2018,06A000,060LEA,5,AM7,2
2018,06A000,060LEA,5,AS7,2
2018,06A000,060LEA,5,ELS,2
2018,06A000,060LEA,5,PI7,2
2018,06A000,060LEA,60,WH7,
2018,06A000,060LEA,8,HI7,
2018,06B000,060LEA,30.4,EDS,
2018,06B000,060LEA,30.4,SWD,
2018,06B000,060LEA,5,AM7,2
2018,06B000,060LEA,5,AS7,2
2018,06B000,060LEA,5,BL7,2
2018,06B000,060LEA,5,ELS,2
2018,06B000,060LEA,5,MU7,2
2018,06B000,060LEA,5,PI7,2
2018,06B000,060LEA,7.2,HI7,
2018,06B000,060LEA,84.1,WH7,
2018,070000,070LEA,13.6,SWD,
2018,070000,070LEA,16.6,HI7,
2018,070000,070LEA,32.2,BL7,
2018,070000,070LEA,44.3,EDS,
2018,070000,070LEA,46.3,WH7,
2018,070000,070LEA,5.8,ELS,
2018,070000,070LEA,5,AM7,2
2018,070000,070LEA,5,AS7,2
2018,070000,070LEA,5,MU7,2
2018,070000,070LEA,5,PI7,2
2018,07A000,070LEA,13.8,SWD,
2018,07A000,070LEA,5,AM7,2
2018,07A000,070LEA,5,AS7,2
2018,07A000,070LEA,5,BL7,2
2018,07A000,070LEA,5,EDS,2
2018,07A000,070LEA,5,ELS,2
2018,07A000,070LEA,5,MU7,2
2018,07A000,070LEA,5,PI7,2
2018,07A000,070LEA,6.9,HI7,
2018,07A000,070LEA,86.2,WH7,
2018,080000,080LEA,12.5,SWD,
2018,080000,080LEA,14,WH7,
2018,080000,080LEA,57.6,EDS,
2018,080000,080LEA,5,AM7,2
2018,080000,080LEA,5,AS7,2
2018,080000,080LEA,5,ELS,2
2018,080000,080LEA,5,HI7,2
2018,080000,080LEA,5,MU7,2
2018,080000,080LEA,5,PI7,2
2018,080000,080LEA,80.9,BL7,
2018,08A000,080LEA,12.2,WH7,
2018,08A000,080LEA,14.2,SWD,
2018,08A000,080LEA,5.4,MU7,
2018,08A000,080LEA,5,AM7,2
2018,08A000,080LEA,5,AS7,2
2018,08A000,080LEA,5,ELS,2
2018,08A000,080LEA,5,HI7,2
2018,08A000,080LEA,5,PI7,2
2018,08A000,080LEA,74.3,EDS,
2018,08A000,080LEA,81.8,BL7,
2018,090000,090LEA,11.2,SWD,
2018,090000,090LEA,23.7,HI7,
2018,090000,090LEA,34.8,BL7,
2018,090000,090LEA,35.1,WH7,
2018,090000,090LEA,44.1,EDS,
2018,090000,090LEA,5,AM7,2
2018,090000,090LEA,5,AS7,2
2018,090000,090LEA,5,MU7,2
2018,090000,090LEA,5,PI7,2
2018,090000,090LEA,6.9,ELS,
2018,09A000,090LEA,15.4,WH7,
2018,09A000,090LEA,5,AS7,2
2018,09A000,090LEA,5,EDS,2
2018,09A000,090LEA,5,ELS,2
2018,09A000,090LEA,5,PI7,2
2018,09A000,090LEA,5,SWD,2
2018,09A000,090LEA,6.2,AM7,
2018,09A000,090LEA,6.2,HI7,
2018,09A000,090LEA,65.4,BL7,
2018,09A000,090LEA,6.8,MU7,
2018,09B000,090LEA,11.5,SWD,
2018,09B000,090LEA,19.7,BL7,
2018,09B000,090LEA,5,AM7,2
2018,09B000,090LEA,5,AS7,2
2018,09B000,090LEA,5,EDS,2
2018,09B000,090LEA,5,ELS,2
2018,09B000,090LEA,5,HI7,2
2018,09B000,090LEA,5,PI7,2
2018,09B000,090LEA,6.4,MU7,
2018,09B000,090LEA,67.8,WH7,
2018,100000,100LEA,13.2,SWD,
2018,100000,100LEA,13.6,HI7,
2018,100000,100LEA,15,BL7,
2018,100000,100LEA,57,EDS,
2018,100000,100LEA,5,AM7,2
2018,100000,100LEA,5,AS7,2
2018,100000,100LEA,5,ELS,2
2018,100000,100LEA,5,MU7,2
2018,100000,100LEA,5,PI7,2
2018,100000,100LEA,64.9,WH7,
2018,10A000,100LEA,5,AM7,2
2018,10A000,100LEA,5,AS7,2
2018,10A000,100LEA,5,EDS,2
2018,10A000,100LEA,5,ELS,2
2018,10A000,100LEA,5,PI7,2
2018,10A000,100LEA,6.5,HI7,
2018,10A000,100LEA,6.5,MU7,
2018,10A000,100LEA,75.4,WH7,
2018,10A000,100LEA,9.1,BL7,
2018,10A000,100LEA,9.9,SWD,
2018,10B000,100LEA,5.9,HI7,
2018,10B000,100LEA,5,AM7,2
2018,10B000,100LEA,5,AS7,2
2018,10B000,100LEA,5,BL7,2
2018,10B000,100LEA,5,EDS,2
2018,10B000,100LEA,5,ELS,2
2018,10B000,100LEA,5,PI7,2
2018,10B000,100LEA,5,SWD,2
2018,10B000,100LEA,6.8,MU7,
2018,10B000,100LEA,81.8,WH7,
2018,110000,110LEA,14.5,SWD,
2018,110000,110LEA,16.9,HI7,
2018,110000,110LEA,49.7,EDS,
2018,110000,110LEA,5,AM7,2
2018,110000,110LEA,5,AS7,2
2018,110000,110LEA,5,MU7,2
2018,110000,110LEA,5,PI7,2
2018,110000,110LEA,6.8,BL7,
2018,110000,110LEA,69.7,WH7,
2018,110000,110LEA,7.2,ELS,
2018,111000,111LEA,12.3,SWD,
2018,111000,111LEA,20.7,BL7,
2018,111000,111LEA,36.5,EDS,
2018,111000,111LEA,5,AM7,2
2018,111000,111LEA,5,AS7,2
2018,111000,111LEA,5,ELS,2
2018,111000,111LEA,5,PI7,2
2018,111000,111LEA,62.4,WH7,
2018,111000,111LEA,6.6,MU7,
2018,111000,111LEA,8.5,HI7,
2018,11A000,110LEA,14,SWD,
2018,11A000,110LEA,5,AM7,2
2018,11A000,110LEA,5,AS7,2
2018,11A000,110LEA,5,BL7,2
2018,11A000,110LEA,5,EDS,2
2018,11A000,110LEA,5,ELS,2
2018,11A000,110LEA,5,HI7,2
2018,11A000,110LEA,5,MU7,2
2018,11A000,110LEA,5,PI7,2
2018,11A000,110LEA,90.8,WH7,
2018,11B000,110LEA,14.7,SWD,
2018,11B000,110LEA,5,AM7,2
2018,11B000,110LEA,5,AS7,2
2018,11B000,110LEA,5,BL7,2
2018,11B000,110LEA,5,EDS,2
2018,11B000,110LEA,5,ELS,2
2018,11B000,110LEA,5,MU7,2
2018,11B000,110LEA,5,PI7,2
2018,11B000,110LEA,7.8,HI7,
2018,11B000,110LEA,84.8,WH7,
2018,11C000,110LEA,10.1,SWD,
2018,11C000,110LEA,5,AM7,2
2018,11C000,110LEA,5,AS7,2
2018,11C000,110LEA,5,BL7,2
2018,11C000,110LEA,5,EDS,2
2018,11C000,110LEA,5,ELS,2
2018,11C000,110LEA,5,MU7,2
2018,11C000,110LEA,5,PI7,2
2018,11C000,110LEA,6.1,HI7,
2018,11C000,110LEA,84.6,WH7,
2018,11D000,110LEA,11.1,SWD,
2018,11D000,110LEA,5,AM7,2
2018,11D000,110LEA,5,AS7,2
2018,11D000,110LEA,5,BL7,2
2018,11D000,110LEA,5,EDS,2
2018,11D000,110LEA,5,ELS,2
2018,11D000,110LEA,5,PI7,2
2018,11D000,110LEA,6.3,MU7,
2018,11D000,110LEA,6.7,HI7,
2018,11D000,110LEA,84.4,WH7,
2018,11K000,111LEA,10.2,HI7,
2018,11K000,111LEA,14.2,SWD,
2018,11K000,111LEA,26.7,BL7,
2018,11K000,111LEA,51.7,WH7,
2018,11K000,111LEA,5,AM7,2
2018,11K000,111LEA,5,AS7,2
2018,11K000,111LEA,5,EDS,2
2018,11K000,111LEA,5,ELS,2
2018,11K000,111LEA,5,PI7,2
2018,11K000,111LEA,6.3,MU7,
2018,120000,120LEA,15.7,HI7,
2018,120000,120LEA,15.9,SWD,
2018,120000,120LEA,5.1,MU7,
2018,120000,120LEA,58,EDS,
2018,120000,120LEA,5,AM7,2
2018,120000,120LEA,5,BL7,2
2018,120000,120LEA,5,PI7,2
2018,120000,120LEA,68.1,WH7,
2018,120000,120LEA,6,AS7,
2018,120000,120LEA,8.2,ELS,
2018,12A000,120LEA,12.2,SWD,
2018,12A000,120LEA,5,AM7,2
2018,12A000,120LEA,5,AS7,2
2018,12A000,120LEA,5,BL7,2
2018,12A000,120LEA,5,EDS,2
2018,12A000,120LEA,5,ELS,2
2018,12A000,120LEA,5,HI7,2
2018,12A000,120LEA,5,PI7,2
2018,12A000,120LEA,6.1,MU7,
2018,12A000,120LEA,84.2,WH7,
2018,130000,130LEA,10.3,SWD,
2018,130000,130LEA,17,HI7,
2018,130000,130LEA,20.5,BL7,
2018,130000,130LEA,35.1,EDS,
2018,130000,130LEA,52.6,WH7,
2018,130000,130LEA,5,AM7,2
2018,130000,130LEA,5,AS7,
2018,130000,130LEA,5,MU7,2
2018,130000,130LEA,5,PI7,2
2018,130000,130LEA,6.5,ELS,
2018,13A000,130LEA,15,HI7,
2018,13A000,130LEA,28.6,BL7,
2018,13A000,130LEA,39.5,WH7,
2018,13A000,130LEA,5,AM7,2
2018,13A000,130LEA,5,EDS,2
2018,13A000,130LEA,5,ELS,2
2018,13A000,130LEA,5,PI7,2
2018,13A000,130LEA,7.5,SWD,
2018,13A000,130LEA,8.1,AS7,
2018,13A000,130LEA,8.4,MU7,
2018,13B000,130LEA,13.5,HI7,
2018,13B000,130LEA,31.8,EDS,
2018,13B000,130LEA,34.8,BL7,
2018,13B000,130LEA,37.2,WH7,
2018,13B000,130LEA,5,AM7,2
2018,13B000,130LEA,5,ELS,2
2018,13B000,130LEA,5,PI7,2
2018,13B000,130LEA,6.3,AS7,
2018,13B000,130LEA,7.8,MU7,
2018,13B000,130LEA,7,SWD,
2018,13C000,130LEA,10.7,SWD,
2018,13C000,130LEA,12.4,HI7,
2018,13C000,130LEA,52.4,EDS,
2018,13C000,130LEA,5.7,WH7,
2018,13C000,130LEA,5,AM7,2
2018,13C000,130LEA,5,AS7,2
2018,13C000,130LEA,5,ELS,2
2018,13C000,130LEA,5,PI7,2
2018,13C000,130LEA,6.7,MU7,
2018,13C000,130LEA,73.9,BL7,
2018,13D000,130LEA,17.9,HI7,
2018,13D000,130LEA,33.2,BL7,
2018,13D000,130LEA,40,WH7,
2018,13D000,130LEA,5.3,ELS,
2018,13D000,130LEA,54.7,EDS,
2018,13D000,130LEA,5,AM7,2
2018,13D000,130LEA,5,AS7,2
2018,13D000,130LEA,5,PI7,2
2018,13D000,130LEA,6,SWD,
2018,13D000,130LEA,7.4,MU7,
2018,160000,160LEA,12.7,SWD,
2018,160000,160LEA,41.8,EDS,
2018,160000,160LEA,5.7,BL7,
2018,160000,160LEA,5,AM7,2
2018,160000,160LEA,5,AS7,2
2018,160000,160LEA,5,ELS,2
2018,160000,160LEA,5,PI7,2
2018,160000,160LEA,6.3,MU7,
2018,160000,160LEA,76.8,WH7,
2018,160000,160LEA,9.3,HI7,
2018,16B000,160LEA,5,AM7,2
2018,16B000,160LEA,5,AS7,2
2018,16B000,160LEA,5,BL7,2
2018,16B000,160LEA,5,EDS,2
2018,16B000,160LEA,5,ELS,2
2018,16B000,160LEA,5,HI7,2
2018,16B000,160LEA,5,PI7,2
2018,16B000,160LEA,7.4,SWD,
2018,16B000,160LEA,84.2,WH7,
2018,16B000,160LEA,8.4,MU7,
2018,190000,190LEA,10.8,ELS,
2018,190000,190LEA,11.7,BL7,
2018,190000,190LEA,12.2,SWD,
2018,190000,190LEA,31.4,HI7,
2018,190000,190LEA,47.4,EDS,
2018,190000,190LEA,50.9,WH7,
2018,190000,190LEA,5,AM7,2
2018,190000,190LEA,5,AS7,2
2018,190000,190LEA,5,MU7,2
2018,190000,190LEA,5,PI7,2
2018,19A000,190LEA,10.6,BL7,
2018,19A000,190LEA,5.8,MU7,
2018,19A000,190LEA,5,AM7,2
2018,19A000,190LEA,5,AS7,2
2018,19A000,190LEA,5,EDS,2
2018,19A000,190LEA,5,ELS,2
2018,19A000,190LEA,5,HI7,2
2018,19A000,190LEA,5,PI7,2
2018,19A000,190LEA,78.9,WH7,
2018,19A000,190LEA,7.9,SWD,
2018,19B000,190LEA,11.2,SWD,
2018,19B000,190LEA,5,AM7,2
2018,19B000,190LEA,5,AS7,2
2018,19B000,190LEA,5,BL7,2
2018,19B000,190LEA,5,EDS,2
2018,19B000,190LEA,5,ELS,2
2018,19B000,190LEA,5,MU7,2
2018,19B000,190LEA,5,PI7,2
2018,19B000,190LEA,6.5,HI7,
2018,19B000,190LEA,82.2,WH7,
2018,19C000,190LEA,16,SWD,
2018,19C000,190LEA,5,AM7,2
2018,19C000,190LEA,5,AS7,2
2018,19C000,190LEA,5,BL7,2
2018,19C000,190LEA,5,EDS,2
2018,19C000,190LEA,5,ELS,2
2018,19C000,190LEA,5,PI7,2
2018,19C000,190LEA,6.3,HI7,
2018,19C000,190LEA,80.1,WH7,
2018,19C000,190LEA,8.7,MU7,
2018,200000,200LEA,15.8,SWD,
2018,200000,200LEA,40.8,EDS,
2018,200000,200LEA,5,AM7,2
2018,200000,200LEA,5,AS7,2
2018,200000,200LEA,5,BL7,2
2018,200000,200LEA,5,ELS,2
2018,200000,200LEA,5,MU7,2
2018,200000,200LEA,5,PI7,2
2018,200000,200LEA,6.1,HI7,
2018,200000,200LEA,85.7,WH7,
2018,20A000,200LEA,22.2,SWD,
2018,20A000,200LEA,30.3,EDS,
2018,20A000,200LEA,5,AM7,2
2018,20A000,200LEA,5,AS7,2
2018,20A000,200LEA,5,BL7,2
2018,20A000,200LEA,5,ELS,2
2018,20A000,200LEA,5,MU7,2
2018,20A000,200LEA,5,PI7,2
2018,20A000,200LEA,7,HI7,
2018,20A000,200LEA,84.3,WH7,
2018,230000,230LEA,14.8,SWD,
2018,230000,230LEA,27.6,BL7,
2018,230000,230LEA,54.6,EDS,
2018,230000,230LEA,5.6,MU7,
2018,230000,230LEA,59.7,WH7,
2018,230000,230LEA,5,AM7,2
2018,230000,230LEA,5,AS7,2
2018,230000,230LEA,5,ELS,2
2018,230000,230LEA,5,PI7,2
2018,230000,230LEA,6.2,HI7,
2018,23A000,230LEA,10.6,BL7,
2018,23A000,230LEA,5.7,HI7,
2018,23A000,230LEA,5,AM7,2
2018,23A000,230LEA,5,AS7,2
2018,23A000,230LEA,5,EDS,2
2018,23A000,230LEA,5,ELS,2
2018,23A000,230LEA,5,MU7,2
2018,23A000,230LEA,5,PI7,2
2018,23A000,230LEA,6.6,SWD,
2018,23A000,230LEA,77.8,WH7,
2018,240000,240LEA,10.6,HI7,
2018,240000,240LEA,12.7,SWD,
2018,240000,240LEA,30.6,BL7,
2018,240000,240LEA,44.7,EDS,
2018,240000,240LEA,50.8,WH7,
2018,240000,240LEA,5,AM7,
2018,240000,240LEA,5,AS7,2
2018,240000,240LEA,5,ELS,2
2018,240000,240LEA,5,MU7,2
2018,240000,240LEA,5,PI7,2
2018,241000,241LEA,10.7,HI7,
2018,241000,241LEA,12.4,SWD,
2018,241000,241LEA,38.4,WH7,
2018,241000,241LEA,42.9,BL7,
2018,241000,241LEA,50.4,EDS,
2018,241000,241LEA,5,AM7,2
2018,241000,241LEA,5,AS7,2
2018,241000,241LEA,5,ELS,2
2018,241000,241LEA,5,PI7,2
2018,241000,241LEA,6.5,MU7,
2018,24B000,240LEA,11.5,HI7,
2018,24B000,240LEA,16.3,MU7,
2018,24B000,240LEA,19.2,SWD,
2018,24B000,240LEA,22.1,BL7,
2018,24B000,240LEA,47.1,WH7,
2018,24B000,240LEA,5,AM7,2
2018,24B000,240LEA,5,AS7,2
2018,24B000,240LEA,5,EDS,2
2018,24B000,240LEA,5,ELS,2
2018,24B000,240LEA,5,PI7,2
2018,24N000,241LEA,11,SWD,
2018,24N000,241LEA,21.9,BL7,
2018,24N000,241LEA,43.6,EDS,
2018,24N000,241LEA,5,AM7,
2018,24N000,241LEA,5,AS7,2
2018,24N000,241LEA,5,ELS,2
2018,24N000,241LEA,5,HI7,2
2018,24N000,241LEA,5,MU7,2
2018,24N000,241LEA,5,PI7,2
2018,24N000,241LEA,64.5,WH7,
2018,260000,260LEA,13.3,SWD,
2018,260000,260LEA,13.8,HI7,
2018,260000,260LEA,28.8,WH7,
2018,260000,260LEA,45,BL7,
2018,260000,260LEA,50.2,EDS,
2018,260000,260LEA,5,AM7,2
2018,260000,260LEA,5,AS7,2
2018,260000,260LEA,5,ELS,2
2018,260000,260LEA,5,PI7,2
2018,260000,260LEA,8.5,MU7,
2018,26B000,260LEA,14.4,WH7,
2018,26B000,260LEA,14.9,HI7,
2018,26B000,260LEA,5.7,SWD,
2018,26B000,260LEA,5,AM7,2
2018,26B000,260LEA,5,AS7,2
2018,26B000,260LEA,5,EDS,2
2018,26B000,260LEA,5,ELS,2
2018,26B000,260LEA,5,MU7,2
2018,26B000,260LEA,5,PI7,2
2018,26B000,260LEA,64.1,BL7,
2018,26C000,260LEA,12.9,HI7,
2018,26C000,260LEA,13.2,MU7,
2018,26C000,260LEA,34.4,BL7,
2018,26C000,260LEA,38.8,WH7,
2018,26C000,260LEA,48,EDS,
2018,26C000,260LEA,5,AM7,2
2018,26C000,260LEA,5,AS7,2
2018,26C000,260LEA,5,ELS,2
2018,26C000,260LEA,5,PI7,2
2018,26C000,260LEA,5,SWD,2
2018,270000,270LEA,12,SWD,
2018,270000,270LEA,31.2,EDS,
2018,270000,270LEA,5.8,HI7,
2018,270000,270LEA,5,AM7,2
2018,270000,270LEA,5,AS7,2
2018,270000,270LEA,5,BL7,2
2018,270000,270LEA,5,ELS,2
2018,270000,270LEA,5,PI7,2
2018,270000,270LEA,80.3,WH7,
2018,270000,270LEA,8.5,MU7,
2018,27A000,270LEA,11.8,ELS,
2018,27A000,270LEA,5.9,BL7,
2018,27A000,270LEA,5.9,HI7,
2018,27A000,270LEA,5.9,SWD,
2018,27A000,270LEA,5,AM7,2
2018,27A000,270LEA,5,AS7,2
2018,27A000,270LEA,5,EDS,2
2018,27A000,270LEA,5,MU7,2
2018,27A000,270LEA,5,PI7,2
2018,27A000,270LEA,82.4,WH7,
2018,320000,320LEA,13,SWD,
2018,320000,320LEA,14.7,ELS,
2018,320000,320LEA,18.9,WH7,
2018,320000,320LEA,30.7,HI7,
2018,320000,320LEA,44.5,BL7,
2018,320000,320LEA,54,EDS,
2018,320000,320LEA,5,AM7,2
2018,320000,320LEA,5,AS7,2
2018,320000,320LEA,5,MU7,2
2018,320000,320LEA,5,PI7,2
2018,32A000,320LEA,24.6,ELS,
2018,32A000,320LEA,38.6,BL7,
2018,32A000,320LEA,57.8,HI7,
2018,32A000,320LEA,5,AM7,2
2018,32A000,320LEA,5,AS7,2
2018,32A000,320LEA,5,MU7,2
2018,32A000,320LEA,5,PI7,2
2018,32A000,320LEA,5,WH7,2
2018,32A000,320LEA,8.5,SWD,
2018,32A000,320LEA,95,EDS,1
2018,32B000,320LEA,12.1,SWD,
2018,32B000,320LEA,21.7,HI7,
2018,32B000,320LEA,5,AM7,2
2018,32B000,320LEA,5,AS7,2
2018,32B000,320LEA,5,MU7,2
2018,32B000,320LEA,5,PI7,2
2018,32B000,320LEA,5,WH7,2
2018,32B000,320LEA,65,EDS,
2018,32B000,320LEA,75.5,BL7,
2018,32B000,320LEA,9,ELS,
2018,32C000,320LEA,12.6,HI7,
2018,32C000,320LEA,5,AM7,2
2018,32C000,320LEA,5,AS7,2
2018,32C000,320LEA,5,MU7,2
2018,32C000,320LEA,5,PI7,2
2018,32C000,320LEA,5,WH7,2
2018,32C000,320LEA,84.5,BL7,
2018,32C000,320LEA,92.5,EDS,
2018,32C000,320LEA,9.2,ELS,
2018,32C000,320LEA,9.2,SWD,
2018,32D000,320LEA,11.8,SWD,
2018,32D000,320LEA,14.7,EDS,
2018,32D000,320LEA,16.3,HI7,
2018,32D000,320LEA,21.9,WH7,
2018,32D000,320LEA,50.2,BL7,
2018,32D000,320LEA,5.8,ELS,
2018,32D000,320LEA,5,AM7,2
2018,32D000,320LEA,5,AS7,2
2018,32D000,320LEA,5,PI7,2
2018,32D000,320LEA,7.2,MU7,
2018,32H000,320LEA,20.5,HI7,
2018,32H000,320LEA,32.5,EDS,
2018,32H000,320LEA,5,AM7,2
2018,32H000,320LEA,5,AS7,2
2018,32H000,320LEA,5,MU7,2
2018,32H000,320LEA,5,PI7,2
2018,32H000,320LEA,5,WH7,2
2018,32H000,320LEA,71.8,BL7,
2018,32H000,320LEA,8.2,SWD,
2018,32H000,320LEA,8.6,ELS,
2018,32K000,320LEA,10,HI7,
2018,32K000,320LEA,16.3,SWD,
2018,32K000,320LEA,24.7,BL7,
2018,32K000,320LEA,24.7,EDS,
2018,32K000,320LEA,53.5,WH7,
2018,32K000,320LEA,5,AM7,2
2018,32K000,320LEA,5,AS7,2
2018,32K000,320LEA,5,ELS,2
2018,32K000,320LEA,5,PI7,2
2018,32K000,320LEA,9,MU7,
2018,32L000,320LEA,14.5,SWD,
2018,32L000,320LEA,23.4,BL7,
2018,32L000,320LEA,5.3,MU7,
2018,32L000,320LEA,5.6,HI7,
2018,32L000,320LEA,5,AM7,2
2018,32L000,320LEA,5,AS7,2
2018,32L000,320LEA,5,EDS,2
2018,32L000,320LEA,5,ELS,2
2018,32L000,320LEA,5,PI7,2
2018,32L000,320LEA,61.6,WH7,
2018,32M000,320LEA,13.7,SWD,
2018,32M000,320LEA,17.9,ELS,
2018,32M000,320LEA,39.5,HI7,
2018,32M000,320LEA,58.4,BL7,
2018,32M000,320LEA,5,AM7,2
2018,32M000,320LEA,5,AS7,2
2018,32M000,320LEA,5,MU7,2
2018,32M000,320LEA,5,PI7,2
2018,32M000,320LEA,5,WH7,2
2018,32M000,320LEA,83.7,EDS,
2018,32N000,320LEA,13.6,AS7,
2018,32N000,320LEA,18.3,BL7,
2018,32N000,320LEA,54.2,WH7,
2018,32N000,320LEA,5,AM7,2
2018,32N000,320LEA,5,EDS,2
2018,32N000,320LEA,5,ELS,2
2018,32N000,320LEA,5,PI7,2
2018,32N000,320LEA,6.6,MU7,
2018,32N000,320LEA,6.8,SWD,
2018,32N000,320LEA,7.2,HI7,
2018,32P000,320LEA,10.9,SWD,
2018,32P000,320LEA,15,ELS,
2018,32P000,320LEA,26.3,HI7,
2018,32P000,320LEA,5,AM7,2
2018,32P000,320LEA,5,AS7,2
2018,32P000,320LEA,5,EDS,2
2018,32P000,320LEA,5,MU7,2
2018,32P000,320LEA,5,PI7,2
2018,32P000,320LEA,5,WH7,2
2018,32P000,320LEA,68,BL7,
2018,32Q000,320LEA,33,ELS,
2018,32Q000,320LEA,37.9,BL7,
2018,32Q000,320LEA,5,AM7,2
2018,32Q000,320LEA,5,AS7,2
2018,32Q000,320LEA,5,EDS,2
2018,32Q000,320LEA,5,MU7,2
2018,32Q000,320LEA,5,PI7,2
2018,32Q000,320LEA,5,SWD,2
2018,32Q000,320LEA,5,WH7,2
2018,32Q000,320LEA,60.5,HI7,
2018,32R000,320LEA,10.9,HI7,
2018,32R000,320LEA,23.6,BL7,
2018,32R000,320LEA,54.7,WH7,
2018,32R000,320LEA,5,AM7,2
2018,32R000,320LEA,5,AS7,2
2018,32R000,320LEA,5,EDS,2
2018,32R000,320LEA,5,ELS,2
2018,32R000,320LEA,5,PI7,2
2018,32R000,320LEA,9.2,MU7,
2018,32R000,320LEA,9.2,SWD,
2018,32S000,320LEA,12.6,SWD,
2018,32S000,320LEA,32.8,ELS,
2018,32S000,320LEA,47.4,BL7,
2018,32S000,320LEA,49.8,HI7,
2018,32S000,320LEA,5,AM7,2
2018,32S000,320LEA,5,AS7,2
2018,32S000,320LEA,5,MU7,2
2018,32S000,320LEA,5,PI7,2
2018,32S000,320LEA,5,WH7,2
2018,32S000,320LEA,63.2,EDS,
2018,330000,330LEA,11.4,HI7,
2018,330000,330LEA,13,SWD,
2018,330000,330LEA,29.7,WH7,
2018,330000,330LEA,51,EDS,
2018,330000,330LEA,55.6,BL7,
2018,330000,330LEA,5,AM7,2
2018,330000,330LEA,5,AS7,2
2018,330000,330LEA,5,ELS,2
2018,330000,330LEA,5,MU7,2
2018,330000,330LEA,5,PI7,2
2018,33A000,330LEA,10.9,HI7,
2018,33A000,330LEA,39,BL7,
2018,33A000,330LEA,46.8,WH7,
2018,33A000,330LEA,5,AM7,2
2018,33A000,330LEA,5,AS7,2
2018,33A000,330LEA,5,ELS,2
2018,33A000,330LEA,5,MU7,2
2018,33A000,330LEA,5,PI7,2
2018,33A000,330LEA,62.7,EDS,
2018,33A000,330LEA,8.6,SWD,
2018,340000,340LEA,11.7,ELS,
2018,340000,340LEA,14.1,SWD,
2018,340000,340LEA,26.3,HI7,
2018,340000,340LEA,28.9,BL7,
2018,340000,340LEA,37.8,WH7,
2018,340000,340LEA,45,EDS,
2018,340000,340LEA,5,AM7,2
2018,340000,340LEA,5,AS7,2
2018,340000,340LEA,5,MU7,2
2018,340000,340LEA,5,PI7,2
2018,34B000,340LEA,10.8,ELS,
2018,34B000,340LEA,10,SWD,
2018,34B000,340LEA,24.4,HI7,
2018,34B000,340LEA,5,AM7,2
2018,34B000,340LEA,5,AS7,2
2018,34B000,340LEA,5,MU7,2
2018,34B000,340LEA,5,PI7,2
2018,34B000,340LEA,5,WH7,2
2018,34B000,340LEA,63.7,EDS,
2018,34B000,340LEA,72.3,BL7,
2018,34D000,340LEA,31.5,ELS,
2018,34D000,340LEA,41.3,BL7,
2018,34D000,340LEA,58.7,HI7,
2018,34D000,340LEA,5,AM7,2
2018,34D000,340LEA,5,AS7,2
2018,34D000,340LEA,5,MU7,2
2018,34D000,340LEA,5,PI7,2
2018,34D000,340LEA,5,WH7,2
2018,34D000,340LEA,62.9,EDS,
2018,34D000,340LEA,6.7,SWD,
2018,34F000,340LEA,10.2,SWD,
2018,34F000,340LEA,10,WH7,
2018,34F000,340LEA,21.1,ELS,
2018,34F000,340LEA,42.6,HI7,
2018,34F000,340LEA,43.3,BL7,
2018,34F000,340LEA,5,AM7,2
2018,34F000,340LEA,5,AS7,2
2018,34F000,340LEA,5,MU7,2
2018,34F000,340LEA,5,PI7,2
2018,34F000,340LEA,81.3,EDS,
2018,34G000,340LEA,13.2,SWD,
2018,34G000,340LEA,18.9,BL7,
2018,34G000,340LEA,5,AM7,2
2018,34G000,340LEA,5,AS7,2
2018,34G000,340LEA,5,EDS,2
2018,34G000,340LEA,5,ELS,2
2018,34G000,340LEA,5,HI7,2
2018,34G000,340LEA,5,PI7,2
2018,34G000,340LEA,6.7,MU7,
2018,34G000,340LEA,69,WH7,
2018,34H000,340LEA,5.9,HI7,
2018,34H000,340LEA,5,AM7,2
2018,34H000,340LEA,5,AS7,2
2018,34H000,340LEA,5,BL7,2
2018,34H000,340LEA,5,EDS,2
2018,34H000,340LEA,5,ELS,2
2018,34H000,340LEA,5,MU7,2
2018,34H000,340LEA,5,PI7,2
2018,34H000,340LEA,6.5,SWD,
2018,34H000,340LEA,84,WH7,
2018,350000,350LEA,13.5,SWD,
2018,350000,350LEA,19.7,HI7,
2018,350000,350LEA,30.5,BL7,
2018,350000,350LEA,44.3,WH7,
2018,350000,350LEA,49.2,EDS,
2018,350000,350LEA,5.9,ELS,
2018,350000,350LEA,5,AM7,2
2018,350000,350LEA,5,AS7,2
2018,350000,350LEA,5,MU7,2
2018,350000,350LEA,5,PI7,2
2018,35A000,350LEA,12.4,BL7,
2018,35A000,350LEA,15.3,SWD,
2018,35A000,350LEA,5,AM7,2
2018,35A000,350LEA,5,AS7,2
2018,35A000,350LEA,5,EDS,2
2018,35A000,350LEA,5,ELS,2
2018,35A000,350LEA,5,MU7,2
2018,35A000,350LEA,5,PI7,2
2018,35A000,350LEA,6.2,HI7,
2018,35A000,350LEA,78.5,WH7,
2018,35B000,350LEA,5.5,BL7,
2018,35B000,350LEA,5.5,HI7,
2018,35B000,350LEA,5,AM7,2
2018,35B000,350LEA,5,AS7,2
2018,35B000,350LEA,5,EDS,2
2018,35B000,350LEA,5,ELS,2
2018,35B000,350LEA,5,MU7,2
2018,35B000,350LEA,5,PI7,2
2018,35B000,350LEA,5,SWD,2
2018,35B000,350LEA,87,WH7,
2018,360000,360LEA,13.5,HI7,
2018,360000,360LEA,13.8,SWD,
2018,360000,360LEA,22.3,BL7,
2018,360000,360LEA,48.4,EDS,
2018,360000,360LEA,5.2,ELS,
2018,360000,360LEA,57.6,WH7,
2018,360000,360LEA,5,AM7,2
2018,360000,360LEA,5,AS7,2
2018,360000,360LEA,5,MU7,2
2018,360000,360LEA,5,PI7,2
2018,36B000,360LEA,10.4,SWD,
2018,36B000,360LEA,11.8,HI7,
2018,36B000,360LEA,16.5,BL7,
2018,36B000,360LEA,5.3,MU7,
2018,36B000,360LEA,5,AM7,2
2018,36B000,360LEA,5,AS7,2
2018,36B000,360LEA,5,EDS,2
2018,36B000,360LEA,5,ELS,2
2018,36B000,360LEA,5,PI7,2
2018,36B000,360LEA,64.5,WH7,
2018,36C000,360LEA,11.5,EDS,
2018,36C000,360LEA,23.5,BL7,
2018,36C000,360LEA,5.1,MU7,
2018,36C000,360LEA,5,AM7,2
2018,36C000,360LEA,5,AS7,2
2018,36C000,360LEA,5,ELS,2
2018,36C000,360LEA,5,HI7,2
2018,36C000,360LEA,5,PI7,2
2018,36C000,360LEA,64.1,WH7,
2018,36C000,360LEA,6.7,SWD,
2018,390000,390LEA,14.8,SWD,
2018,390000,390LEA,18.2,HI7,
2018,390000,390LEA,34.4,BL7,
2018,390000,390LEA,42.7,WH7,
2018,390000,390LEA,5.6,ELS,
2018,390000,390LEA,57.9,EDS,
2018,390000,390LEA,5,AM7,2
2018,390000,390LEA,5,AS7,2
2018,390000,390LEA,5,MU7,2
2018,390000,390LEA,5,PI7,2
2018,39A000,390LEA,10.3,BL7,
2018,39A000,390LEA,10.6,SWD,
2018,39A000,390LEA,5.4,MU7,
2018,39A000,390LEA,5,AM7,2
2018,39A000,390LEA,5,AS7,2
2018,39A000,390LEA,5,EDS,2
2018,39A000,390LEA,5,ELS,2
2018,39A000,390LEA,5,PI7,2
2018,39A000,390LEA,6.4,HI7,
2018,39A000,390LEA,76.5,WH7,
2018,39B000,390LEA,10.3,BL7,
2018,39B000,390LEA,5,AM7,2
2018,39B000,390LEA,5,AS7,2
2018,39B000,390LEA,5,EDS,2
2018,39B000,390LEA,5,ELS,2
2018,39B000,390LEA,5,HI7,2
2018,39B000,390LEA,5,MU7,2
2018,39B000,390LEA,5,PI7,2
2018,39B000,390LEA,5,SWD,2
2018,39B000,390LEA,81.3,WH7,
2018,410000,410LEA,13.5,SWD,
2018,410000,410LEA,15.9,HI7,
2018,410000,410LEA,31.9,WH7,
2018,410000,410LEA,40.9,BL7,
2018,410000,410LEA,47.1,EDS,
2018,410000,410LEA,5,AM7,2
2018,410000,410LEA,5,MU7,2
2018,410000,410LEA,5,PI7,2
2018,410000,410LEA,6.5,AS7,
2018,410000,410LEA,8.6,ELS,
2018,41B000,410LEA,12,AS7,
2018,41B000,410LEA,5.1,HI7,
2018,41B000,410LEA,5.7,SWD,
2018,41B000,410LEA,5,AM7,2
2018,41B000,410LEA,5,EDS,2
2018,41B000,410LEA,5,ELS,2
2018,41B000,410LEA,5,MU7,2
2018,41B000,410LEA,5,PI7,2
2018,41B000,410LEA,70.7,WH7,
2018,41B000,410LEA,9.9,BL7,
2018,41C000,410LEA,10.8,SWD,
2018,41C000,410LEA,49.6,EDS,
2018,41C000,410LEA,5.8,HI7,
2018,41C000,410LEA,5,AM7,2
2018,41C000,410LEA,5,AS7,2
2018,41C000,410LEA,5,ELS,2
2018,41C000,410LEA,5,MU7,2
2018,41C000,410LEA,5,PI7,2
2018,41C000,410LEA,5,WH7,2
2018,41C000,410LEA,88.8,BL7,
2018,41D000,410LEA,10,SWD,
2018,41D000,410LEA,26,BL7,
2018,41D000,410LEA,47.8,WH7,
2018,41D000,410LEA,5,AM7,2
2018,41D000,410LEA,5,EDS,2
2018,41D000,410LEA,5,ELS,2
2018,41D000,410LEA,5,PI7,2
2018,41D000,410LEA,8.3,MU7,
2018,41D000,410LEA,8.6,HI7,
2018,41D000,410LEA,8.7,AS7,
2018,41F000,410LEA,14.4,WH7,
2018,41F000,410LEA,16,HI7,
2018,41F000,410LEA,5.4,MU7,
2018,41F000,410LEA,58.8,BL7,
2018,41F000,410LEA,58.8,EDS,
2018,41F000,410LEA,5,AM7,2
2018,41F000,410LEA,5,AS7,2
2018,41F000,410LEA,5,PI7,2
2018,41F000,410LEA,8.1,ELS,
2018,41F000,410LEA,9.5,SWD,
2018,41G000,410LEA,10.5,BL7,
2018,41G000,410LEA,5,AM7,2
2018,41G000,410LEA,5,AS7,2
2018,41G000,410LEA,5,EDS,2
2018,41G000,410LEA,5,ELS,2
2018,41G000,410LEA,5,HI7,2
2018,41G000,410LEA,5,PI7,2
2018,41G000,410LEA,6.1,MU7,
2018,41G000,410LEA,75.4,WH7,
2018,41G000,410LEA,8.8,SWD,
2018,41H000,410LEA,53,EDS,
2018,41H000,410LEA,5,AM7,2
2018,41H000,410LEA,5,AS7,2
2018,41H000,410LEA,5,ELS,2
2018,41H000,410LEA,5,MU7,
2018,41H000,410LEA,5,PI7,2
2018,41H000,410LEA,5,WH7,2
2018,41H000,410LEA,6.6,HI7,
2018,41H000,410LEA,87.3,BL7,
2018,41H000,410LEA,8.9,SWD,
2018,41J000,410LEA,10.7,BL7,
2018,41J000,410LEA,12.9,AS7,
2018,41J000,410LEA,14.1,EDS,
2018,41J000,410LEA,5,AM7,2
2018,41J000,410LEA,5,ELS,2
2018,41J000,410LEA,5,MU7,2
2018,41J000,410LEA,5,PI7,2
2018,41J000,410LEA,67.2,WH7,
2018,41J000,410LEA,7.3,SWD,
2018,41J000,410LEA,7.4,HI7,
2018,41K000,410LEA,13,SWD,
2018,41K000,410LEA,37.3,BL7,
2018,41K000,410LEA,46.6,WH7,
2018,41K000,410LEA,5.6,HI7,
2018,41K000,410LEA,5,AM7,2
2018,41K000,410LEA,5,AS7,2
2018,41K000,410LEA,5,EDS,2
2018,41K000,410LEA,5,ELS,2
2018,41K000,410LEA,5,PI7,2
2018,41K000,410LEA,9.5,MU7,
2018,41L000,410LEA,12.6,HI7,
2018,41L000,410LEA,5,AM7,2
2018,41L000,410LEA,5,AS7,2
2018,41L000,410LEA,5,MU7,2
2018,41L000,410LEA,5,PI7,2
2018,41L000,410LEA,5,SWD,2
2018,41L000,410LEA,6.8,WH7,
2018,41L000,410LEA,70.1,EDS,
2018,41L000,410LEA,73.1,BL7,
2018,41L000,410LEA,9.4,ELS,
2018,420000,420LEA,14.5,SWD,
2018,420000,420LEA,5,AS7,2
2018,420000,420LEA,5,ELS,2
2018,420000,420LEA,5,HI7,2
2018,420000,420LEA,5,MU7,2
2018,420000,420LEA,5,PI7,2
2018,420000,420LEA,5,WH7,2
2018,420000,420LEA,6.5,AM7,
2018,420000,420LEA,67.6,EDS,
2018,420000,420LEA,83,BL7,
2018,42A000,420LEA,10.2,SWD,
2018,42A000,420LEA,59.5,EDS,
2018,42A000,420LEA,5,AM7,2
2018,42A000,420LEA,5,AS7,2
2018,42A000,420LEA,5,ELS,2
2018,42A000,420LEA,5,HI7,2
2018,42A000,420LEA,5,MU7,2
2018,42A000,420LEA,5,PI7,2
2018,42A000,420LEA,5,WH7,2
2018,42A000,420LEA,86.7,BL7,
2018,430000,430LEA,10.7,SWD,
2018,430000,430LEA,21.1,HI7,
2018,430000,430LEA,24.4,BL7,
2018,430000,430LEA,46.4,WH7,
2018,430000,430LEA,52.3,EDS,
2018,430000,430LEA,5,AM7,2
2018,430000,430LEA,5,AS7,2
2018,430000,430LEA,5,PI7,2
2018,430000,430LEA,6.3,MU7,
2018,430000,430LEA,6.6,ELS,
2018,43C000,430LEA,11.8,BL7,
2018,43C000,430LEA,13.2,HI7,
2018,43C000,430LEA,5,AM7,2
2018,43C000,430LEA,5,AS7,2
2018,43C000,430LEA,5,EDS,2
2018,43C000,430LEA,5,ELS,2
2018,43C000,430LEA,5,PI7,2
2018,43C000,430LEA,64.2,WH7,
2018,43C000,430LEA,7.1,SWD,
2018,43C000,430LEA,8.5,MU7,
2018,440000,440LEA,16.9,SWD,
2018,440000,440LEA,49.3,EDS,
2018,440000,440LEA,5,AM7,2
2018,440000,440LEA,5,AS7,2
2018,440000,440LEA,5,BL7,2
2018,440000,440LEA,5,ELS,2
2018,440000,440LEA,5,MU7,2
2018,440000,440LEA,5,PI7,2
2018,440000,440LEA,8.4,HI7,
2018,440000,440LEA,86.2,WH7,
2018,44A000,440LEA,12.9,SWD,
2018,44A000,440LEA,5,AM7,2
2018,44A000,440LEA,5,AS7,2
2018,44A000,440LEA,5,BL7,2
2018,44A000,440LEA,5,EDS,2
2018,44A000,440LEA,5,ELS,2
2018,44A000,440LEA,5,HI7,2
2018,44A000,440LEA,5,MU7,2
2018,44A000,440LEA,5,PI7,2
2018,44A000,440LEA,90.6,WH7,
2018,450000,450LEA,13.5,SWD,
2018,450000,450LEA,24.3,HI7,
2018,450000,450LEA,50,EDS,
2018,450000,450LEA,5,AM7,2
2018,450000,450LEA,5,AS7,2
2018,450000,450LEA,5,BL7,2
2018,450000,450LEA,5,MU7,2
2018,450000,450LEA,5,PI7,2
2018,450000,450LEA,65.3,WH7,
2018,450000,450LEA,9.2,ELS,
2018,45A000,450LEA,20.6,SWD,
2018,45A000,450LEA,5,AM7,2
2018,45A000,450LEA,5,AS7,2
2018,45A000,450LEA,5,BL7,2
2018,45A000,450LEA,5,EDS,2
2018,45A000,450LEA,5,ELS,2
2018,45A000,450LEA,5,MU7,2
2018,45A000,450LEA,5,PI7,2
2018,45A000,450LEA,7,HI7,
2018,45A000,450LEA,86.4,WH7,
2018,45B000,450LEA,5,AM7,2
2018,45B000,450LEA,5,AS7,2
2018,45B000,450LEA,5,BL7,2
2018,45B000,450LEA,5,EDS,2
2018,45B000,450LEA,5,ELS,2
2018,45B000,450LEA,5,HI7,2
2018,45B000,450LEA,5,PI7,2
2018,45B000,450LEA,5,SWD,2
2018,45B000,450LEA,7.2,MU7,
2018,45B000,450LEA,86.1,WH7,
2018,490000,490LEA,10.3,SWD,
2018,490000,490LEA,13.5,HI7,
2018,490000,490LEA,14.4,BL7,
2018,490000,490LEA,40.5,EDS,
2018,490000,490LEA,5.2,ELS,
2018,490000,490LEA,5,AM7,2
2018,490000,490LEA,5,AS7,2
2018,490000,490LEA,5,MU7,2
2018,490000,490LEA,5,PI7,2
2018,490000,490LEA,65.3,WH7,
2018,49B000,490LEA,12.5,SWD,
2018,49B000,490LEA,5,AM7,2
2018,49B000,490LEA,5,AS7,2
2018,49B000,490LEA,5,EDS,2
2018,49B000,490LEA,5,ELS,2
2018,49B000,490LEA,5,PI7,2
2018,49B000,490LEA,6.5,MU7,
2018,49B000,490LEA,75.7,WH7,
2018,49B000,490LEA,8.2,HI7,
2018,49B000,490LEA,8.6,BL7,
2018,49D000,490LEA,26,SWD,
2018,49D000,490LEA,5.2,MU7,
2018,49D000,490LEA,58.3,EDS,
2018,49D000,490LEA,5,AM7,2
2018,49D000,490LEA,5,AS7,2
2018,49D000,490LEA,5,ELS,2
2018,49D000,490LEA,5,HI7,2
2018,49D000,490LEA,5,PI7,2
2018,49D000,490LEA,5,WH7,2
2018,49D000,490LEA,88.5,BL7,
2018,49E000,490LEA,5,AM7,2
2018,49E000,490LEA,5,AS7,2
2018,49E000,490LEA,5,BL7,2
2018,49E000,490LEA,5,EDS,2
2018,49E000,490LEA,5,ELS,2
2018,49E000,490LEA,5,HI7,2
2018,49E000,490LEA,5,MU7,2
2018,49E000,490LEA,5,PI7,2
2018,49E000,490LEA,86.8,WH7,
2018,49E000,490LEA,9.2,SWD,
2018,49F000,490LEA,11,SWD,
2018,49F000,490LEA,5,AM7,2
2018,49F000,490LEA,5,BL7,
2018,49F000,490LEA,5,ELS,2
2018,49F000,490LEA,5,PI7,2
2018,49F000,490LEA,70.3,WH7,
2018,49F000,490LEA,7,AS7,
2018,49F000,490LEA,8.2,MU7,
2018,49F000,490LEA,8.3,EDS,
2018,49F000,490LEA,8.8,HI7,
2018,49G000,490LEA,37,EDS,
2018,49G000,490LEA,5,AM7,2
2018,49G000,490LEA,5,AS7,2
2018,49G000,490LEA,5,ELS,2
2018,49G000,490LEA,5,PI7,2
2018,49G000,490LEA,6.7,SWD,
2018,49G000,490LEA,73.7,WH7,
2018,49G000,490LEA,7.3,MU7,
2018,49G000,490LEA,8.7,BL7,
2018,49G000,490LEA,9.7,HI7,
2018,500000,500LEA,13.4,SWD,
2018,500000,500LEA,14.5,HI7,
2018,500000,500LEA,47.9,EDS,
2018,500000,500LEA,5,AS7,2
2018,500000,500LEA,5,BL7,2
2018,500000,500LEA,5,ELS,2
2018,500000,500LEA,5,MU7,2
2018,500000,500LEA,5,PI7,2
2018,500000,500LEA,71.9,WH7,
2018,500000,500LEA,7.4,AM7,
2018,50A000,500LEA,10.5,ELS,
2018,50A000,500LEA,16.8,HI7,
2018,50A000,500LEA,5,AM7,2
2018,50A000,500LEA,5,AS7,2
2018,50A000,500LEA,5,BL7,2
2018,50A000,500LEA,5,EDS,2
2018,50A000,500LEA,5,MU7,2
2018,50A000,500LEA,5,PI7,2
2018,50A000,500LEA,80.7,WH7,
2018,50A000,500LEA,9.7,SWD,
2018,50Z000,500LEA,11.8,MU7,
2018,50Z000,500LEA,19.6,SWD,
2018,50Z000,500LEA,37.3,EDS,
2018,50Z000,500LEA,5,AM7,2
2018,50Z000,500LEA,5,AS7,2
2018,50Z000,500LEA,5,BL7,2
2018,50Z000,500LEA,5,ELS,2
2018,50Z000,500LEA,5,HI7,2
2018,50Z000,500LEA,5,PI7,2
2018,50Z000,500LEA,82.4,WH7,
2018,510000,510LEA,12,SWD,
2018,510000,510LEA,16.2,BL7,
2018,510000,510LEA,24,HI7,
2018,510000,510LEA,42.9,EDS,
2018,510000,510LEA,54.9,WH7,
2018,510000,510LEA,5,AM7,2
2018,510000,510LEA,5,AS7,2
2018,510000,510LEA,5,MU7,2
2018,510000,510LEA,5,PI7,2
2018,510000,510LEA,8.1,ELS,
2018,51A000,510LEA,10.2,HI7,
2018,51A000,510LEA,11.2,SWD,
2018,51A000,510LEA,13.3,BL7,
2018,51A000,510LEA,5,AM7,2
2018,51A000,510LEA,5,AS7,2
2018,51A000,510LEA,5,EDS,2
2018,51A000,510LEA,5,ELS,2
2018,51A000,510LEA,5,PI7,2
2018,51A000,510LEA,68.3,WH7,
2018,51A000,510LEA,7,MU7,
2018,540000,540LEA,14.3,HI7,
2018,540000,540LEA,15.4,SWD,
2018,540000,540LEA,34.2,WH7,
2018,540000,540LEA,47.2,BL7,
2018,540000,540LEA,49.9,EDS,
2018,540000,540LEA,5,AM7,2
2018,540000,540LEA,5,AS7,2
2018,540000,540LEA,5,ELS,2
2018,540000,540LEA,5,MU7,2
2018,540000,540LEA,5,PI7,2
2018,54A000,540LEA,15.2,SWD,
2018,54A000,540LEA,5,AM7,2
2018,54A000,540LEA,5,AS7,2
2018,54A000,540LEA,5,ELS,2
2018,54A000,540LEA,5,HI7,2
2018,54A000,540LEA,5,MU7,2
2018,54A000,540LEA,5,PI7,2
2018,54A000,540LEA,5,WH7,2
2018,54A000,540LEA,76.3,EDS,
2018,54A000,540LEA,94.9,BL7,
2018,550000,550LEA,11.4,HI7,
2018,550000,550LEA,13.3,SWD,
2018,550000,550LEA,44.1,EDS,
2018,550000,550LEA,5,AM7,2
2018,550000,550LEA,5,AS7,2
2018,550000,550LEA,5,ELS,2
2018,550000,550LEA,5,MU7,2
2018,550000,550LEA,5,PI7,2
2018,550000,550LEA,6.2,BL7,
2018,550000,550LEA,77.1,WH7,
2018,55A000,550LEA,5,AM7,2
2018,55A000,550LEA,5,AS7,2
2018,55A000,550LEA,5,BL7,2
2018,55A000,550LEA,5,EDS,2
2018,55A000,550LEA,5,ELS,2
2018,55A000,550LEA,5,MU7,2
2018,55A000,550LEA,5,PI7,2
2018,55A000,550LEA,7.5,SWD,
2018,55A000,550LEA,82.5,WH7,
2018,55A000,550LEA,8.9,HI7,
2018,580000,580LEA,16.7,SWD,
2018,580000,580LEA,37.1,WH7,
2018,580000,580LEA,49,EDS,
2018,580000,580LEA,50.2,BL7,
2018,580000,580LEA,5,AM7,2
2018,580000,580LEA,5,AS7,2
2018,580000,580LEA,5,ELS,2
2018,580000,580LEA,5,MU7,2
2018,580000,580LEA,5,PI7,2
2018,580000,580LEA,8.7,HI7,
2018,58B000,580LEA,10.4,SWD,
2018,58B000,580LEA,5,AM7,2
2018,58B000,580LEA,5,AS7,2
2018,58B000,580LEA,5,BL7,2
2018,58B000,580LEA,5,EDS,2
2018,58B000,580LEA,5,ELS,2
2018,58B000,580LEA,5,HI7,2
2018,58B000,580LEA,5,MU7,2
2018,58B000,580LEA,5,PI7,2
2018,58B000,580LEA,94.9,WH7,
2018,600000,600LEA,11.2,ELS,
2018,600000,600LEA,24.5,HI7,
2018,600000,600LEA,27.7,WH7,
2018,600000,600LEA,35.6,EDS,
2018,600000,600LEA,37.7,BL7,
2018,600000,600LEA,5,AM7,2
2018,600000,600LEA,5,MU7,2
2018,600000,600LEA,5,PI7,2
2018,600000,600LEA,7.1,AS7,
2018,600000,600LEA,8.7,SWD,
2018,60B000,600LEA,5,AM7,2
2018,60B000,600LEA,5,AS7,2
2018,60B000,600LEA,5,ELS,2
2018,60B000,600LEA,5,MU7,2
2018,60B000,600LEA,5,PI7,2
2018,60B000,600LEA,5,SWD,2
2018,60B000,600LEA,5,WH7,2
2018,60B000,600LEA,8.8,HI7,
2018,60B000,600LEA,90.2,BL7,
2018,60B000,600LEA,90.6,EDS,
2018,60D000,600LEA,13,BL7,
2018,60D000,600LEA,5.1,MU7,
2018,60D000,600LEA,5.6,SWD,
2018,60D000,600LEA,5,AM7,2
2018,60D000,600LEA,5,EDS,2
2018,60D000,600LEA,5,ELS,2
2018,60D000,600LEA,5,HI7,
2018,60D000,600LEA,5,PI7,2
2018,60D000,600LEA,6.7,AS7,
2018,60D000,600LEA,70,WH7,
2018,60F000,600LEA,33.7,WH7,
2018,60F000,600LEA,58.8,AS7,
2018,60F000,600LEA,5,AM7,2
2018,60F000,600LEA,5,BL7,2
2018,60F000,600LEA,5,EDS,2
2018,60F000,600LEA,5,ELS,2
2018,60F000,600LEA,5,HI7,2
2018,60F000,600LEA,5,MU7,2
2018,60F000,600LEA,5,PI7,2
2018,60F000,600LEA,5,SWD,2
2018,60G000,600LEA,10,HI7,
2018,60G000,600LEA,15.4,EDS,
2018,60G000,600LEA,22.8,BL7,
2018,60G000,600LEA,5,AM7,2
2018,60G000,600LEA,5,AS7,2
2018,60G000,600LEA,5,ELS,2
2018,60G000,600LEA,5,MU7,2
2018,60G000,600LEA,5,PI7,2
2018,60G000,600LEA,62.3,WH7,
2018,60G000,600LEA,8.3,SWD,
2018,60I000,600LEA,13,SWD,
2018,60I000,600LEA,5,AM7,2
2018,60I000,600LEA,5,AS7,2
2018,60I000,600LEA,5,BL7,2
2018,60I000,600LEA,5,EDS,2
2018,60I000,600LEA,5,ELS,2
2018,60I000,600LEA,5,HI7,2
2018,60I000,600LEA,5,MU7,2
2018,60I000,600LEA,5,PI7,2
2018,60I000,600LEA,85.1,WH7,
2018,60J000,600LEA,10.6,AS7,
2018,60J000,600LEA,5,AM7,2
2018,60J000,600LEA,5,EDS,2
2018,60J000,600LEA,5,ELS,2
2018,60J000,600LEA,5,MU7,2
2018,60J000,600LEA,5,PI7,2
2018,60J000,600LEA,69.3,WH7,
2018,60J000,600LEA,6,BL7,
2018,60J000,600LEA,8.5,SWD,
2018,60J000,600LEA,9.2,HI7,
2018,60K000,600LEA,10.2,MU7,
2018,60K000,600LEA,21,HI7,
2018,60K000,600LEA,22.8,SWD,
2018,60K000,600LEA,23.7,WH7,
2018,60K000,600LEA,44.3,BL7,
2018,60K000,600LEA,5.1,ELS,
2018,60K000,600LEA,5,AM7,2
2018,60K000,600LEA,5,AS7,2
2018,60K000,600LEA,5,EDS,2
2018,60K000,600LEA,5,PI7,2
2018,60L000,600LEA,58.9,EDS,
2018,60L000,600LEA,5,AM7,2
2018,60L000,600LEA,5,AS7,2
2018,60L000,600LEA,5,ELS,2
2018,60L000,600LEA,5,MU7,2
2018,60L000,600LEA,5,PI7,2
2018,60L000,600LEA,5,WH7,2
2018,60L000,600LEA,8.2,HI7,
2018,60L000,600LEA,8.5,SWD,
2018,60L000,600LEA,88.5,BL7,
2018,60M000,600LEA,10.7,BL7,
2018,60M000,600LEA,12.6,SWD,
2018,60M000,600LEA,5.5,AS7,
2018,60M000,600LEA,5.9,HI7,
2018,60M000,600LEA,5,AM7,2
2018,60M000,600LEA,5,EDS,2
2018,60M000,600LEA,5,ELS,2
2018,60M000,600LEA,5,MU7,2
2018,60M000,600LEA,5,PI7,2
2018,60M000,600LEA,73.5,WH7,
2018,60N000,600LEA,5.3,HI7,
2018,60N000,600LEA,5,AM7,2
2018,60N000,600LEA,5,AS7,2
2018,60N000,600LEA,5,ELS,2
2018,60N000,600LEA,5,PI7,2
2018,60N000,600LEA,5,WH7,2
2018,60N000,600LEA,71.3,EDS,
2018,60N000,600LEA,7.4,MU7,
2018,60N000,600LEA,85.1,BL7,
2018,60N000,600LEA,9.6,SWD,
2018,60P000,600LEA,11.8,SWD,
2018,60P000,600LEA,16,EDS,
2018,60P000,600LEA,19.5,HI7,
2018,60P000,600LEA,5,AM7,2
2018,60P000,600LEA,5,AS7,2
2018,60P000,600LEA,5,ELS,2
2018,60P000,600LEA,5,MU7,2
2018,60P000,600LEA,5,PI7,2
2018,60P000,600LEA,5,WH7,2
2018,60P000,600LEA,75.7,BL7,
2018,60Q000,600LEA,5.4,MU7,
2018,60Q000,600LEA,5,AM7,2
2018,60Q000,600LEA,5,AS7,2
2018,60Q000,600LEA,5,EDS,2
2018,60Q000,600LEA,5,ELS,2
2018,60Q000,600LEA,5,HI7,2
2018,60Q000,600LEA,5,PI7,2
2018,60Q000,600LEA,5,WH7,2
2018,60Q000,600LEA,87.3,BL7,
2018,60Q000,600LEA,9.4,SWD,
2018,60S000,600LEA,22.5,BL7,
2018,60S000,600LEA,58.7,WH7,
2018,60S000,600LEA,5,AM7,2
2018,60S000,600LEA,5,AS7,2
2018,60S000,600LEA,5,EDS,2
2018,60S000,600LEA,5,ELS,2
2018,60S000,600LEA,5,PI7,2
2018,60S000,600LEA,6.7,HI7,
2018,60S000,600LEA,7.9,MU7,
2018,60S000,600LEA,8.8,SWD,
2018,60U000,600LEA,13.6,EDS,
2018,60U000,600LEA,16.4,WH7,
2018,60U000,600LEA,20.9,HI7,
2018,60U000,600LEA,54.5,BL7,
2018,60U000,600LEA,5,AM7,2
2018,60U000,600LEA,5,AS7,2
2018,60U000,600LEA,5,PI7,2
2018,60U000,600LEA,6.4,MU7,
2018,60U000,600LEA,8.2,ELS,
2018,60U000,600LEA,9.1,SWD,
2018,60V000,600LEA,14.8,SWD,
2018,60V000,600LEA,49.8,EDS,
2018,60V000,600LEA,5,AM7,2
2018,60V000,600LEA,5,AS7,2
2018,60V000,600LEA,5,ELS,2
2018,60V000,600LEA,5,MU7,2
2018,60V000,600LEA,5,PI7,2
2018,60V000,600LEA,5,WH7,2
2018,60V000,600LEA,7,HI7,
2018,60V000,600LEA,86.4,BL7,
2018,60Y000,600LEA,5,AM7,2
2018,60Y000,600LEA,5,AS7,2
2018,60Y000,600LEA,5,BL7,2
2018,60Y000,600LEA,5,EDS,2
2018,60Y000,600LEA,5,ELS,2
2018,60Y000,600LEA,5,PI7,2
2018,60Y000,600LEA,6.3,SWD,
2018,60Y000,600LEA,6.6,MU7,
2018,60Y000,600LEA,78.7,WH7,
2018,60Y000,600LEA,9.2,HI7,
2018,61J000,600LEA,16.5,HI7,
2018,61J000,600LEA,27.5,BL7,
2018,61J000,600LEA,45,WH7,
2018,61J000,600LEA,5.5,MU7,
2018,61J000,600LEA,5.5,SWD,
2018,61J000,600LEA,5,AM7,2
2018,61J000,600LEA,5,AS7,2
2018,61J000,600LEA,5,EDS,2
2018,61J000,600LEA,5,ELS,2
2018,61J000,600LEA,5,PI7,2
2018,61K000,600LEA,10.9,HI7,
2018,61K000,600LEA,12.6,SWD,
2018,61K000,600LEA,39.3,BL7,
2018,61K000,600LEA,39.3,WH7,
2018,61K000,600LEA,5,AM7,2
2018,61K000,600LEA,5,AS7,2
2018,61K000,600LEA,5,EDS,2
2018,61K000,600LEA,5,ELS,2
2018,61K000,600LEA,5,PI7,2
2018,61K000,600LEA,8.7,MU7,
2018,61L000,600LEA,14.1,EDS,
2018,61L000,600LEA,21.9,HI7,
2018,61L000,600LEA,5,AM7,2
2018,61L000,600LEA,5,AS7,2
2018,61L000,600LEA,5,ELS,2
2018,61L000,600LEA,5,PI7,2
2018,61L000,600LEA,5,SWD,2
2018,61L000,600LEA,5,WH7,2
2018,61L000,600LEA,67.2,BL7,
2018,61L000,600LEA,7.8,MU7,
2018,61M000,600LEA,18.6,BL7,
2018,61M000,600LEA,5,AM7,2
2018,61M000,600LEA,5,AS7,2
2018,61M000,600LEA,5,EDS,2
2018,61M000,600LEA,5,ELS,2
2018,61M000,600LEA,5,PI7,2
2018,61M000,600LEA,5,SWD,2
2018,61M000,600LEA,60.9,WH7,
2018,61M000,600LEA,8.9,HI7,
2018,61M000,600LEA,9.9,MU7,
2018,61N000,600LEA,35.9,AS7,
2018,61N000,600LEA,41.4,BL7,
2018,61N000,600LEA,5,AM7,2
2018,61N000,600LEA,5,EDS,2
2018,61N000,600LEA,5,MU7,2
2018,61N000,600LEA,5,PI7,2
2018,61N000,600LEA,5,SWD,2
2018,61N000,600LEA,7.4,ELS,
2018,61N000,600LEA,8.6,WH7,
2018,61N000,600LEA,9.8,HI7,
2018,61P000,600LEA,11.3,MU7,
2018,61P000,600LEA,14.4,HI7,
2018,61P000,600LEA,28.1,WH7,
2018,61P000,600LEA,45,BL7,
2018,61P000,600LEA,5,AM7,2
2018,61P000,600LEA,5,AS7,2
2018,61P000,600LEA,5,EDS,2
2018,61P000,600LEA,5,ELS,2
2018,61P000,600LEA,5,PI7,2
2018,61P000,600LEA,5,SWD,2
2018,61Q000,600LEA,13.4,AS7,
2018,61Q000,600LEA,24.3,WH7,
2018,61Q000,600LEA,28.3,EDS,
2018,61Q000,600LEA,43.5,BL7,
2018,61Q000,600LEA,5.7,ELS,
2018,61Q000,600LEA,5,AM7,2
2018,61Q000,600LEA,5,PI7,2
2018,61Q000,600LEA,5,SWD,2
2018,61Q000,600LEA,8.6,HI7,
2018,61Q000,600LEA,9.4,MU7,
2018,61R000,600LEA,10.4,ELS,
2018,61R000,600LEA,15,HI7,
2018,61R000,600LEA,25.4,BL7,
2018,61R000,600LEA,35,EDS,
2018,61R000,600LEA,54.5,WH7,
2018,61R000,600LEA,5,AM7,2
2018,61R000,600LEA,5,AS7,2
2018,61R000,600LEA,5,MU7,2
2018,61R000,600LEA,5,PI7,2
2018,61R000,600LEA,5,SWD,2
2018,61S000,600LEA,19.2,HI7,
2018,61S000,600LEA,32.3,BL7,
2018,61S000,600LEA,34.3,WH7,
2018,61S000,600LEA,5.1,AS7,
2018,61S000,600LEA,5,AM7,2
2018,61S000,600LEA,5,EDS,2
2018,61S000,600LEA,5,PI7,2
2018,61S000,600LEA,5,SWD,2
2018,61S000,600LEA,8.1,ELS,
2018,61S000,600LEA,8.1,MU7,
2018,61T000,600LEA,5,AM7,2
2018,61T000,600LEA,5,AS7,2
2018,61T000,600LEA,5,ELS,2
2018,61T000,600LEA,5,HI7,2
2018,61T000,600LEA,5,MU7,2
2018,61T000,600LEA,5,PI7,2
2018,61T000,600LEA,5,SWD,2
2018,61T000,600LEA,5,WH7,2
2018,61T000,600LEA,74.6,EDS,
2018,61T000,600LEA,88.7,BL7,
2018,61U000,600LEA,10.1,SWD,
2018,61U000,600LEA,5,AM7,2
2018,61U000,600LEA,5,AS7,2
2018,61U000,600LEA,5,EDS,2
2018,61U000,600LEA,5,ELS,2
2018,61U000,600LEA,5,MU7,2
2018,61U000,600LEA,5,PI7,2
2018,61U000,600LEA,5,WH7,2
2018,61U000,600LEA,90.7,BL7,
2018,61U000,600LEA,9.3,HI7,
2018,630000,630LEA,11.9,SWD,
2018,630000,630LEA,13.9,HI7,
2018,630000,630LEA,16,BL7,
2018,630000,630LEA,41,EDS,
2018,630000,630LEA,5,AM7,2
2018,630000,630LEA,5,AS7,2
2018,630000,630LEA,5,ELS,2
2018,630000,630LEA,5,MU7,2
2018,630000,630LEA,5,PI7,2
2018,630000,630LEA,63.5,WH7,
2018,63A000,630LEA,10.4,SWD,
2018,63A000,630LEA,5,AM7,2
2018,63A000,630LEA,5,AS7,2
2018,63A000,630LEA,5,EDS,2
2018,63A000,630LEA,5,ELS,2
2018,63A000,630LEA,5,MU7,2
2018,63A000,630LEA,5,PI7,2
2018,63A000,630LEA,73,WH7,
2018,63A000,630LEA,8.9,HI7,
2018,63A000,630LEA,9.5,BL7,
2018,63B000,630LEA,11.4,SWD,
2018,63B000,630LEA,5,AM7,2
2018,63B000,630LEA,5,AS7,2
2018,63B000,630LEA,5,EDS,2
2018,63B000,630LEA,5,ELS,2
2018,63B000,630LEA,5,PI7,2
2018,63B000,630LEA,72.4,WH7,
2018,63B000,630LEA,8.2,MU7,
2018,63B000,630LEA,8.8,HI7,
2018,63B000,630LEA,9,BL7,
2018,640000,640LEA,13.5,HI7,
2018,640000,640LEA,14.1,SWD,
2018,640000,640LEA,30.2,WH7,
2018,640000,640LEA,51.9,BL7,
2018,640000,640LEA,55.3,EDS,
2018,640000,640LEA,5,AM7,2
2018,640000,640LEA,5,AS7,2
2018,640000,640LEA,5,ELS,2
2018,640000,640LEA,5,MU7,2
2018,640000,640LEA,5,PI7,2
2018,64A000,640LEA,11.9,WH7,
2018,64A000,640LEA,5.2,HI7,
2018,64A000,640LEA,5,AM7,2
2018,64A000,640LEA,5,AS7,2
2018,64A000,640LEA,5,ELS,2
2018,64A000,640LEA,5,MU7,2
2018,64A000,640LEA,5,PI7,2
2018,64A000,640LEA,76.1,EDS,
2018,64A000,640LEA,76.4,BL7,
2018,64A000,640LEA,9.2,SWD,
2018,650000,650LEA,10.6,SWD,
2018,650000,650LEA,14.1,HI7,
2018,650000,650LEA,20,BL7,
2018,650000,650LEA,37.4,EDS,
2018,650000,650LEA,59.6,WH7,
2018,650000,650LEA,5,AM7,2
2018,650000,650LEA,5,AS7,2
2018,650000,650LEA,5,ELS,2
2018,650000,650LEA,5,MU7,2
2018,650000,650LEA,5,PI7,2
2018,65A000,650LEA,10.1,SWD,
2018,65A000,650LEA,5,AM7,2
2018,65A000,650LEA,5,AS7,2
2018,65A000,650LEA,5,BL7,2
2018,65A000,650LEA,5,EDS,2
2018,65A000,650LEA,5,ELS,2
2018,65A000,650LEA,5,HI7,2
2018,65A000,650LEA,5,MU7,2
2018,65A000,650LEA,5,PI7,2
2018,65A000,650LEA,86.9,WH7,
2018,65B000,650LEA,24.6,WH7,
2018,65B000,650LEA,5,AM7,2
2018,65B000,650LEA,5,AS7,2
2018,65B000,650LEA,5,EDS,2
2018,65B000,650LEA,5,ELS,2
2018,65B000,650LEA,5,PI7,2
2018,65B000,650LEA,62.3,BL7,
2018,65B000,650LEA,6.2,MU7,
2018,65B000,650LEA,6.9,HI7,
2018,65B000,650LEA,6.9,SWD,
2018,65C000,650LEA,5,AM7,2
2018,65C000,650LEA,5,AS7,2
2018,65C000,650LEA,5,ELS,2
2018,65C000,650LEA,5,HI7,2
2018,65C000,650LEA,5,MU7,2
2018,65C000,650LEA,5,PI7,2
2018,65C000,650LEA,5,WH7,2
2018,65C000,650LEA,67.8,EDS,
2018,65C000,650LEA,6,SWD,
2018,65C000,650LEA,89.9,BL7,
2018,65D000,650LEA,15.5,SWD,
2018,65D000,650LEA,5.5,HI7,
2018,65D000,650LEA,5,AM7,2
2018,65D000,650LEA,5,AS7,2
2018,65D000,650LEA,5,BL7,2
2018,65D000,650LEA,5,EDS,2
2018,65D000,650LEA,5,ELS,2
2018,65D000,650LEA,5,MU7,2
2018,65D000,650LEA,5,PI7,2
2018,65D000,650LEA,90,WH7,
2018,65F000,650LEA,5.4,SWD,
2018,65F000,650LEA,5,AM7,2
2018,65F000,650LEA,5,AS7,2
2018,65F000,650LEA,5,BL7,2
2018,65F000,650LEA,5,EDS,2
2018,65F000,650LEA,5,ELS,2
2018,65F000,650LEA,5,HI7,2
2018,65F000,650LEA,5,PI7,2
2018,65F000,650LEA,85.4,WH7,
2018,65F000,650LEA,8.5,MU7,
2018,65G000,650LEA,13.4,HI7,
2018,65G000,650LEA,28.3,WH7,
2018,65G000,650LEA,52.4,BL7,
2018,65G000,650LEA,5.9,MU7,
2018,65G000,650LEA,5,AM7,2
2018,65G000,650LEA,5,AS7,2
2018,65G000,650LEA,5,ELS,2
2018,65G000,650LEA,5,PI7,2
2018,65G000,650LEA,6.4,SWD,
2018,65G000,650LEA,67.9,EDS,
2018,660000,660LEA,11,WH7,
2018,660000,660LEA,14.8,SWD,
2018,660000,660LEA,5,AM7,2
2018,660000,660LEA,5,AS7,2
2018,660000,660LEA,5,ELS,2
2018,660000,660LEA,5,HI7,2
2018,660000,660LEA,5,MU7,2
2018,660000,660LEA,5,PI7,2
2018,660000,660LEA,63.7,EDS,
2018,660000,660LEA,80.9,BL7,
2018,66A000,660LEA,11.1,WH7,
2018,66A000,660LEA,5,AM7,2
2018,66A000,660LEA,5,AS7,2
2018,66A000,660LEA,5,ELS,2
2018,66A000,660LEA,5,HI7,2
2018,66A000,660LEA,5,MU7,2
2018,66A000,660LEA,5,PI7,2
2018,66A000,660LEA,5,SWD,2
2018,66A000,660LEA,77.9,BL7,
2018,66A000,660LEA,79.3,EDS,
2018,670000,670LEA,13.6,SWD,
2018,670000,670LEA,14.6,HI7,
2018,670000,670LEA,18.8,BL7,
2018,670000,670LEA,45.5,EDS,
2018,670000,670LEA,56,WH7,
2018,670000,670LEA,5,AM7,2
2018,670000,670LEA,5,AS7,2
2018,670000,670LEA,5,ELS,2
2018,670000,670LEA,5,PI7,2
2018,670000,670LEA,8.7,MU7,
2018,67B000,670LEA,15.6,HI7,
2018,67B000,670LEA,15.6,SWD,
2018,67B000,670LEA,56.3,EDS,
2018,67B000,670LEA,5,AM7,2
2018,67B000,670LEA,5,AS7,2
2018,67B000,670LEA,5,ELS,2
2018,67B000,670LEA,5,PI7,2
2018,67B000,670LEA,6.3,MU7,
2018,67B000,670LEA,69.5,BL7,
2018,67B000,670LEA,7.8,WH7,
2018,680000,680LEA,14.4,BL7,
2018,680000,680LEA,16.2,SWD,
2018,680000,680LEA,23.7,HI7,
2018,680000,680LEA,40.9,EDS,
2018,680000,680LEA,55.4,WH7,
2018,680000,680LEA,5,AM7,2
2018,680000,680LEA,5,AS7,2
2018,680000,680LEA,5,MU7,
2018,680000,680LEA,5,PI7,2
2018,680000,680LEA,9.1,ELS,
2018,681000,681LEA,10.5,SWD,
2018,681000,681LEA,11.4,BL7,
2018,681000,681LEA,11.4,ELS,
2018,681000,681LEA,14.3,AS7,
2018,681000,681LEA,16.8,HI7,
2018,681000,681LEA,25.5,EDS,
2018,681000,681LEA,50.7,WH7,
2018,681000,681LEA,5,AM7,2
2018,681000,681LEA,5,PI7,2
2018,681000,681LEA,6.6,MU7,
2018,68A000,680LEA,11.6,SWD,
2018,68A000,680LEA,5,AM7,2
2018,68A000,680LEA,5,AS7,2
2018,68A000,680LEA,5,BL7,2
2018,68A000,680LEA,5,EDS,2
2018,68A000,680LEA,5,ELS,2
2018,68A000,680LEA,5,PI7,2
2018,68A000,680LEA,6.1,MU7,
2018,68A000,680LEA,7.6,HI7,
2018,68A000,680LEA,82.3,WH7,
2018,68C000,680LEA,5.3,SWD,
2018,68C000,680LEA,5.6,HI7,
2018,68C000,680LEA,5,AM7,2
2018,68C000,680LEA,5,AS7,2
2018,68C000,680LEA,5,BL7,2
2018,68C000,680LEA,5,EDS,2
2018,68C000,680LEA,5,ELS,2
2018,68C000,680LEA,5,PI7,2
2018,68C000,680LEA,7.7,MU7,
2018,68C000,680LEA,83.3,WH7,
2018,690000,690LEA,16.9,SWD,
2018,690000,690LEA,21,BL7,
2018,690000,690LEA,40.7,EDS,
2018,690000,690LEA,5,AM7,2
2018,690000,690LEA,5,AS7,2
2018,690000,690LEA,5,ELS,2
2018,690000,690LEA,5,PI7,2
2018,690000,690LEA,61.8,WH7,
2018,690000,690LEA,7.4,MU7,
2018,690000,690LEA,8.6,HI7,
2018,69A000,690LEA,10.1,BL7,
2018,69A000,690LEA,16.2,SWD,
2018,69A000,690LEA,53,EDS,
2018,69A000,690LEA,5,AM7,2
2018,69A000,690LEA,5,AS7,2
2018,69A000,690LEA,5,ELS,2
2018,69A000,690LEA,5,PI7,2
2018,69A000,690LEA,71.9,WH7,
2018,69A000,690LEA,7.8,MU7,
2018,69A000,690LEA,9.9,HI7,
2018,700000,700LEA,14,SWD,
2018,700000,700LEA,40.5,WH7,
2018,700000,700LEA,44.6,BL7,
2018,700000,700LEA,55.4,EDS,
2018,700000,700LEA,5,AM7,2
2018,700000,700LEA,5,AS7,2
2018,700000,700LEA,5,ELS,2
2018,700000,700LEA,5,MU7,2
2018,700000,700LEA,5,PI7,2
2018,700000,700LEA,8.7,HI7,
2018,70A000,700LEA,16.2,BL7,
2018,70A000,700LEA,5,AM7,2
2018,70A000,700LEA,5,AS7,2
2018,70A000,700LEA,5,EDS,2
2018,70A000,700LEA,5,ELS,2
2018,70A000,700LEA,5,HI7,2
2018,70A000,700LEA,5,PI7,2
2018,70A000,700LEA,6.9,MU7,
2018,70A000,700LEA,71.7,WH7,
2018,70A000,700LEA,7.5,SWD,
2018,730000,730LEA,13.2,SWD,
2018,730000,730LEA,35.2,BL7,
2018,730000,730LEA,48.8,WH7,
2018,730000,730LEA,48,EDS,
2018,730000,730LEA,5.2,MU7,
2018,730000,730LEA,5,AM7,2
2018,730000,730LEA,5,AS7,2
2018,730000,730LEA,5,ELS,2
2018,730000,730LEA,5,PI7,2
2018,730000,730LEA,9.8,HI7,
2018,73A000,730LEA,11.6,BL7,
2018,73A000,730LEA,40.8,EDS,
2018,73A000,730LEA,5.3,MU7,
2018,73A000,730LEA,5,AM7,2
2018,73A000,730LEA,5,AS7,2
2018,73A000,730LEA,5,ELS,2
2018,73A000,730LEA,5,PI7,2
2018,73A000,730LEA,5,SWD,2
2018,73A000,730LEA,6.6,HI7,
2018,73A000,730LEA,74.7,WH7,
2018,73B000,730LEA,5,AM7,2
2018,73B000,730LEA,5,AS7,2
2018,73B000,730LEA,5,EDS,2
2018,73B000,730LEA,5,ELS,2
2018,73B000,730LEA,5,HI7,2
2018,73B000,730LEA,5,MU7,2
2018,73B000,730LEA,5,PI7,2
2018,73B000,730LEA,5,SWD,2
2018,73B000,730LEA,82.8,WH7,
2018,73B000,730LEA,8.7,BL7,
2018,740000,740LEA,11.2,SWD,
2018,740000,740LEA,12,HI7,
2018,740000,740LEA,35.5,WH7,
2018,740000,740LEA,46.4,BL7,
2018,740000,740LEA,50.4,EDS,
2018,740000,740LEA,5,AM7,2
2018,740000,740LEA,5,AS7,2
2018,740000,740LEA,5,ELS,2
2018,740000,740LEA,5,MU7,2
2018,740000,740LEA,5,PI7,2
2018,74B000,740LEA,24.2,WH7,
2018,74B000,740LEA,5.1,HI7,
2018,74B000,740LEA,5,AM7,2
2018,74B000,740LEA,5,AS7,2
2018,74B000,740LEA,5,EDS,2
2018,74B000,740LEA,5,ELS,2
2018,74B000,740LEA,5,PI7,2
2018,74B000,740LEA,62.8,BL7,
2018,74B000,740LEA,6,SWD,
2018,74B000,740LEA,7.4,MU7,
2018,74C000,740LEA,11.3,HI7,
2018,74C000,740LEA,35.3,WH7,
2018,74C000,740LEA,46.6,EDS,
2018,74C000,740LEA,49.4,BL7,
2018,74C000,740LEA,5.8,ELS,
2018,74C000,740LEA,5,AM7,2
2018,74C000,740LEA,5,AS7,2
2018,74C000,740LEA,5,MU7,2
2018,74C000,740LEA,5,PI7,2
2018,74C000,740LEA,5,SWD,2
2018,74Z000,740LEA,13.7,SWD,
2018,74Z000,740LEA,5,AM7,2
2018,74Z000,740LEA,5,AS7,2
2018,74Z000,740LEA,5,ELS,2
2018,74Z000,740LEA,5,HI7,2
2018,74Z000,740LEA,5,MU7,2
2018,74Z000,740LEA,5,PI7,2
2018,74Z000,740LEA,5,WH7,2
2018,74Z000,740LEA,74.5,EDS,
2018,74Z000,740LEA,95,BL7,1
2018,760000,760LEA,11.3,SWD,
2018,760000,760LEA,18.2,HI7,
2018,760000,760LEA,53.2,EDS,
2018,760000,760LEA,5.4,ELS,
2018,760000,760LEA,5,AM7,2
2018,760000,760LEA,5,AS7,2
2018,760000,760LEA,5,BL7,2
2018,760000,760LEA,5,MU7,2
2018,760000,760LEA,5,PI7,2
2018,760000,760LEA,71.8,WH7,
2018,761000,761LEA,13.9,BL7,
2018,761000,761LEA,13,SWD,
2018,761000,761LEA,16,ELS,
2018,761000,761LEA,31.9,WH7,
2018,761000,761LEA,47.5,HI7,
2018,761000,761LEA,5,AM7,2
2018,761000,761LEA,5,AS7,2
2018,761000,761LEA,5,MU7,2
2018,761000,761LEA,5,PI7,2
2018,761000,761LEA,71.5,EDS,
2018,76A000,760LEA,5,AM7,2
2018,76A000,760LEA,5,AS7,2
2018,76A000,760LEA,5,BL7,2
2018,76A000,760LEA,5,EDS,2
2018,76A000,760LEA,5,ELS,2
2018,76A000,760LEA,5,HI7,2
2018,76A000,760LEA,5,MU7,2
2018,76A000,760LEA,5,PI7,2
2018,76A000,760LEA,5,SWD,2
2018,76A000,760LEA,87.8,WH7,
2018,780000,780LEA,12.8,WH7,
2018,780000,780LEA,15.4,SWD,
2018,780000,780LEA,16.7,HI7,
2018,780000,780LEA,23.6,BL7,
2018,780000,780LEA,41.5,AM7,
2018,780000,780LEA,53.2,EDS,
2018,780000,780LEA,5,AS7,2
2018,780000,780LEA,5,MU7,2
2018,780000,780LEA,5,PI7,2
2018,780000,780LEA,7,ELS,
2018,78A000,780LEA,17.3,SWD,
2018,78A000,780LEA,36.9,EDS,
2018,78A000,780LEA,5,AS7,2
2018,78A000,780LEA,5,BL7,2
2018,78A000,780LEA,5,ELS,2
2018,78A000,780LEA,5,HI7,2
2018,78A000,780LEA,5,PI7,2
2018,78A000,780LEA,5,WH7,2
2018,78A000,780LEA,6.1,MU7,
2018,78A000,780LEA,90.5,AM7,
2018,78B000,780LEA,10.4,BL7,
2018,78B000,780LEA,11.6,AM7,
2018,78B000,780LEA,5,AS7,2
2018,78B000,780LEA,5,EDS,2
2018,78B000,780LEA,5,ELS,2
2018,78B000,780LEA,5,HI7,2
2018,78B000,780LEA,5,MU7,2
2018,78B000,780LEA,5,PI7,2
2018,78B000,780LEA,71,WH7,
2018,78B000,780LEA,8.7,SWD,
2018,790000,790LEA,13.9,HI7,
2018,790000,790LEA,16.6,SWD,
2018,790000,790LEA,19.4,BL7,
2018,790000,790LEA,51.5,EDS,
2018,790000,790LEA,5.6,MU7,
2018,790000,790LEA,5,AM7,2
2018,790000,790LEA,5,AS7,2
2018,790000,790LEA,5,ELS,2
2018,790000,790LEA,5,PI7,2
2018,790000,790LEA,60.2,WH7,
2018,79A000,790LEA,15,SWD,
2018,79A000,790LEA,5.9,MU7,
2018,79A000,790LEA,5,AM7,2
2018,79A000,790LEA,5,AS7,2
2018,79A000,790LEA,5,EDS,2
2018,79A000,790LEA,5,ELS,2
2018,79A000,790LEA,5,PI7,2
2018,79A000,790LEA,6.2,HI7,
2018,79A000,790LEA,79.4,WH7,
2018,79A000,790LEA,7.9,BL7,
2018,810000,810LEA,12.7,BL7,
2018,810000,810LEA,17.1,SWD,
2018,810000,810LEA,42.7,EDS,
2018,810000,810LEA,5,AM7,2
2018,810000,810LEA,5,AS7,2
2018,810000,810LEA,5,ELS,2
2018,810000,810LEA,5,PI7,2
2018,810000,810LEA,6.8,MU7,
2018,810000,810LEA,71.4,WH7,
2018,810000,810LEA,8.5,HI7,
2018,81A000,810LEA,5.8,BL7,
2018,81A000,810LEA,5,AM7,2
2018,81A000,810LEA,5,AS7,2
2018,81A000,810LEA,5,EDS,2
2018,81A000,810LEA,5,ELS,2
2018,81A000,810LEA,5,MU7,2
2018,81A000,810LEA,5,PI7,2
2018,81A000,810LEA,5,SWD,2
2018,81A000,810LEA,7.1,HI7,
2018,81A000,810LEA,79.6,WH7,
2018,81B000,810LEA,11.6,SWD,
2018,81B000,810LEA,5,AM7,2
2018,81B000,810LEA,5,AS7,2
2018,81B000,810LEA,5,BL7,2
2018,81B000,810LEA,5,EDS,2
2018,81B000,810LEA,5,ELS,2
2018,81B000,810LEA,5,MU7,2
2018,81B000,810LEA,5,PI7,2
2018,81B000,810LEA,7,HI7,
2018,81B000,810LEA,85.5,WH7,
2018,840000,840LEA,13.6,BL7,
2018,840000,840LEA,18.4,SWD,
2018,840000,840LEA,48.2,EDS,
2018,840000,840LEA,5,AM7,2
2018,840000,840LEA,5,AS7,2
2018,840000,840LEA,5,ELS,2
2018,840000,840LEA,5,MU7,
2018,840000,840LEA,5,PI7,2
2018,840000,840LEA,68.9,WH7,
2018,840000,840LEA,8.8,HI7,
2018,84B000,840LEA,5,AM7,2
2018,84B000,840LEA,5,AS7,2
2018,84B000,840LEA,5,BL7,2
2018,84B000,840LEA,5,EDS,2
2018,84B000,840LEA,5,ELS,2
2018,84B000,840LEA,5,HI7,2
2018,84B000,840LEA,5,MU7,2
2018,84B000,840LEA,5,PI7,2
2018,84B000,840LEA,5,SWD,2
2018,84B000,840LEA,85.9,WH7,
2018,860000,860LEA,13.7,SWD,
2018,860000,860LEA,24.9,HI7,
2018,860000,860LEA,5,AM7,2
2018,860000,860LEA,5,AS7,2
2018,860000,860LEA,5,BL7,2
2018,860000,860LEA,5,MU7,2
2018,860000,860LEA,5,PI7,2
2018,860000,860LEA,61.1,EDS,
2018,860000,860LEA,69.7,WH7,
2018,860000,860LEA,8.9,ELS,
2018,862000,862LEA,12.3,SWD,
2018,862000,862LEA,20.7,HI7,
2018,862000,862LEA,57,EDS,
2018,862000,862LEA,5,AM7,2
2018,862000,862LEA,5,AS7,2
2018,862000,862LEA,5,MU7,
2018,862000,862LEA,5,PI7,2
2018,862000,862LEA,64.5,WH7,
2018,862000,862LEA,8.5,BL7,
2018,862000,862LEA,8,ELS,
2018,86T000,862LEA,12.8,SWD,
2018,86T000,862LEA,5,AM7,2
2018,86T000,862LEA,5,AS7,2
2018,86T000,862LEA,5,BL7,2
2018,86T000,862LEA,5,EDS,2
2018,86T000,862LEA,5,ELS,2
2018,86T000,862LEA,5,MU7,2
2018,86T000,862LEA,5,PI7,2
2018,86T000,862LEA,6.4,HI7,
2018,86T000,862LEA,87.4,WH7,
2018,870000,870LEA,15.6,SWD,
2018,870000,870LEA,22.1,AM7,
2018,870000,870LEA,47.5,EDS,
2018,870000,870LEA,5.3,HI7,
2018,870000,870LEA,5.8,MU7,
2018,870000,870LEA,5,AS7,2
2018,870000,870LEA,5,BL7,2
2018,870000,870LEA,5,ELS,2
2018,870000,870LEA,5,PI7,2
2018,870000,870LEA,65.4,WH7,
2018,87A000,870LEA,13.9,SWD,
2018,87A000,870LEA,5.2,AM7,
2018,87A000,870LEA,5,AS7,2
2018,87A000,870LEA,5,BL7,2
2018,87A000,870LEA,5,EDS,2
2018,87A000,870LEA,5,ELS,2
2018,87A000,870LEA,5,HI7,2
2018,87A000,870LEA,5,PI7,2
2018,87A000,870LEA,6.4,MU7,
2018,87A000,870LEA,85,WH7,
2018,880000,880LEA,14.3,SWD,
2018,880000,880LEA,51.1,EDS,
2018,880000,880LEA,5.8,MU7,
2018,880000,880LEA,5,AM7,2
2018,880000,880LEA,5,AS7,2
2018,880000,880LEA,5,BL7,2
2018,880000,880LEA,5,ELS,2
2018,880000,880LEA,5,PI7,2
2018,880000,880LEA,7.9,HI7,
2018,880000,880LEA,80.9,WH7,
2018,88A000,880LEA,10.2,SWD,
2018,88A000,880LEA,5.2,HI7,
2018,88A000,880LEA,5,AM7,2
2018,88A000,880LEA,5,AS7,2
2018,88A000,880LEA,5,BL7,2
2018,88A000,880LEA,5,EDS,2
2018,88A000,880LEA,5,ELS,2
2018,88A000,880LEA,5,MU7,2
2018,88A000,880LEA,5,PI7,2
2018,88A000,880LEA,89.2,WH7,
2018,900000,900LEA,10.3,SWD,
2018,900000,900LEA,12.7,BL7,
2018,900000,900LEA,18.1,HI7,
2018,900000,900LEA,27.2,EDS,
2018,900000,900LEA,5,AM7,2
2018,900000,900LEA,5,AS7,2
2018,900000,900LEA,5,MU7,2
2018,900000,900LEA,5,PI7,2
2018,900000,900LEA,61.6,WH7,
2018,900000,900LEA,6.1,ELS,
2018,90A000,900LEA,12.5,HI7,
2018,90A000,900LEA,5,AM7,2
2018,90A000,900LEA,5,AS7,2
2018,90A000,900LEA,5,EDS,2
2018,90A000,900LEA,5,ELS,2
2018,90A000,900LEA,5,MU7,2
2018,90A000,900LEA,5,PI7,2
2018,90A000,900LEA,74.2,WH7,
2018,90A000,900LEA,7.7,BL7,
2018,90A000,900LEA,8.5,SWD,
2018,90B000,900LEA,16.2,AS7,
2018,90B000,900LEA,5,AM7,2
2018,90B000,900LEA,5,EDS,2
2018,90B000,900LEA,5,ELS,2
2018,90B000,900LEA,5,MU7,2
2018,90B000,900LEA,5,PI7,2
2018,90B000,900LEA,5,SWD,2
2018,90B000,900LEA,6.4,BL7,
2018,90B000,900LEA,6.4,HI7,
2018,90B000,900LEA,66.3,WH7,
2018,90C000,900LEA,18.4,HI7,
2018,90C000,900LEA,21.5,BL7,
2018,90C000,900LEA,28.3,EDS,
2018,90C000,900LEA,50.9,WH7,
2018,90C000,900LEA,5,AM7,2
2018,90C000,900LEA,5,AS7,2
2018,90C000,900LEA,5,ELS,2
2018,90C000,900LEA,5,PI7,2
2018,90C000,900LEA,7.2,MU7,
2018,90C000,900LEA,8.4,SWD,
2018,910000,910LEA,11.6,SWD,
2018,910000,910LEA,14.3,HI7,
2018,910000,910LEA,16.8,WH7,
2018,910000,910LEA,5,AM7,2
2018,910000,910LEA,5,AS7,2
2018,910000,910LEA,5,MU7,2
2018,910000,910LEA,5,PI7,2
2018,910000,910LEA,62.4,EDS,
2018,910000,910LEA,64.4,BL7,
2018,910000,910LEA,6.6,ELS,
2018,91A000,910LEA,5,AM7,2
2018,91A000,910LEA,5,AS7,2
2018,91A000,910LEA,5,EDS,2
2018,91A000,910LEA,5,ELS,2
2018,91A000,910LEA,5,HI7,2
2018,91A000,910LEA,5,MU7,2
2018,91A000,910LEA,5,PI7,2
2018,91A000,910LEA,82.3,WH7,
2018,91A000,910LEA,9.1,BL7,
2018,91A000,910LEA,9.3,SWD,
2018,91B000,910LEA,21.8,HI7,
2018,91B000,910LEA,40.5,EDS,
2018,91B000,910LEA,5,AM7,2
2018,91B000,910LEA,5,AS7,2
2018,91B000,910LEA,5,ELS,2
2018,91B000,910LEA,5,MU7,2
2018,91B000,910LEA,5,PI7,2
2018,91B000,910LEA,5,SWD,2
2018,91B000,910LEA,5,WH7,2
2018,91B000,910LEA,69.3,BL7,
2018,920000,920LEA,11.3,SWD,
2018,920000,920LEA,17.5,HI7,
2018,920000,920LEA,22.5,BL7,
2018,920000,920LEA,30.8,EDS,
2018,920000,920LEA,46.7,WH7,
2018,920000,920LEA,5,AM7,2
2018,920000,920LEA,5,MU7,2
2018,920000,920LEA,5,PI7,2
2018,920000,920LEA,8,ELS,
2018,920000,920LEA,9.2,AS7,
2018,92B000,920LEA,10,SWD,
2018,92B000,920LEA,5,AM7,2
2018,92B000,920LEA,5,AS7,2
2018,92B000,920LEA,5,EDS,2
2018,92B000,920LEA,5,ELS,2
2018,92B000,920LEA,5,HI7,2
2018,92B000,920LEA,5,MU7,2
2018,92B000,920LEA,5,PI7,2
2018,92B000,920LEA,6.7,BL7,
2018,92B000,920LEA,81.1,WH7,
2018,92D000,920LEA,5,AM7,2
2018,92D000,920LEA,5,BL7,2
2018,92D000,920LEA,5,EDS,2
2018,92D000,920LEA,5,ELS,2
2018,92D000,920LEA,5,HI7,2
2018,92D000,920LEA,5,MU7,2
2018,92D000,920LEA,5,PI7,2
2018,92D000,920LEA,6.6,AS7,
2018,92D000,920LEA,81.6,WH7,
2018,92D000,920LEA,9.6,SWD,
2018,92E000,920LEA,40.9,AS7,
2018,92E000,920LEA,43.6,WH7,
2018,92E000,920LEA,5,AM7,2
2018,92E000,920LEA,5,EDS,2
2018,92E000,920LEA,5,ELS,2
2018,92E000,920LEA,5,HI7,2
2018,92E000,920LEA,5,MU7,2
2018,92E000,920LEA,5,PI7,2
2018,92E000,920LEA,7.9,BL7,
2018,92E000,920LEA,8.2,SWD,
2018,92F000,920LEA,5.2,SWD,
2018,92F000,920LEA,5,AM7,2
2018,92F000,920LEA,5,AS7,2
2018,92F000,920LEA,5,BL7,2
2018,92F000,920LEA,5,EDS,2
2018,92F000,920LEA,5,ELS,2
2018,92F000,920LEA,5,HI7,2
2018,92F000,920LEA,5,MU7,2
2018,92F000,920LEA,5,PI7,2
2018,92F000,920LEA,83.6,WH7,
2018,92G000,920LEA,5,AM7,2
2018,92G000,920LEA,5,AS7,2
2018,92G000,920LEA,5,EDS,2
2018,92G000,920LEA,5,ELS,2
2018,92G000,920LEA,5,MU7,2
2018,92G000,920LEA,5,PI7,2
2018,92G000,920LEA,6.9,HI7,
2018,92G000,920LEA,7.7,BL7,
2018,92G000,920LEA,81.1,WH7,
2018,92G000,920LEA,8.7,SWD,
2018,92K000,920LEA,23.3,AS7,
2018,92K000,920LEA,5,AM7,2
2018,92K000,920LEA,5,BL7,2
2018,92K000,920LEA,5,EDS,2
2018,92K000,920LEA,5,ELS,2
2018,92K000,920LEA,5,HI7,2
2018,92K000,920LEA,5,MU7,2
2018,92K000,920LEA,5,PI7,2
2018,92K000,920LEA,5,SWD,2
2018,92K000,920LEA,63.5,WH7,
2018,92L000,920LEA,21.2,ELS,
2018,92L000,920LEA,39.1,HI7,
2018,92L000,920LEA,49.6,EDS,
2018,92L000,920LEA,57.8,BL7,
2018,92L000,920LEA,5,AM7,2
2018,92L000,920LEA,5,AS7,2
2018,92L000,920LEA,5,MU7,2
2018,92L000,920LEA,5,PI7,2
2018,92L000,920LEA,5,WH7,2
2018,92L000,920LEA,6.3,SWD,
2018,92M000,920LEA,10.1,ELS,
2018,92M000,920LEA,13.9,SWD,
2018,92M000,920LEA,19.6,HI7,
2018,92M000,920LEA,5,AM7,2
2018,92M000,920LEA,5,AS7,2
2018,92M000,920LEA,5,MU7,2
2018,92M000,920LEA,5,PI7,2
2018,92M000,920LEA,5,WH7,2
2018,92M000,920LEA,72.6,BL7,
2018,92M000,920LEA,72.6,EDS,
2018,92N000,920LEA,15.2,SWD,
2018,92N000,920LEA,5,AM7,2
2018,92N000,920LEA,5,AS7,2
2018,92N000,920LEA,5,BL7,2
2018,92N000,920LEA,5,EDS,2
2018,92N000,920LEA,5,ELS,2
2018,92N000,920LEA,5,HI7,2
2018,92N000,920LEA,5,PI7,2
2018,92N000,920LEA,80.4,WH7,
2018,92N000,920LEA,8.7,MU7,
2018,92P000,920LEA,22.5,SWD,
2018,92P000,920LEA,5.6,BL7,
2018,92P000,920LEA,5,AM7,2
2018,92P000,920LEA,5,AS7,2
2018,92P000,920LEA,5,EDS,2
2018,92P000,920LEA,5,ELS,2
2018,92P000,920LEA,5,MU7,2
2018,92P000,920LEA,5,PI7,2
2018,92P000,920LEA,6,HI7,
2018,92P000,920LEA,81.4,WH7,
2018,92Q000,920LEA,10.5,SWD,
2018,92Q000,920LEA,5,AM7,2
2018,92Q000,920LEA,5,AS7,2
2018,92Q000,920LEA,5,ELS,2
2018,92Q000,920LEA,5,HI7,2
2018,92Q000,920LEA,5,MU7,2
2018,92Q000,920LEA,5,PI7,2
2018,92Q000,920LEA,5,WH7,2
2018,92Q000,920LEA,64.9,EDS,
2018,92Q000,920LEA,94.7,BL7,
2018,92R000,920LEA,16.5,BL7,
2018,92R000,920LEA,35.9,HI7,
2018,92R000,920LEA,39.5,WH7,
2018,92R000,920LEA,5.3,AS7,
2018,92R000,920LEA,5,AM7,2
2018,92R000,920LEA,5,EDS,2
2018,92R000,920LEA,5,MU7,2
2018,92R000,920LEA,5,PI7,2
2018,92R000,920LEA,6.6,SWD,
2018,92R000,920LEA,7.2,ELS,
2018,92S000,920LEA,5.1,BL7,
2018,92S000,920LEA,5,AM7,2
2018,92S000,920LEA,5,AS7,2
2018,92S000,920LEA,5,EDS,2
2018,92S000,920LEA,5,ELS,2
2018,92S000,920LEA,5,HI7,2
2018,92S000,920LEA,5,MU7,2
2018,92S000,920LEA,5,PI7,2
2018,92S000,920LEA,83.7,WH7,
2018,92S000,920LEA,9.6,SWD,
2018,92T000,920LEA,16.4,BL7,
2018,92T000,920LEA,33.7,WH7,
2018,92T000,920LEA,36.9,AS7,
2018,92T000,920LEA,5,AM7,2
2018,92T000,920LEA,5,EDS,2
2018,92T000,920LEA,5,ELS,2
2018,92T000,920LEA,5,HI7,2
2018,92T000,920LEA,5,PI7,2
2018,92T000,920LEA,7.1,SWD,
2018,92T000,920LEA,8.1,MU7,
2018,92U000,920LEA,10.3,HI7,
2018,92U000,920LEA,12.6,SWD,
2018,92U000,920LEA,18.7,BL7,
2018,92U000,920LEA,5,AM7,2
2018,92U000,920LEA,5,AS7,2
2018,92U000,920LEA,5,EDS,2
2018,92U000,920LEA,5,ELS,2
2018,92U000,920LEA,5,PI7,2
2018,92U000,920LEA,61.6,WH7,
2018,92U000,920LEA,8.7,MU7,
2018,92V000,920LEA,11.5,BL7,
2018,92V000,920LEA,14.1,EDS,
2018,92V000,920LEA,5,AM7,2
2018,92V000,920LEA,5,AS7,2
2018,92V000,920LEA,5,ELS,2
2018,92V000,920LEA,5,MU7,2
2018,92V000,920LEA,5,PI7,2
2018,92V000,920LEA,5,SWD,2
2018,92V000,920LEA,73,WH7,
2018,92V000,920LEA,9.5,HI7,
2018,92W000,920LEA,12.8,EDS,
2018,92W000,920LEA,16.4,BL7,
2018,92W000,920LEA,19.9,AS7,
2018,92W000,920LEA,46.3,WH7,
2018,92W000,920LEA,5,AM7,2
2018,92W000,920LEA,5,ELS,2
2018,92W000,920LEA,5,PI7,2
2018,92W000,920LEA,8.4,HI7,
2018,92W000,920LEA,8,MU7,
2018,92W000,920LEA,9.5,SWD,
2018,92Y000,920LEA,10.6,SWD,
2018,92Y000,920LEA,17.4,BL7,
2018,92Y000,920LEA,5.6,MU7,
2018,92Y000,920LEA,5,AM7,2
2018,92Y000,920LEA,5,AS7,2
2018,92Y000,920LEA,5,EDS,2
2018,92Y000,920LEA,5,ELS,2
2018,92Y000,920LEA,5,PI7,2
2018,92Y000,920LEA,65.9,WH7,
2018,92Y000,920LEA,7.7,HI7,
2018,930000,930LEA,15.5,WH7,
2018,930000,930LEA,16.1,SWD,
2018,930000,930LEA,54,EDS,
2018,930000,930LEA,5,AS7,2
2018,930000,930LEA,5,ELS,2
2018,930000,930LEA,5,MU7,2
2018,930000,930LEA,5,PI7,2
2018,930000,930LEA,65.1,BL7,
2018,930000,930LEA,7.4,AM7,
2018,930000,930LEA,8.1,HI7,
2018,93A000,930LEA,12.7,BL7,
2018,93A000,930LEA,18.3,SWD,
2018,93A000,930LEA,57.7,EDS,
2018,93A000,930LEA,5,AS7,2
2018,93A000,930LEA,5,ELS,2
2018,93A000,930LEA,5,HI7,2
2018,93A000,930LEA,5,PI7,2
2018,93A000,930LEA,5,WH7,2
2018,93A000,930LEA,73.9,AM7,
2018,93A000,930LEA,7,MU7,
2018,93J000,920LEA,15.3,ELS,
2018,93J000,920LEA,26.9,HI7,
2018,93J000,920LEA,27.2,EDS,
2018,93J000,920LEA,5,AM7,2
2018,93J000,920LEA,5,AS7,2
2018,93J000,920LEA,5,MU7,2
2018,93J000,920LEA,5,PI7,2
2018,93J000,920LEA,5,SWD,2
2018,93J000,920LEA,5,WH7,
2018,93J000,920LEA,63.5,BL7,
2018,93L000,920LEA,11.1,WH7,
2018,93L000,920LEA,16.7,EDS,
2018,93L000,920LEA,24.7,HI7,
2018,93L000,920LEA,25.9,SWD,
2018,93L000,920LEA,5.6,MU7,
2018,93L000,920LEA,58.6,BL7,
2018,93L000,920LEA,5,AM7,2
2018,93L000,920LEA,5,AS7,2
2018,93L000,920LEA,5,ELS,2
2018,93L000,920LEA,5,PI7,2
2018,93M000,920LEA,11.7,EDS,
2018,93M000,920LEA,12.8,ELS,
2018,93M000,920LEA,21.5,AS7,
2018,93M000,920LEA,57.4,WH7,
2018,93M000,920LEA,5,AM7,2
2018,93M000,920LEA,5,MU7,2
2018,93M000,920LEA,5,PI7,2
2018,93M000,920LEA,5,SWD,2
2018,93M000,920LEA,9.1,HI7,
2018,93M000,920LEA,9.5,BL7,
2018,93N000,920LEA,5.8,SWD,
2018,93N000,920LEA,5,AM7,2
2018,93N000,920LEA,5,AS7,2
2018,93N000,920LEA,5,BL7,2
2018,93N000,920LEA,5,EDS,2
2018,93N000,920LEA,5,ELS,2
2018,93N000,920LEA,5,PI7,2
2018,93N000,920LEA,6.6,HI7,
2018,93N000,920LEA,76.1,WH7,
2018,93N000,920LEA,9.1,MU7,
2018,94Z000,580LEA,10.5,HI7,
2018,94Z000,580LEA,16.4,BL7,
2018,94Z000,580LEA,24.7,EDS,
2018,94Z000,580LEA,5.5,MU7,
2018,94Z000,580LEA,5,AM7,2
2018,94Z000,580LEA,5,AS7,2
2018,94Z000,580LEA,5,ELS,2
2018,94Z000,580LEA,5,PI7,2
2018,94Z000,580LEA,5,SWD,2
2018,94Z000,580LEA,66.7,WH7,
2018,950000,950LEA,18.5,SWD,
2018,950000,950LEA,34.8,EDS,
2018,950000,950LEA,5,AM7,2
2018,950000,950LEA,5,AS7,2
2018,950000,950LEA,5,BL7,2
2018,950000,950LEA,5,ELS,2
2018,950000,950LEA,5,MU7,2
2018,950000,950LEA,5,PI7,2
2018,950000,950LEA,84.6,WH7,
2018,950000,950LEA,9.4,HI7,
2018,95A000,950LEA,15.5,SWD,
2018,95A000,950LEA,5,AM7,2
2018,95A000,950LEA,5,AS7,2
2018,95A000,950LEA,5,BL7,2
2018,95A000,950LEA,5,EDS,2
2018,95A000,950LEA,5,ELS,2
2018,95A000,950LEA,5,HI7,2
2018,95A000,950LEA,5,MU7,2
2018,95A000,950LEA,5,PI7,2
2018,95A000,950LEA,95,WH7,
2018,960000,960LEA,10,ELS,
2018,960000,960LEA,13.1,SWD,
2018,960000,960LEA,22.8,HI7,
2018,960000,960LEA,35.5,BL7,
2018,960000,960LEA,36.5,WH7,
2018,960000,960LEA,46.4,EDS,
2018,960000,960LEA,5,AM7,2
2018,960000,960LEA,5,AS7,2
2018,960000,960LEA,5,MU7,2
2018,960000,960LEA,5,PI7,2
2018,96C000,960LEA,13.7,SWD,
2018,96C000,960LEA,5,AM7,2
2018,96C000,960LEA,5,AS7,2
2018,96C000,960LEA,5,ELS,2
2018,96C000,960LEA,5,HI7,2
2018,96C000,960LEA,5,MU7,2
2018,96C000,960LEA,5,PI7,2
2018,96C000,960LEA,5,WH7,2
2018,96C000,960LEA,90.5,EDS,
2018,96C000,960LEA,92,BL7,
2018,96F000,960LEA,23.8,BL7,
2018,96F000,960LEA,5.5,HI7,
2018,96F000,960LEA,5.7,SWD,
2018,96F000,960LEA,5,AM7,2
2018,96F000,960LEA,5,AS7,2
2018,96F000,960LEA,5,EDS,2
2018,96F000,960LEA,5,ELS,2
2018,96F000,960LEA,5,PI7,2
2018,96F000,960LEA,60.4,WH7,
2018,96F000,960LEA,9.3,MU7,
2018,970000,970LEA,13,SWD,
2018,970000,970LEA,14.9,HI7,
2018,970000,970LEA,41.1,EDS,
2018,970000,970LEA,5,AM7,2
2018,970000,970LEA,5,AS7,2
2018,970000,970LEA,5,BL7,2
2018,970000,970LEA,5,ELS,
2018,970000,970LEA,5,MU7,2
2018,970000,970LEA,5,PI7,2
2018,970000,970LEA,75.7,WH7,
2018,97D000,970LEA,25.7,EDS,
2018,97D000,970LEA,26.9,SWD,
2018,97D000,970LEA,5,AM7,2
2018,97D000,970LEA,5,AS7,2
2018,97D000,970LEA,5,ELS,2
2018,97D000,970LEA,5,HI7,2
2018,97D000,970LEA,5,MU7,2
2018,97D000,970LEA,5,PI7,2
2018,97D000,970LEA,8.4,BL7,
2018,97D000,970LEA,86.2,WH7,
2018,980000,980LEA,20.5,HI7,
2018,980000,980LEA,30.5,WH7,
2018,980000,980LEA,44.3,BL7,
2018,980000,980LEA,49.1,EDS,
2018,980000,980LEA,5,AM7,2
2018,980000,980LEA,5,AS7,2
2018,980000,980LEA,5,MU7,2
2018,980000,980LEA,5,PI7,2
2018,980000,980LEA,6.2,ELS,
2018,980000,980LEA,7.2,SWD,
2018,98A000,980LEA,17,ELS,
2018,98A000,980LEA,37.8,HI7,
2018,98A000,980LEA,55.9,EDS,
2018,98A000,980LEA,57.5,BL7,
2018,98A000,980LEA,5,AM7,2
2018,98A000,980LEA,5,AS7,2
2018,98A000,980LEA,5,MU7,2
2018,98A000,980LEA,5,PI7,2
2018,98A000,980LEA,5,WH7,2
2018,98A000,980LEA,8.7,SWD,
2018,98B000,980LEA,35.8,EDS,
2018,98B000,980LEA,37.3,BL7,
2018,98B000,980LEA,46.4,WH7,
2018,98B000,980LEA,5.5,MU7,
2018,98B000,980LEA,5,AM7,2
2018,98B000,980LEA,5,AS7,2
2018,98B000,980LEA,5,ELS,2
2018,98B000,980LEA,5,PI7,2
2018,98B000,980LEA,5,SWD,2
2018,98B000,980LEA,8.2,HI7,
