year,agency_code,csi_lp,csi_lg,tsi_cu,tsi_at
2018,00A000,N,N,Y,Y
2018,00B000,N,Y,Y,Y
2018,010303,N,N,N,N
2018,010304,N,N,Y,Y
2018,010308,N,N,Y,Y
2018,010310,Y,N,N,N
2018,010311,N,N,N,N
2018,010312,N,N,Y,Y
2018,010320,N,N,Y,Y
2018,010324,N,N,Y,N
2018,010326,N,N,Y,Y
2018,010328,N,N,Y,Y
2018,010340,N,N,Y,Y
2018,010346,N,N,Y,Y
2018,010347,N,N,Y,Y
2018,010348,N,N,Y,Y
2018,010350,N,N,Y,Y
2018,010351,N,N,Y,Y
2018,010353,N,N,Y,Y
2018,010354,N,N,Y,Y
2018,010357,N,N,Y,Y
2018,010358,Y,N,N,N
2018,010360,N,N,N,N
2018,010362,N,N,Y,Y
2018,010364,N,N,Y,Y
2018,010372,N,N,Y,Y
2018,010374,N,N,Y,Y
2018,010378,N,N,Y,Y
2018,010380,N,N,Y,Y
2018,010384,N,N,Y,Y
2018,010388,N,N,Y,Y
2018,010390,N,N,Y,Y
2018,010392,N,N,Y,Y
2018,010394,N,N,Y,Y
2018,010396,N,N,N,N
2018,010400,N,N,N,N
2018,010403,N,N,Y,Y
2018,010406,N,N,Y,Y
2018,01B000,N,N,Y,Y
2018,01C000,N,N,Y,N
2018,01D000,N,N,Y,Y
2018,020302,N,N,N,N
2018,020303,N,N,N,N
2018,020304,N,N,N,N
2018,020306,N,N,Y,Y
2018,020308,N,N,N,N
2018,020316,N,N,Y,Y
2018,020320,N,N,Y,Y
2018,020324,N,N,Y,Y
2018,020328,N,N,N,N
2018,020330,N,N,Y,Y
2018,020332,N,N,Y,Y
2018,030304,N,N,N,N
2018,030308,N,N,Y,Y
2018,030316,N,N,N,N
2018,030320,N,N,Y,Y
2018,040304,N,N,N,N
2018,040305,N,Y,N,N
2018,040306,N,N,Y,Y
2018,040308,N,N,N,N
2018,040309,N,N,Y,Y
2018,040311,N,N,Y,Y
2018,040316,N,N,Y,Y
2018,040324,N,N,N,N
2018,040328,N,N,N,N
2018,040330,N,N,Y,Y
2018,050302,N,N,Y,Y
2018,050305,N,N,N,N
2018,050310,N,N,Y,Y
2018,050330,N,N,N,N
2018,050335,N,N,N,N
2018,060302,N,N,N,N
2018,060304,N,N,N,N
2018,060310,N,N,Y,Y
2018,060316,N,N,N,N
2018,060318,N,N,Y,Y
2018,060322,N,N,N,N
2018,060328,N,N,Y,Y
2018,060332,N,N,N,N
2018,060334,N,N,N,N
2018,060700,N,N,N,N
2018,060701,N,N,N,N
2018,06A000,Y,N,N,N
2018,06B000,N,N,Y,Y
2018,070302,N,N,Y,Y
2018,070308,N,N,Y,Y
2018,070310,N,N,N,N
2018,070311,N,N,N,N
2018,070325,N,N,Y,Y
2018,070326,N,N,N,N
2018,070327,N,N,Y,Y
2018,070328,N,N,Y,Y
2018,070329,N,N,Y,Y
2018,070330,N,N,Y,Y
2018,070338,N,N,Y,Y
2018,070339,N,N,N,N
2018,070340,N,N,N,N
2018,070342,N,N,N,N
2018,07A000,N,N,N,N
2018,080311,N,N,N,N
2018,080312,N,N,Y,Y
2018,080314,N,N,Y,Y
2018,080348,N,N,N,N
2018,080356,N,N,N,N
2018,080360,N,N,Y,Y
2018,080362,N,N,Y,Y
2018,08A000,N,N,Y,N
2018,090304,N,N,N,N
2018,090315,N,N,Y,Y
2018,090317,N,N,N,N
2018,090318,N,N,N,N
2018,090320,N,N,N,N
2018,090324,N,N,N,N
2018,090328,N,N,Y,Y
2018,090330,N,N,Y,Y
2018,090332,N,N,Y,Y
2018,090333,N,N,Y,Y
2018,090352,N,N,N,N
2018,090365,N,N,Y,Y
2018,090368,N,N,N,N
2018,09A000,Y,N,N,N
2018,09B000,N,N,Y,Y
2018,100302,N,N,Y,Y
2018,100304,N,N,Y,N
2018,100307,N,N,N,N
2018,100308,N,Y,Y,Y
2018,100309,N,N,Y,Y
2018,100310,N,N,Y,Y
2018,100316,N,N,Y,Y
2018,100320,N,N,Y,Y
2018,100326,N,N,Y,Y
2018,100332,N,N,Y,Y
2018,100334,N,N,Y,Y
2018,100335,N,N,Y,Y
2018,100336,N,N,Y,Y
2018,100338,N,N,Y,Y
2018,100339,N,N,N,N
2018,100340,N,N,N,N
2018,100342,N,N,Y,Y
2018,100344,N,N,Y,Y
2018,100348,N,N,N,N
2018,10A000,N,N,N,N
2018,10B000,N,N,N,N
2018,110303,N,Y,N,N
2018,110304,N,N,N,N
2018,110306,N,N,Y,Y
2018,110308,N,N,N,N
2018,110318,N,N,Y,Y
2018,110320,N,N,N,N
2018,110322,N,N,N,N
2018,110323,N,N,N,N
2018,110324,N,N,Y,Y
2018,110326,N,N,Y,N
2018,110332,N,N,N,N
2018,110336,N,N,Y,N
2018,110338,N,N,Y,Y
2018,110340,N,N,Y,N
2018,110342,N,N,Y,Y
2018,110348,N,N,Y,Y
2018,110352,N,N,Y,Y
2018,110356,N,N,Y,Y
2018,110366,N,N,N,N
2018,110368,N,N,Y,N
2018,110370,N,N,Y,Y
2018,110372,N,N,Y,Y
2018,110376,N,N,Y,Y
2018,110379,N,N,N,N
2018,110380,N,N,N,N
2018,110381,N,N,Y,Y
2018,110382,N,N,Y,N
2018,110384,N,N,Y,Y
2018,110388,N,N,N,N
2018,110401,N,N,Y,Y
2018,110408,N,N,Y,Y
2018,110410,N,N,Y,Y
2018,110412,N,N,Y,Y
2018,110416,N,N,Y,Y
2018,110420,N,N,Y,Y
2018,110422,N,N,Y,Y
2018,110425,N,N,Y,Y
2018,110428,N,N,Y,N
2018,110432,N,N,Y,N
2018,110436,N,N,Y,Y
2018,110444,N,N,N,N
2018,110450,N,N,Y,Y
2018,110451,N,N,Y,Y
2018,110500,N,N,N,N
2018,111302,N,N,N,N
2018,111304,N,N,Y,Y
2018,111306,N,N,Y,Y
2018,111307,N,N,Y,Y
2018,111312,N,N,Y,Y
2018,111332,N,N,Y,Y
2018,111356,N,N,Y,Y
2018,111360,N,N,Y,Y
2018,111369,N,N,Y,Y
2018,111700,N,N,N,N
2018,11A000,N,N,N,N
2018,11B000,N,N,N,N
2018,11C000,N,N,Y,Y
2018,11D000,N,N,N,N
2018,11K000,N,N,Y,Y
2018,120304,N,N,Y,Y
2018,120308,N,Y,Y,Y
2018,120310,N,N,N,N
2018,120312,N,N,Y,Y
2018,120314,N,N,N,N
2018,120315,N,N,Y,Y
2018,120316,N,N,Y,Y
2018,120318,N,N,N,N
2018,120320,N,N,Y,Y
2018,120324,N,N,Y,Y
2018,120334,N,N,Y,Y
2018,120338,N,N,Y,Y
2018,120340,N,N,Y,Y
2018,120344,N,N,Y,Y
2018,120346,N,N,Y,Y
2018,120350,N,N,Y,Y
2018,120352,N,N,Y,Y
2018,120360,N,N,Y,N
2018,120364,N,N,Y,Y
2018,120368,N,N,Y,Y
2018,120370,N,N,Y,Y
2018,120372,N,N,N,N
2018,120374,N,N,N,N
2018,120376,N,N,Y,Y
2018,120380,N,N,Y,Y
2018,120386,N,N,Y,Y
2018,120390,N,N,Y,Y
2018,12A000,N,N,Y,Y
2018,130304,N,N,Y,Y
2018,130307,N,N,N,N
2018,130308,N,N,Y,Y
2018,130309,N,N,Y,Y
2018,130310,N,N,Y,Y
2018,130311,N,N,Y,Y
2018,130312,N,N,Y,Y
2018,130313,N,N,Y,Y
2018,130314,N,N,Y,Y
2018,130315,N,N,N,N
2018,130316,N,N,Y,Y
2018,130317,N,N,Y,Y
2018,130318,N,N,Y,Y
2018,130319,N,N,N,N
2018,130320,N,N,Y,Y
2018,130321,N,N,Y,Y
2018,130322,N,N,Y,N
2018,130323,N,N,Y,Y
2018,130324,N,N,N,N
2018,130325,N,N,N,N
2018,130326,N,N,N,N
2018,130327,N,N,Y,Y
2018,130328,N,N,Y,Y
2018,130329,N,N,Y,Y
2018,130330,N,N,Y,Y
2018,130331,N,N,N,N
2018,130332,N,N,N,N
2018,130333,N,Y,N,N
2018,130336,N,N,Y,Y
2018,130337,N,N,Y,Y
2018,130338,N,N,Y,Y
2018,130340,N,N,Y,Y
2018,130342,N,N,Y,Y
2018,130344,N,N,Y,Y
2018,130345,N,N,Y,N
2018,130346,N,N,N,N
2018,130349,N,N,N,N
2018,130350,N,N,N,N
2018,130355,N,N,Y,Y
2018,132304,N,N,Y,Y
2018,132308,N,N,Y,Y
2018,132312,N,N,Y,Y
2018,132314,N,N,Y,Y
2018,132328,N,N,Y,N
2018,132330,N,N,Y,Y
2018,132332,N,N,Y,Y
2018,132336,N,N,Y,Y
2018,13A000,N,N,Y,Y
2018,13B000,N,N,Y,Y
2018,13C000,N,N,Y,Y
2018,13D000,N,N,Y,Y
2018,140304,N,N,Y,Y
2018,140305,N,N,N,N
2018,140306,Y,N,N,N
2018,140307,N,N,Y,Y
2018,140308,N,N,Y,N
2018,140309,N,N,N,N
2018,140312,N,N,Y,Y
2018,140316,N,N,N,N
2018,140324,N,N,Y,Y
2018,140332,N,N,Y,Y
2018,140336,N,N,Y,Y
2018,140340,N,N,N,N
2018,140344,N,N,Y,Y
2018,140348,N,N,Y,Y
2018,140352,N,N,N,N
2018,140356,N,N,Y,Y
2018,140360,N,N,Y,N
2018,140368,N,N,Y,Y
2018,140372,N,N,N,N
2018,140376,N,N,Y,Y
2018,140384,N,N,Y,Y
2018,140386,N,N,N,N
2018,140388,N,N,Y,Y
2018,140390,N,N,Y,N
2018,140392,N,N,Y,Y
2018,140396,N,N,Y,Y
2018,150304,N,N,Y,Y
2018,150308,N,N,N,N
2018,150310,N,N,N,N
2018,150312,N,N,Y,N
2018,150350,N,N,N,N
2018,160304,N,N,N,N
2018,160306,N,N,Y,Y
2018,160308,N,N,Y,Y
2018,160309,Y,N,N,N
2018,160310,N,N,Y,Y
2018,160311,N,N,Y,Y
2018,160313,N,N,Y,Y
2018,160314,N,N,N,N
2018,160316,N,N,N,N
2018,160317,N,N,Y,Y
2018,160318,N,N,Y,Y
2018,160322,N,N,Y,Y
2018,160324,N,N,Y,N
2018,160326,N,N,Y,Y
2018,160332,N,N,Y,Y
2018,160344,N,N,N,N
2018,160352,N,N,N,N
2018,16B000,N,N,N,N
2018,170316,N,N,Y,Y
2018,170334,N,N,Y,N
2018,170338,N,N,Y,Y
2018,170339,N,N,Y,Y
2018,170342,N,N,Y,Y
2018,170344,N,N,Y,Y
2018,180302,N,N,Y,Y
2018,180304,N,N,N,N
2018,180308,N,N,Y,Y
2018,180312,N,N,Y,Y
2018,180316,N,N,Y,Y
2018,180320,N,N,Y,Y
2018,180323,N,Y,N,N
2018,180324,N,N,Y,Y
2018,180325,N,N,N,N
2018,180326,N,N,Y,Y
2018,180332,N,N,Y,N
2018,180336,N,N,N,N
2018,180340,N,N,Y,Y
2018,180342,N,N,Y,Y
2018,180343,N,N,Y,Y
2018,180344,N,N,Y,N
2018,180346,N,N,Y,Y
2018,180348,N,N,N,N
2018,180352,N,N,Y,Y
2018,180356,N,N,Y,Y
2018,180360,N,N,Y,Y
2018,180364,N,N,Y,Y
2018,180368,N,N,N,N
2018,180372,N,N,Y,Y
2018,180376,N,N,N,N
2018,180379,N,N,N,N
2018,180380,N,N,N,N
2018,180388,N,N,Y,N
2018,181312,N,N,Y,Y
2018,181316,N,N,Y,Y
2018,181318,N,N,N,N
2018,181322,N,N,Y,Y
2018,181326,N,N,Y,Y
2018,181332,N,N,N,N
2018,181336,N,N,N,N
2018,181342,N,N,N,N
2018,181344,N,N,Y,Y
2018,182304,N,N,N,N
2018,182316,N,N,Y,Y
2018,182321,N,N,Y,Y
2018,182322,N,N,N,N
2018,182324,N,N,Y,Y
2018,182328,N,N,Y,Y
2018,182700,N,N,N,N
2018,190304,N,N,Y,Y
2018,190308,N,N,Y,Y
2018,190310,N,N,N,N
2018,190312,N,N,Y,Y
2018,190316,N,N,Y,Y
2018,190328,N,N,Y,Y
2018,190332,N,N,Y,Y
2018,190336,N,N,Y,Y
2018,190339,N,N,Y,Y
2018,190340,N,N,Y,Y
2018,190341,N,N,Y,Y
2018,190342,N,N,Y,Y
2018,190346,N,N,Y,Y
2018,190348,N,N,Y,Y
2018,190350,N,N,Y,Y
2018,190352,N,N,Y,Y
2018,190370,N,N,Y,Y
2018,190501,N,N,N,N
2018,19A000,N,N,Y,Y
2018,19B000,N,N,N,N
2018,19C000,N,N,Y,Y
2018,200304,N,N,N,N
2018,200308,N,N,N,N
2018,200310,N,N,Y,Y
2018,200312,N,N,Y,Y
2018,200314,N,N,N,N
2018,200320,N,N,Y,Y
2018,200322,N,N,N,N
2018,200324,N,N,Y,Y
2018,200328,N,N,Y,Y
2018,200330,N,N,Y,Y
2018,200332,N,N,N,N
2018,200336,N,N,Y,Y
2018,200350,N,N,N,N
2018,20A000,N,N,Y,Y
2018,210304,N,N,Y,Y
2018,210306,N,N,Y,Y
2018,210312,N,N,Y,Y
2018,210316,N,N,Y,Y
2018,220308,N,N,Y,Y
2018,220310,N,N,N,N
2018,220312,N,N,Y,Y
2018,230304,N,N,Y,Y
2018,230308,N,N,Y,Y
2018,230312,N,N,Y,Y
2018,230316,N,N,Y,Y
2018,230320,N,N,Y,Y
2018,230322,N,N,N,N
2018,230324,N,N,Y,Y
2018,230328,N,N,Y,Y
2018,230330,N,Y,Y,Y
2018,230334,N,N,N,N
2018,230336,N,N,Y,Y
2018,230340,N,N,Y,Y
2018,230342,N,N,N,N
2018,230344,N,N,Y,Y
2018,230346,N,N,Y,Y
2018,230348,N,N,Y,Y
2018,230350,N,N,Y,Y
2018,230351,N,N,Y,N
2018,230352,N,N,Y,Y
2018,230355,N,N,Y,Y
2018,230357,N,N,Y,Y
2018,230359,N,N,Y,Y
2018,230361,N,N,Y,Y
2018,230362,N,N,N,N
2018,230364,N,N,Y,Y
2018,230368,N,N,Y,Y
2018,230370,N,N,Y,Y
2018,230376,N,N,Y,Y
2018,230380,N,N,Y,Y
2018,23A000,N,N,Y,Y
2018,240304,Y,N,N,N
2018,240308,N,N,Y,Y
2018,240328,N,N,N,N
2018,240330,N,N,Y,Y
2018,240332,N,N,Y,Y
2018,240334,N,N,N,N
2018,240344,N,N,Y,Y
2018,240352,N,N,Y,N
2018,240354,N,N,N,N
2018,240356,N,N,Y,Y
2018,240368,N,N,Y,Y
2018,240370,N,N,N,N
2018,240371,N,N,Y,Y
2018,240372,N,N,Y,Y
2018,240373,N,N,N,N
2018,240376,N,N,Y,Y
2018,240380,N,N,N,N
2018,240388,N,N,Y,Y
2018,241304,N,N,Y,Y
2018,241308,N,N,N,N
2018,241312,N,N,N,N
2018,241316,N,N,Y,Y
2018,241320,N,N,N,N
2018,24B000,N,Y,N,N
2018,24N000,N,N,Y,Y
2018,250304,N,N,N,N
2018,250306,N,N,Y,Y
2018,250308,N,N,Y,Y
2018,250312,N,N,Y,Y
2018,250314,N,N,N,N
2018,250316,N,N,N,N
2018,250320,N,N,Y,Y
2018,250321,N,N,N,N
2018,250324,N,N,Y,Y
2018,250328,N,N,N,N
2018,250332,N,N,Y,Y
2018,250336,N,N,Y,Y
2018,250340,N,N,Y,Y
2018,250344,N,N,Y,Y
2018,250348,N,N,Y,Y
2018,250350,N,N,N,N
2018,250356,N,N,Y,Y
2018,250360,N,N,Y,Y
2018,250362,N,N,Y,Y
2018,250364,N,N,N,N
2018,250368,N,N,Y,Y
2018,250372,N,N,Y,Y
2018,250376,N,N,Y,Y
2018,250378,N,N,N,N
2018,250380,N,N,Y,N
2018,260302,N,N,Y,Y
2018,260306,N,N,N,N
2018,260308,N,N,Y,Y
2018,260310,N,N,Y,Y
2018,260312,N,N,N,N
2018,260316,N,N,N,N
2018,260318,N,N,N,N
2018,260320,N,N,Y,Y
2018,260321,N,N,Y,Y
2018,260322,N,N,Y,N
2018,260325,N,N,N,N
2018,260326,N,N,Y,Y
2018,260332,N,N,N,N
2018,260336,N,N,Y,Y
2018,260338,N,N,Y,Y
2018,260340,N,N,Y,Y
2018,260342,N,N,Y,Y
2018,260344,N,N,Y,Y
2018,260347,N,N,N,N
2018,260348,N,N,N,N
2018,260352,N,N,Y,Y
2018,260354,N,N,N,N
2018,260356,N,N,N,N
2018,260357,N,N,N,N
2018,260358,N,N,Y,Y
2018,260359,N,N,N,N
2018,260361,N,N,Y,Y
2018,260362,N,N,Y,Y
2018,260363,N,N,Y,Y
2018,260364,N,N,Y,Y
2018,260365,N,N,Y,Y
2018,260366,N,N,Y,Y
2018,260367,N,N,Y,Y
2018,260368,N,N,Y,Y
2018,260369,N,N,N,N
2018,260370,N,N,Y,Y
2018,260371,N,N,Y,Y
2018,260372,N,N,Y,Y
2018,260373,N,N,Y,Y
2018,260374,N,Y,N,N
2018,260375,N,N,Y,Y
2018,260380,N,N,N,N
2018,260382,N,N,Y,Y
2018,260383,N,N,Y,Y
2018,260386,N,N,Y,Y
2018,260388,N,N,N,N
2018,260396,N,N,Y,Y
2018,260397,N,N,Y,Y
2018,260398,N,N,Y,Y
2018,260400,N,N,Y,Y
2018,260401,N,N,Y,Y
2018,260402,N,N,Y,Y
2018,260403,N,N,Y,N
2018,260404,N,N,Y,Y
2018,260405,N,N,Y,Y
2018,260406,N,N,Y,Y
2018,260407,N,N,Y,Y
2018,260408,N,N,N,N
2018,260410,N,N,Y,Y
2018,260411,N,N,N,N
2018,260412,N,N,N,N
2018,260413,N,N,Y,Y
2018,260414,N,N,Y,Y
2018,260415,N,N,Y,Y
2018,260416,N,N,N,N
2018,260417,N,N,Y,Y
2018,260418,N,N,Y,Y
2018,260419,N,N,Y,Y
2018,260424,N,N,N,N
2018,260425,N,N,Y,Y
2018,260426,N,N,Y,Y
2018,260427,N,N,N,N
2018,260428,N,N,Y,Y
2018,260430,N,N,N,N
2018,260432,N,N,N,N
2018,260434,N,N,N,N
2018,260440,N,N,Y,Y
2018,260444,N,N,Y,Y
2018,260446,N,N,Y,N
2018,260448,N,N,Y,Y
2018,260449,N,N,N,N
2018,260450,N,N,Y,Y
2018,260452,N,N,Y,Y
2018,260454,N,N,Y,Y
2018,260455,N,N,Y,Y
2018,260459,N,N,Y,Y
2018,260700,N,N,N,N
2018,26B000,N,N,Y,Y
2018,26C000,N,N,Y,Y
2018,270304,N,N,N,N
2018,270306,N,N,Y,Y
2018,270308,N,N,Y,Y
2018,270309,N,N,Y,Y
2018,270310,N,N,Y,Y
2018,270311,N,N,N,N
2018,270312,N,N,N,N
2018,270316,N,N,Y,Y
2018,270318,N,N,Y,Y
2018,270320,N,N,Y,Y
2018,27A000,N,N,N,N
2018,280302,N,N,N,N
2018,280304,N,N,Y,Y
2018,280306,N,N,N,N
2018,280308,N,N,N,N
2018,280310,N,N,Y,Y
2018,280312,N,N,Y,Y
2018,280316,N,N,N,N
2018,280320,N,N,Y,Y
2018,280324,N,N,Y,Y
2018,280328,N,N,Y,Y
2018,280330,N,N,N,N
2018,290302,N,N,Y,Y
2018,290306,N,N,N,N
2018,290307,N,N,Y,Y
2018,290308,N,N,N,N
2018,290309,N,N,Y,Y
2018,290310,N,N,Y,Y
2018,290312,N,N,Y,Y
2018,290314,N,N,N,N
2018,290315,N,N,N,N
2018,290316,N,N,Y,Y
2018,290320,N,N,Y,Y
2018,290322,N,N,Y,Y
2018,290324,N,N,Y,Y
2018,290328,N,N,Y,Y
2018,290330,N,N,N,N
2018,290332,N,N,N,N
2018,290333,N,N,Y,Y
2018,290334,N,N,Y,Y
2018,290336,N,N,Y,Y
2018,290344,N,N,Y,Y
2018,290348,N,N,N,N
2018,290349,N,N,N,N
2018,290350,N,N,Y,Y
2018,290351,N,N,Y,Y
2018,290352,N,N,Y,Y
2018,290356,N,N,Y,Y
2018,290364,N,N,Y,Y
2018,290365,N,N,Y,Y
2018,290366,N,N,Y,Y
2018,290367,N,N,Y,Y
2018,290375,N,N,N,N
2018,290376,N,N,Y,Y
2018,290380,N,N,N,N
2018,290384,N,N,Y,Y
2018,290388,N,N,Y,N
2018,290389,N,N,N,N
2018,291308,N,N,Y,Y
2018,291332,N,N,Y,Y
2018,291336,N,N,Y,Y
2018,291340,N,N,Y,Y
2018,291348,N,N,Y,Y
2018,291350,N,N,N,N
2018,291352,N,N,Y,Y
2018,292316,N,N,Y,Y
2018,292318,N,N,Y,Y
2018,292320,N,N,Y,Y
2018,292324,N,N,Y,Y
2018,298202,N,N,N,N
2018,298203,N,N,N,N
2018,298204,N,N,N,N
2018,300306,Y,N,N,N
2018,300308,N,N,Y,Y
2018,300310,N,N,Y,Y
2018,300312,N,N,Y,Y
2018,300314,N,N,N,N
2018,300320,N,N,N,N
2018,300325,N,N,Y,Y
2018,300326,N,N,Y,Y
2018,300328,N,N,N,N
2018,300330,N,N,Y,Y
2018,300336,N,N,N,N
2018,300337,N,N,Y,Y
2018,310304,N,N,Y,Y
2018,310308,N,N,Y,Y
2018,310330,N,N,Y,Y
2018,310336,N,N,Y,Y
2018,310338,N,N,N,N
2018,310344,N,N,Y,Y
2018,310352,N,N,Y,Y
2018,310356,N,N,Y,Y
2018,310360,N,N,Y,Y
2018,310364,N,N,N,N
2018,310384,N,N,Y,Y
2018,310388,N,N,Y,Y
2018,310392,N,N,Y,Y
2018,320304,N,N,Y,Y
2018,320306,Y,N,N,N
2018,320308,N,N,Y,N
2018,320309,N,N,N,N
2018,320310,N,N,Y,Y
2018,320312,N,N,N,N
2018,320313,N,N,Y,Y
2018,320314,N,N,Y,Y
2018,320315,N,N,Y,Y
2018,320316,N,N,Y,Y
2018,320317,N,N,N,N
2018,320318,N,N,Y,Y
2018,320319,N,N,N,N
2018,320320,N,N,Y,Y
2018,320322,N,Y,Y,Y
2018,320323,N,N,N,N
2018,320324,N,N,N,N
2018,320325,N,N,Y,Y
2018,320327,N,N,Y,Y
2018,320328,N,N,Y,Y
2018,320329,N,N,N,N
2018,320332,N,N,N,N
2018,320336,N,N,N,N
2018,320338,Y,N,N,N
2018,320339,Y,N,N,N
2018,320340,N,N,Y,N
2018,320341,N,Y,Y,Y
2018,320342,N,N,Y,Y
2018,320343,N,N,Y,Y
2018,320344,N,N,Y,N
2018,320346,N,N,Y,Y
2018,320347,N,N,Y,N
2018,320348,N,N,N,N
2018,320352,N,N,Y,Y
2018,320353,N,N,N,N
2018,320354,N,N,N,N
2018,320355,N,N,Y,Y
2018,320356,N,N,Y,Y
2018,320360,N,N,Y,Y
2018,320362,N,N,Y,Y
2018,320363,N,N,Y,Y
2018,320364,N,N,N,N
2018,320365,N,N,N,N
2018,320366,N,N,Y,Y
2018,320367,N,N,Y,Y
2018,320368,N,N,N,N
2018,320369,N,N,Y,Y
2018,320370,N,N,Y,Y
2018,320372,N,N,Y,N
2018,320374,N,N,Y,Y
2018,320376,N,N,Y,Y
2018,320388,N,N,Y,Y
2018,320400,Y,N,N,N
2018,320701,N,N,N,N
2018,32A000,N,N,Y,Y
2018,32B000,N,N,Y,Y
2018,32C000,N,N,Y,Y
2018,32D000,N,N,Y,Y
2018,32H000,N,N,Y,Y
2018,32K000,N,N,Y,Y
2018,32L000,N,N,N,N
2018,32M000,N,N,Y,Y
2018,32N000,N,N,N,N
2018,32P000,N,N,Y,Y
2018,32Q000,N,N,Y,Y
2018,32R000,N,N,Y,Y
2018,32S000,N,N,Y,Y
2018,330304,N,N,Y,Y
2018,330308,N,N,Y,Y
2018,330312,Y,N,N,N
2018,330326,N,N,N,N
2018,330328,N,N,N,N
2018,330332,Y,N,N,N
2018,330334,N,N,Y,Y
2018,330340,N,N,Y,Y
2018,330344,N,N,Y,Y
2018,330348,N,N,Y,Y
2018,330350,N,N,Y,Y
2018,330354,Y,N,N,N
2018,330358,N,N,Y,Y
2018,330360,N,N,Y,Y
2018,33A000,N,N,Y,Y
2018,340308,Y,N,N,N
2018,340311,N,N,Y,Y
2018,340314,N,N,Y,Y
2018,340320,N,N,Y,Y
2018,340326,N,N,Y,Y
2018,340330,N,Y,Y,Y
2018,340332,N,N,N,N
2018,340334,N,N,Y,Y
2018,340336,N,Y,Y,Y
2018,340344,N,N,Y,Y
2018,340348,N,N,N,N
2018,340350,N,N,Y,Y
2018,340351,Y,N,N,N
2018,340354,N,N,N,N
2018,340362,N,N,N,N
2018,340364,N,N,Y,N
2018,340366,N,N,Y,Y
2018,340368,N,N,Y,Y
2018,340372,N,N,Y,Y
2018,340376,Y,N,N,N
2018,340380,N,N,Y,Y
2018,340382,N,N,Y,Y
2018,340384,N,N,Y,Y
2018,340385,Y,Y,N,N
2018,340390,N,N,Y,Y
2018,340392,N,N,Y,Y
2018,340398,N,N,N,N
2018,340400,N,N,Y,Y
2018,340403,N,N,N,N
2018,340406,N,N,Y,Y
2018,340416,N,N,Y,Y
2018,340420,N,N,Y,Y
2018,340424,Y,N,N,N
2018,340426,N,N,Y,Y
2018,340427,Y,N,N,N
2018,340428,N,N,N,N
2018,340430,N,N,Y,Y
2018,340432,N,N,N,N
2018,340436,N,N,Y,Y
2018,340440,N,N,N,N
2018,340442,N,N,N,N
2018,340446,N,N,N,N
2018,340447,Y,N,N,N
2018,340448,N,N,Y,Y
2018,340452,Y,N,N,N
2018,340453,N,N,Y,Y
2018,340454,N,N,Y,Y
2018,340457,N,N,N,N
2018,340460,N,N,N,N
2018,340462,N,N,Y,Y
2018,340464,N,N,Y,Y
2018,340472,N,N,Y,Y
2018,340476,N,N,Y,Y
2018,340480,N,N,Y,Y
2018,340486,N,N,Y,Y
2018,340488,N,N,Y,Y
2018,340490,Y,N,N,N
2018,340492,Y,N,N,N
2018,340494,N,N,N,N
2018,340495,N,N,Y,Y
2018,340496,N,N,Y,Y
2018,340504,N,N,Y,Y
2018,340508,N,N,Y,Y
2018,340512,N,N,N,N
2018,340514,N,N,Y,Y
2018,340516,N,N,Y,Y
2018,340520,N,N,Y,Y
2018,340528,N,N,N,N
2018,340530,N,N,Y,Y
2018,340531,N,N,Y,Y
2018,340532,N,N,Y,Y
2018,340536,N,N,N,N
2018,340540,N,N,Y,Y
2018,340542,N,N,Y,Y
2018,340544,N,N,Y,Y
2018,340548,N,N,Y,Y
2018,340556,N,N,N,N
2018,340560,N,N,N,N
2018,340564,N,N,Y,Y
2018,340568,N,N,Y,Y
2018,34B000,N,N,Y,Y
2018,34D000,N,N,N,N
2018,34F000,N,N,Y,Y
2018,34G000,N,N,Y,Y
2018,34H000,N,N,N,N
2018,350304,N,N,Y,Y
2018,350308,N,N,Y,Y
2018,350310,N,N,Y,Y
2018,350312,N,N,Y,Y
2018,350316,N,N,N,N
2018,350317,N,N,N,N
2018,350318,N,N,Y,Y
2018,350321,N,N,Y,Y
2018,350324,N,N,Y,Y
2018,350330,N,N,N,N
2018,350331,N,N,Y,Y
2018,350332,N,N,Y,Y
2018,350336,N,N,N,N
2018,350338,N,N,Y,Y
2018,350339,N,N,Y,Y
2018,350340,N,N,Y,Y
2018,35A000,N,N,Y,Y
2018,35B000,N,N,N,N
2018,360310,N,N,N,N
2018,360320,N,N,N,N
2018,360324,N,N,Y,Y
2018,360332,N,N,Y,Y
2018,360336,N,N,Y,Y
2018,360337,N,N,N,N
2018,360338,N,N,Y,Y
2018,360339,N,N,Y,Y
2018,360340,N,N,Y,Y
2018,360344,N,N,Y,Y
2018,360348,N,N,Y,Y
2018,360352,N,N,Y,Y
2018,360360,N,N,Y,Y
2018,360364,N,N,N,N
2018,360372,Y,Y,N,N
2018,360376,N,N,Y,Y
2018,360378,N,N,N,N
2018,360380,N,N,N,N
2018,360390,N,N,Y,N
2018,360392,N,N,Y,Y
2018,360394,N,N,Y,Y
2018,360396,N,N,N,N
2018,360400,N,N,Y,Y
2018,360408,N,N,Y,Y
2018,360418,N,N,N,N
2018,360420,N,N,N,N
2018,360426,N,N,Y,Y
2018,360428,N,N,N,N
2018,360430,N,N,N,N
2018,360431,N,N,Y,Y
2018,360432,N,N,Y,Y
2018,360436,N,N,Y,Y
2018,360438,N,N,Y,Y
2018,360440,N,N,Y,Y
2018,360448,N,N,N,N
2018,360456,N,N,Y,Y
2018,360464,N,N,N,N
2018,360468,N,N,Y,Y
2018,360470,N,N,Y,Y
2018,360478,N,N,Y,Y
2018,360480,N,N,Y,Y
2018,360482,N,N,Y,Y
2018,360488,N,N,Y,Y
2018,360490,N,N,Y,Y
2018,360492,N,N,Y,Y
2018,360494,N,N,Y,Y
2018,360498,N,N,Y,Y
2018,360499,N,N,Y,Y
2018,360500,N,N,Y,Y
2018,360504,N,N,Y,Y
2018,360510,N,N,Y,Y
2018,360514,N,N,Y,Y
2018,360520,N,N,Y,Y
2018,360526,N,N,Y,Y
2018,360550,N,N,N,N
2018,36B000,N,N,Y,N
2018,36C000,N,N,Y,Y
2018,370304,N,N,Y,Y
2018,370308,N,N,Y,Y
2018,370312,N,N,Y,Y
2018,370316,N,N,N,N
2018,370324,N,N,Y,Y
2018,380306,N,N,Y,Y
2018,380308,N,N,N,N
2018,380310,N,N,Y,Y
2018,390309,N,N,Y,Y
2018,390311,N,N,Y,Y
2018,390312,N,N,N,N
2018,390314,N,N,N,N
2018,390316,N,N,Y,Y
2018,390320,N,N,Y,Y
2018,390322,N,N,N,N
2018,390323,N,N,N,N
2018,390324,N,N,Y,Y
2018,390331,N,N,Y,Y
2018,390333,N,N,N,N
2018,390334,N,N,Y,Y
2018,390336,N,N,Y,Y
2018,390352,N,N,Y,Y
2018,390360,N,N,Y,Y
2018,390362,N,N,Y,Y
2018,390364,N,N,Y,Y
2018,390368,N,N,N,N
2018,390700,N,N,N,N
2018,39A000,N,N,Y,Y
2018,39B000,N,N,N,N
2018,400308,N,N,Y,Y
2018,400312,N,N,Y,Y
2018,400315,N,N,N,N
2018,400318,N,N,Y,Y
2018,400321,N,N,Y,Y
2018,400332,N,N,Y,Y
2018,410304,N,N,N,N
2018,410307,N,N,Y,Y
2018,410310,N,N,Y,Y
2018,410311,N,N,Y,Y
2018,410313,N,N,Y,Y
2018,410316,N,N,Y,Y
2018,410319,N,N,N,N
2018,410322,N,N,Y,Y
2018,410325,N,N,Y,Y
2018,410326,N,N,N,N
2018,410328,Y,N,N,N
2018,410331,N,N,Y,Y
2018,410334,N,N,Y,Y
2018,410337,N,N,Y,N
2018,410340,N,N,Y,Y
2018,410341,N,N,N,N
2018,410343,N,N,N,N
2018,410346,N,N,N,N
2018,410349,N,N,Y,Y
2018,410355,N,N,Y,Y
2018,410358,N,N,Y,Y
2018,410361,N,N,N,N
2018,410364,Y,N,N,N
2018,410366,Y,N,N,N
2018,410367,N,N,Y,Y
2018,410370,N,N,Y,Y
2018,410373,N,N,Y,Y
2018,410376,N,N,Y,Y
2018,410379,N,N,Y,Y
2018,410382,N,N,Y,Y
2018,410385,N,N,Y,Y
2018,410388,N,N,Y,Y
2018,410390,N,N,N,N
2018,410391,N,N,Y,Y
2018,410394,N,N,Y,Y
2018,410395,N,N,N,N
2018,410397,N,N,Y,Y
2018,410398,Y,N,N,N
2018,410399,N,N,N,N
2018,410400,N,N,Y,N
2018,410401,N,N,N,N
2018,410402,Y,N,N,N
2018,410403,Y,N,N,N
2018,410406,N,N,N,N
2018,410407,N,N,N,N
2018,410408,N,N,N,N
2018,410409,N,N,Y,Y
2018,410412,N,N,Y,Y
2018,410415,Y,N,N,N
2018,410418,N,N,Y,Y
2018,410421,N,N,Y,Y
2018,410423,N,N,N,N
2018,410424,N,N,Y,N
2018,410427,N,N,Y,Y
2018,410430,N,N,Y,Y
2018,410436,N,N,Y,Y
2018,410437,N,N,Y,Y
2018,410439,N,N,Y,Y
2018,410442,N,N,Y,Y
2018,410448,N,N,Y,Y
2018,410451,N,N,Y,N
2018,410454,N,N,Y,Y
2018,410457,N,N,Y,Y
2018,410458,N,N,Y,Y
2018,410460,N,N,Y,Y
2018,410461,N,N,Y,Y
2018,410462,N,N,Y,Y
2018,410463,N,N,Y,Y
2018,410464,N,N,Y,Y
2018,410466,N,N,N,N
2018,410469,N,N,Y,Y
2018,410472,N,N,N,N
2018,410478,N,N,N,N
2018,410481,N,N,Y,Y
2018,410483,N,N,N,N
2018,410484,N,N,Y,Y
2018,410486,N,N,N,N
2018,410487,N,N,Y,Y
2018,410488,N,N,Y,Y
2018,410489,N,N,N,N
2018,410490,N,N,N,N
2018,410491,N,N,N,N
2018,410493,N,N,N,N
2018,410496,N,N,Y,Y
2018,410499,N,N,Y,Y
2018,410502,N,N,N,N
2018,410505,N,N,Y,Y
2018,410508,N,N,N,N
2018,410511,N,N,N,N
2018,410514,N,N,Y,Y
2018,410517,N,N,Y,Y
2018,410522,N,N,Y,Y
2018,410523,N,N,Y,Y
2018,410529,N,N,Y,Y
2018,410530,N,N,Y,Y
2018,410532,N,N,Y,Y
2018,410533,N,N,Y,Y
2018,410534,N,N,N,N
2018,410535,N,N,Y,Y
2018,410538,N,N,Y,Y
2018,410541,N,N,Y,Y
2018,410542,N,N,Y,Y
2018,410544,N,N,Y,N
2018,410545,N,N,N,N
2018,410547,N,N,N,N
2018,410550,N,N,Y,Y
2018,410553,N,N,N,N
2018,410556,N,N,Y,Y
2018,410559,N,N,N,N
2018,410562,N,N,N,N
2018,410565,N,N,Y,Y
2018,410568,N,N,N,N
2018,410569,N,N,N,N
2018,410571,N,N,N,N
2018,410574,N,N,N,N
2018,410577,N,N,Y,Y
2018,410578,N,N,Y,Y
2018,410579,N,N,N,N
2018,410580,N,N,Y,Y
2018,410583,Y,N,N,N
2018,410586,N,N,Y,Y
2018,410589,N,N,N,N
2018,410592,Y,N,N,N
2018,410595,N,N,Y,Y
2018,410598,N,N,Y,Y
2018,41B000,N,N,Y,N
2018,41C000,N,N,Y,Y
2018,41D000,N,N,N,N
2018,41F000,N,N,Y,Y
2018,41G000,N,N,N,N
2018,41H000,N,N,Y,Y
2018,41J000,N,N,N,N
2018,41K000,N,N,Y,Y
2018,41L000,N,N,Y,Y
2018,420304,N,N,Y,Y
2018,420316,N,N,Y,N
2018,420324,Y,N,N,N
2018,420328,N,N,Y,Y
2018,420336,N,N,N,N
2018,420340,N,N,Y,Y
2018,420346,N,N,Y,Y
2018,420348,N,N,N,N
2018,420358,N,N,N,N
2018,420376,N,N,Y,Y
2018,421304,N,N,Y,Y
2018,421306,N,N,Y,Y
2018,421316,N,N,Y,N
2018,421328,N,N,Y,Y
2018,422310,N,N,N,N
2018,422314,N,N,Y,Y
2018,422315,Y,Y,N,N
2018,422318,N,N,Y,Y
2018,42A000,N,N,Y,Y
2018,430304,N,N,Y,Y
2018,430308,N,N,Y,Y
2018,430312,N,N,Y,Y
2018,430316,N,N,Y,Y
2018,430320,N,N,Y,Y
2018,430328,N,N,Y,Y
2018,430330,N,N,Y,Y
2018,430332,N,N,Y,Y
2018,430336,N,N,Y,Y
2018,430340,N,N,Y,Y
2018,430341,N,N,N,N
2018,430344,N,N,Y,Y
2018,430345,N,N,Y,Y
2018,430346,N,N,Y,Y
2018,430347,N,N,Y,Y
2018,430348,N,N,Y,Y
2018,430349,N,N,Y,N
2018,430351,N,N,Y,Y
2018,430352,N,N,Y,Y
2018,430358,N,N,Y,Y
2018,430368,N,N,Y,Y
2018,430369,N,N,Y,N
2018,430370,N,N,Y,Y
2018,430371,N,N,N,N
2018,430376,N,N,Y,Y
2018,430378,N,N,Y,Y
2018,430380,N,N,Y,Y
2018,430384,N,N,Y,Y
2018,430386,N,N,Y,Y
2018,43C000,N,N,N,N
2018,440314,N,N,N,N
2018,440318,N,N,Y,Y
2018,440320,N,N,Y,Y
2018,440326,N,Y,N,N
2018,440328,N,N,Y,Y
2018,440332,N,N,N,N
2018,440346,N,N,N,N
2018,440348,N,N,Y,Y
2018,440349,N,N,Y,Y
2018,440350,N,N,N,N
2018,440364,N,N,Y,N
2018,440368,N,N,N,N
2018,440378,N,N,N,N
2018,440390,N,N,Y,Y
2018,440396,N,N,Y,Y
2018,44A000,N,N,Y,Y
2018,450301,N,N,Y,Y
2018,450302,N,N,Y,Y
2018,450306,N,N,Y,Y
2018,450307,N,N,Y,Y
2018,450308,N,N,Y,Y
2018,450316,N,N,Y,Y
2018,450322,N,N,Y,Y
2018,450324,N,N,N,N
2018,450328,N,N,Y,Y
2018,450332,N,N,N,N
2018,450333,N,N,N,N
2018,450334,N,N,N,N
2018,450335,N,N,Y,Y
2018,450336,N,N,Y,Y
2018,450339,N,N,N,N
2018,450340,N,N,Y,Y
2018,450341,N,N,N,N
2018,450342,N,N,Y,N
2018,450343,N,Y,N,N
2018,450344,N,N,N,N
2018,450346,N,N,Y,Y
2018,450352,N,N,N,N
2018,450354,N,N,N,N
2018,45A000,N,N,Y,Y
2018,45B000,N,N,N,N
2018,460308,N,N,Y,Y
2018,460312,N,N,Y,Y
2018,460318,N,N,Y,Y
2018,460320,N,N,Y,Y
2018,460322,N,N,N,N
2018,460332,N,N,Y,N
2018,460340,N,N,N,N
2018,470310,N,N,N,N
2018,470312,N,N,Y,Y
2018,470316,N,N,Y,N
2018,470320,N,N,Y,Y
2018,470328,N,N,Y,Y
2018,470330,N,N,Y,Y
2018,470332,N,N,Y,Y
2018,470336,N,N,N,N
2018,470340,N,N,N,N
2018,470342,N,N,Y,Y
2018,470346,N,N,Y,Y
2018,470441,N,N,Y,Y
2018,470442,N,N,Y,Y
2018,470443,N,N,N,N
2018,480306,N,N,Y,Y
2018,480316,N,N,N,N
2018,480318,N,N,Y,Y
2018,490307,N,N,N,N
2018,490308,N,N,Y,Y
2018,490310,N,N,N,N
2018,490312,N,N,Y,Y
2018,490316,N,N,N,N
2018,490318,N,N,Y,Y
2018,490319,N,N,Y,Y
2018,490320,N,N,N,N
2018,490324,N,N,N,N
2018,490326,N,N,Y,Y
2018,490327,N,N,Y,Y
2018,490332,N,N,Y,Y
2018,490335,N,N,N,N
2018,490336,N,N,N,N
2018,490337,N,N,Y,Y
2018,490338,N,N,Y,Y
2018,490344,N,N,N,N
2018,490345,N,N,Y,Y
2018,490346,N,N,N,N
2018,490347,N,N,N,N
2018,490348,N,N,Y,Y
2018,490349,N,N,Y,Y
2018,490350,N,Y,Y,Y
2018,490352,N,N,Y,Y
2018,490354,N,N,Y,Y
2018,490355,N,N,N,N
2018,490356,N,N,N,N
2018,490360,N,N,Y,Y
2018,490362,N,N,N,N
2018,490363,N,N,Y,Y
2018,490364,N,N,Y,Y
2018,490366,N,N,Y,Y
2018,490368,N,N,Y,Y
2018,490380,N,N,Y,Y
2018,490384,N,N,Y,Y
2018,490390,N,N,N,N
2018,491303,N,N,N,N
2018,491305,N,N,N,N
2018,491306,N,N,Y,N
2018,491308,N,N,Y,Y
2018,491312,N,N,Y,Y
2018,491316,N,N,Y,N
2018,491318,N,N,N,N
2018,491320,N,N,N,N
2018,49B000,N,N,N,N
2018,49D000,N,N,Y,Y
2018,49E000,N,N,N,N
2018,49F000,N,N,N,N
2018,49G000,N,N,Y,Y
2018,500302,N,N,Y,Y
2018,500304,N,N,Y,Y
2018,500314,N,N,Y,Y
2018,500316,N,N,N,N
2018,500323,N,N,N,N
2018,500324,N,Y,Y,Y
2018,500332,N,N,Y,Y
2018,500337,N,N,Y,Y
2018,500340,N,N,N,N
2018,50A000,N,N,Y,Y
2018,50Z000,N,N,N,N
2018,510308,N,N,Y,Y
2018,510310,N,N,Y,Y
2018,510324,N,N,Y,Y
2018,510325,N,N,N,N
2018,510326,N,N,Y,Y
2018,510327,N,N,N,N
2018,510328,N,N,Y,N
2018,510329,N,N,Y,N
2018,510330,N,N,Y,Y
2018,510332,N,N,Y,Y
2018,510333,N,N,Y,Y
2018,510334,N,N,Y,Y
2018,510336,N,N,Y,Y
2018,510340,N,N,Y,Y
2018,510342,N,N,Y,Y
2018,510343,N,N,Y,Y
2018,510344,N,N,Y,Y
2018,510356,N,N,N,N
2018,510357,N,N,N,N
2018,510358,N,N,Y,Y
2018,510359,N,N,Y,Y
2018,510360,N,N,Y,Y
2018,510364,N,N,Y,Y
2018,510367,N,N,N,N
2018,510368,N,N,Y,Y
2018,510372,N,N,Y,Y
2018,510373,N,N,N,N
2018,510374,N,N,Y,Y
2018,510376,N,N,Y,N
2018,510377,N,N,Y,Y
2018,510378,N,N,Y,Y
2018,510379,N,N,Y,Y
2018,510382,N,N,N,N
2018,510388,N,N,Y,Y
2018,510390,Y,N,N,N
2018,510396,N,N,Y,Y
2018,510397,N,N,Y,Y
2018,510399,N,N,Y,N
2018,510402,N,N,Y,N
2018,510404,N,N,Y,Y
2018,510406,N,N,Y,Y
2018,510408,N,N,Y,Y
2018,510410,N,N,Y,Y
2018,510411,N,N,Y,Y
2018,510412,N,N,Y,Y
2018,510414,N,N,Y,Y
2018,51A000,N,N,N,N
2018,520304,N,N,N,N
2018,520308,N,N,Y,Y
2018,520320,N,N,N,N
2018,520324,N,N,Y,Y
2018,520328,N,N,N,N
2018,520336,N,N,Y,Y
2018,530302,N,N,Y,Y
2018,530306,N,Y,Y,Y
2018,530308,N,N,Y,Y
2018,530312,N,N,Y,N
2018,530314,N,N,Y,Y
2018,530316,N,N,Y,Y
2018,530320,N,N,Y,Y
2018,530335,N,N,N,N
2018,530336,N,N,Y,Y
2018,530340,N,N,Y,Y
2018,530341,N,N,Y,Y
2018,530343,N,N,Y,Y
2018,530346,N,N,N,N
2018,530354,N,N,Y,Y
2018,530356,N,N,Y,Y
2018,530358,N,N,N,N
2018,540304,N,N,Y,Y
2018,540308,N,N,Y,Y
2018,540312,N,N,Y,Y
2018,540315,N,N,Y,Y
2018,540316,N,N,N,N
2018,540317,N,N,N,N
2018,540318,Y,Y,N,N
2018,540320,N,N,N,N
2018,540324,N,N,Y,N
2018,540325,N,N,Y,Y
2018,540326,N,N,Y,Y
2018,540328,N,N,N,N
2018,540330,N,N,Y,Y
2018,540336,N,N,Y,Y
2018,540338,Y,N,N,N
2018,540340,N,N,Y,Y
2018,540344,N,N,Y,Y
2018,54A000,N,N,Y,Y
2018,550308,N,N,Y,Y
2018,550312,N,N,Y,Y
2018,550314,N,N,N,N
2018,550316,N,N,Y,Y
2018,550320,N,N,Y,Y
2018,550322,N,N,Y,Y
2018,550324,N,N,Y,Y
2018,550328,N,N,Y,N
2018,550330,N,N,N,N
2018,550332,N,N,N,N
2018,550334,N,N,Y,Y
2018,550336,N,N,N,N
2018,550340,N,N,Y,Y
2018,550342,N,N,Y,Y
2018,550344,N,N,Y,Y
2018,550348,N,N,Y,Y
2018,550349,N,N,Y,Y
2018,550350,N,N,Y,Y
2018,550356,N,N,N,N
2018,550360,N,N,Y,Y
2018,550362,N,N,N,N
2018,550364,N,N,N,N
2018,550368,N,N,N,N
2018,550372,N,N,Y,Y
2018,55A000,N,N,N,N
2018,560304,N,N,N,N
2018,560316,N,N,Y,Y
2018,560320,N,N,Y,Y
2018,560324,N,N,Y,Y
2018,560328,N,N,Y,N
2018,560329,N,N,N,N
2018,560330,N,N,Y,N
2018,560331,N,N,Y,Y
2018,560332,N,N,N,N
2018,560338,N,N,N,N
2018,560350,N,Y,Y,Y
2018,570306,N,N,N,N
2018,570312,N,N,N,N
2018,570317,N,N,N,N
2018,570318,N,N,Y,Y
2018,570319,N,N,Y,Y
2018,570320,N,N,N,N
2018,580308,N,N,Y,Y
2018,580312,N,N,Y,Y
2018,580316,N,N,Y,Y
2018,580320,Y,N,N,N
2018,580324,N,N,Y,Y
2018,580344,N,Y,Y,Y
2018,580350,N,N,Y,Y
2018,580356,N,N,Y,Y
2018,580368,N,N,Y,Y
2018,580372,N,N,Y,Y
2018,58B000,N,N,Y,Y
2018,590306,N,N,Y,Y
2018,590310,N,N,Y,Y
2018,590316,N,N,N,N
2018,590320,N,N,Y,Y
2018,590328,N,N,N,N
2018,590330,N,N,Y,Y
2018,590332,N,N,Y,Y
2018,590336,N,N,N,N
2018,590340,N,N,Y,Y
2018,590344,N,N,Y,Y
2018,590352,N,N,Y,Y
2018,590356,N,N,Y,Y
2018,590393,N,Y,Y,Y
2018,600300,N,N,Y,Y
2018,600301,N,N,Y,Y
2018,600302,N,N,N,N
2018,600305,N,N,Y,Y
2018,600308,Y,N,N,N
2018,600311,N,N,Y,Y
2018,600312,N,N,N,N
2018,600313,N,N,N,N
2018,600314,N,N,Y,Y
2018,600316,N,N,Y,Y
2018,600317,N,N,Y,Y
2018,600318,N,N,Y,Y
2018,600319,N,N,Y,Y
2018,600322,N,N,N,N
2018,600328,N,N,N,N
2018,600329,N,N,Y,Y
2018,600333,N,N,Y,N
2018,600334,N,N,N,N
2018,600335,N,N,Y,Y
2018,600336,N,N,N,N
2018,600338,N,N,N,N
2018,600341,N,N,Y,Y
2018,600344,N,N,N,N
2018,600345,N,N,N,N
2018,600346,N,N,Y,Y
2018,600349,N,N,Y,Y
2018,600351,N,N,Y,Y
2018,600352,N,N,Y,Y
2018,600353,N,N,Y,Y
2018,600357,N,N,Y,N
2018,600361,N,N,N,N
2018,600362,N,N,Y,Y
2018,600364,Y,N,N,N
2018,600365,N,N,Y,Y
2018,600366,N,N,Y,Y
2018,600367,N,N,Y,Y
2018,600368,N,N,Y,Y
2018,600369,N,N,Y,Y
2018,600374,N,N,Y,Y
2018,600377,N,N,N,N
2018,600379,N,N,Y,Y
2018,600381,N,N,Y,Y
2018,600382,N,N,N,N
2018,600383,N,N,N,N
2018,600384,N,N,Y,Y
2018,600385,N,N,Y,Y
2018,600386,N,N,N,N
2018,600392,N,N,N,N
2018,600394,N,N,Y,N
2018,600397,N,Y,Y,Y
2018,600398,N,N,N,N
2018,600399,N,N,Y,Y
2018,600404,N,N,N,N
2018,600405,N,Y,Y,N
2018,600406,N,N,N,N
2018,600408,N,N,Y,Y
2018,600409,N,N,Y,Y
2018,600410,N,N,Y,Y
2018,600411,N,N,Y,Y
2018,600412,N,N,Y,Y
2018,600413,N,N,N,N
2018,600414,N,N,Y,Y
2018,600415,N,N,N,N
2018,600416,N,N,Y,Y
2018,600418,N,N,Y,N
2018,600420,N,N,N,N
2018,600422,N,N,Y,Y
2018,600424,N,N,Y,Y
2018,600426,N,N,N,N
2018,600428,Y,N,N,N
2018,600429,N,N,Y,Y
2018,600431,N,N,N,N
2018,600432,N,N,N,N
2018,600433,N,N,N,N
2018,600434,N,N,Y,Y
2018,600435,N,N,N,N
2018,600436,N,N,Y,Y
2018,600437,N,N,N,N
2018,600438,N,N,Y,Y
2018,600439,Y,N,N,N
2018,600440,N,N,N,N
2018,600442,N,N,Y,Y
2018,600443,N,N,N,N
2018,600444,N,N,Y,Y
2018,600445,N,N,Y,N
2018,600446,N,N,Y,Y
2018,600447,N,N,Y,Y
2018,600448,N,N,Y,Y
2018,600449,N,N,Y,N
2018,600450,N,N,Y,Y
2018,600451,N,N,N,N
2018,600453,N,N,Y,Y
2018,600454,N,N,Y,Y
2018,600455,N,N,Y,Y
2018,600457,N,N,Y,Y
2018,600459,N,N,Y,Y
2018,600461,Y,N,N,N
2018,600462,N,N,Y,Y
2018,600463,N,N,Y,Y
2018,600464,N,N,N,N
2018,600466,N,N,N,N
2018,600468,N,N,Y,Y
2018,600471,N,N,Y,Y
2018,600474,N,N,Y,Y
2018,600475,N,N,N,N
2018,600478,N,N,Y,Y
2018,600479,N,N,Y,Y
2018,600480,N,N,Y,N
2018,600481,N,N,Y,Y
2018,600482,N,N,N,N
2018,600484,N,N,Y,Y
2018,600485,N,N,Y,Y
2018,600488,N,N,Y,Y
2018,600489,Y,N,N,N
2018,600491,N,N,N,N
2018,600492,N,N,N,N
2018,600493,N,N,N,N
2018,600494,N,N,N,N
2018,600496,N,N,Y,Y
2018,600497,N,N,N,N
2018,600498,N,N,Y,Y
2018,600499,N,N,N,N
2018,600500,N,N,Y,Y
2018,600501,N,N,Y,Y
2018,600503,N,N,Y,Y
2018,600507,N,N,N,N
2018,600508,N,N,N,N
2018,600509,N,N,Y,Y
2018,600512,N,N,Y,Y
2018,600513,N,N,N,N
2018,600514,N,N,Y,Y
2018,600515,Y,N,N,N
2018,600516,N,N,Y,Y
2018,600517,N,N,Y,Y
2018,600518,N,N,Y,Y
2018,600519,N,N,Y,Y
2018,600520,Y,N,N,N
2018,600521,N,N,Y,Y
2018,600522,N,N,N,N
2018,600527,N,N,Y,Y
2018,600530,N,N,Y,Y
2018,600532,N,N,N,N
2018,600534,N,N,Y,Y
2018,600535,N,N,N,N
2018,600537,N,N,N,N
2018,600538,N,N,Y,Y
2018,600545,N,N,Y,Y
2018,600546,N,N,Y,Y
2018,600549,N,N,Y,Y
2018,600550,N,N,Y,Y
2018,600553,N,N,Y,Y
2018,600557,N,N,N,N
2018,600558,N,N,Y,Y
2018,600562,N,N,Y,Y
2018,600565,N,N,Y,Y
2018,600566,N,N,Y,Y
2018,600567,N,N,N,N
2018,600569,N,N,N,N
2018,600571,N,N,N,N
2018,600574,N,N,Y,Y
2018,600576,N,N,Y,Y
2018,600577,N,N,Y,Y
2018,600579,N,N,N,N
2018,600582,N,N,N,N
2018,600586,N,N,Y,Y
2018,600587,N,N,Y,Y
2018,600588,N,N,Y,Y
2018,600589,N,N,Y,Y
2018,600590,N,N,Y,Y
2018,600592,N,N,N,N
2018,600594,N,N,N,N
2018,600693,N,N,Y,Y
2018,600694,N,N,N,N
2018,600695,N,N,N,N
2018,600696,N,N,N,N
2018,600697,N,N,N,N
2018,60B000,N,N,Y,Y
2018,60D000,N,N,N,N
2018,60F000,N,N,N,N
2018,60G000,N,N,Y,Y
2018,60I000,N,N,N,N
2018,60J000,N,N,Y,Y
2018,60K000,N,N,Y,Y
2018,60L000,N,N,Y,Y
2018,60M000,N,N,N,N
2018,60N000,N,N,N,N
2018,60P000,N,N,N,N
2018,60Q000,N,N,Y,Y
2018,60S000,N,N,Y,N
2018,60U000,N,Y,Y,Y
2018,60V000,Y,N,N,N
2018,60Y000,N,N,Y,Y
2018,610302,N,N,Y,Y
2018,610310,N,N,N,N
2018,610320,N,N,Y,N
2018,610322,N,N,N,N
2018,610326,N,N,Y,Y
2018,610332,N,N,N,N
2018,610334,N,N,N,N
2018,61J000,N,N,Y,Y
2018,61K000,N,N,Y,Y
2018,61L000,N,Y,Y,Y
2018,61M000,N,N,Y,Y
2018,61N000,N,N,N,N
2018,61P000,N,N,N,N
2018,61Q000,N,N,Y,Y
2018,61R000,N,N,N,N
2018,61S000,N,N,N,N
2018,61T000,N,N,N,N
2018,61U000,Y,N,N,N
2018,620310,N,Y,N,N
2018,620312,N,N,Y,Y
2018,620314,N,N,Y,Y
2018,620316,N,N,Y,Y
2018,620318,N,N,N,N
2018,620324,N,N,Y,Y
2018,620330,N,N,Y,Y
2018,620334,N,N,Y,Y
2018,620336,N,N,Y,Y
2018,620339,N,N,Y,Y
2018,620340,N,N,Y,Y
2018,620350,N,N,N,N
2018,630304,N,N,Y,Y
2018,630308,N,N,Y,Y
2018,630312,N,N,Y,Y
2018,630316,N,N,Y,Y
2018,630317,N,N,Y,Y
2018,630320,N,N,Y,Y
2018,630324,N,N,Y,Y
2018,630328,N,N,Y,Y
2018,630330,N,N,Y,Y
2018,630331,N,N,Y,Y
2018,630332,N,N,Y,Y
2018,630336,N,N,N,N
2018,630342,N,N,N,N
2018,630348,N,N,Y,Y
2018,630350,N,N,Y,Y
2018,630352,N,N,Y,Y
2018,630356,N,N,Y,Y
2018,630360,N,N,N,N
2018,630364,N,N,Y,Y
2018,630368,N,N,N,N
2018,630373,N,N,N,N
2018,630374,N,N,Y,Y
2018,630376,N,N,Y,Y
2018,63A000,N,N,N,N
2018,63B000,N,N,Y,Y
2018,640302,Y,N,N,N
2018,640304,N,N,Y,Y
2018,640306,N,N,Y,Y
2018,640308,N,N,Y,Y
2018,640316,N,N,N,N
2018,640320,N,N,Y,Y
2018,640324,N,N,Y,Y
2018,640326,Y,N,N,N
2018,640328,N,N,Y,Y
2018,640329,N,N,Y,Y
2018,640332,N,N,Y,Y
2018,640334,Y,N,N,N
2018,640335,Y,N,N,N
2018,640336,N,N,Y,Y
2018,640340,N,N,N,N
2018,640346,N,N,Y,Y
2018,640347,N,N,N,N
2018,640348,N,N,N,N
2018,640350,N,N,Y,Y
2018,640358,N,N,Y,Y
2018,640360,N,N,Y,Y
2018,640361,N,N,Y,Y
2018,640362,N,N,Y,Y
2018,640364,N,N,Y,Y
2018,640376,N,N,Y,Y
2018,640384,N,N,Y,Y
2018,640396,Y,N,N,N
2018,640400,N,N,Y,Y
2018,64A000,N,N,Y,Y
2018,650304,N,N,Y,Y
2018,650308,N,N,Y,Y
2018,650309,N,N,Y,Y
2018,650310,N,N,N,N
2018,650312,N,N,Y,Y
2018,650316,N,N,Y,N
2018,650323,N,N,Y,Y
2018,650324,N,N,Y,Y
2018,650325,N,N,Y,Y
2018,650326,N,N,Y,Y
2018,650327,N,N,N,N
2018,650328,N,N,Y,Y
2018,650332,N,N,Y,Y
2018,650338,N,N,N,N
2018,650339,N,N,N,N
2018,650340,N,N,N,N
2018,650341,N,N,Y,Y
2018,650342,N,N,Y,Y
2018,650343,N,N,Y,Y
2018,650345,N,N,Y,Y
2018,650346,N,N,Y,Y
2018,650348,N,N,Y,Y
2018,650350,N,N,Y,Y
2018,650351,N,N,Y,Y
2018,650352,N,N,Y,Y
2018,650353,N,N,Y,Y
2018,650354,N,N,Y,Y
2018,650355,N,Y,Y,Y
2018,650356,N,N,N,N
2018,650362,N,N,Y,Y
2018,650364,N,N,Y,Y
2018,650366,N,N,N,N
2018,650368,N,N,N,N
2018,650380,N,N,N,N
2018,650384,N,N,Y,Y
2018,650392,N,N,Y,Y
2018,650394,N,N,N,N
2018,650395,N,N,N,N
2018,650400,N,N,Y,Y
2018,650404,N,N,Y,Y
2018,650408,N,N,N,N
2018,650409,Y,N,N,N
2018,650420,N,N,N,N
2018,65A000,N,N,Y,Y
2018,65B000,N,N,N,N
2018,65C000,N,N,N,N
2018,65D000,N,N,Y,Y
2018,65F000,N,N,Y,Y
2018,65G000,N,N,Y,Y
2018,660306,N,N,N,N
2018,660308,N,N,Y,Y
2018,660320,N,N,Y,Y
2018,660325,N,N,Y,Y
2018,660336,N,Y,N,N
2018,660360,N,N,N,N
2018,660400,N,N,N,N
2018,66A000,N,N,N,N
2018,670300,N,N,N,N
2018,670304,N,N,Y,Y
2018,670308,N,N,Y,Y
2018,670310,N,N,Y,Y
2018,670312,N,N,Y,Y
2018,670314,N,N,N,N
2018,670318,N,N,Y,Y
2018,670320,N,N,Y,Y
2018,670321,N,N,Y,Y
2018,670322,N,N,Y,Y
2018,670323,N,N,Y,Y
2018,670324,N,N,N,N
2018,670325,N,N,Y,Y
2018,670329,N,N,Y,Y
2018,670330,N,N,Y,Y
2018,670331,N,N,Y,Y
2018,670332,N,N,Y,Y
2018,670333,N,N,N,N
2018,670335,N,N,N,N
2018,670336,N,N,Y,Y
2018,670337,N,N,Y,Y
2018,670338,N,N,N,N
2018,670339,N,N,Y,Y
2018,670340,N,N,N,N
2018,670341,N,N,Y,Y
2018,670342,N,N,Y,Y
2018,670343,N,N,Y,Y
2018,670344,N,N,Y,Y
2018,670345,N,N,Y,Y
2018,670346,N,N,Y,Y
2018,670347,N,N,Y,Y
2018,670350,N,N,N,N
2018,670351,N,N,Y,Y
2018,670352,N,N,N,N
2018,670356,N,N,Y,Y
2018,670364,N,N,Y,Y
2018,67B000,Y,N,N,N
2018,680304,N,N,Y,Y
2018,680308,N,N,Y,N
2018,680310,N,N,Y,Y
2018,680312,N,N,Y,Y
2018,680316,N,N,Y,Y
2018,680324,N,N,Y,Y
2018,680327,N,N,Y,Y
2018,680328,N,N,Y,Y
2018,680329,N,N,N,N
2018,680330,N,N,Y,Y
2018,680332,N,N,Y,Y
2018,680335,N,N,N,N
2018,680336,N,N,Y,Y
2018,681300,N,N,Y,Y
2018,681304,N,N,Y,Y
2018,681305,N,N,Y,Y
2018,681308,N,N,N,N
2018,681309,N,N,Y,Y
2018,681310,N,N,Y,Y
2018,681311,N,N,Y,Y
2018,681312,N,N,Y,Y
2018,681314,N,N,N,N
2018,681316,N,N,Y,Y
2018,681320,N,N,Y,Y
2018,681322,N,N,N,N
2018,681324,N,N,Y,N
2018,681326,N,N,N,N
2018,681328,N,N,N,N
2018,681330,N,N,N,N
2018,681332,N,N,N,N
2018,681334,N,N,Y,Y
2018,681336,N,N,Y,Y
2018,681338,N,N,N,N
2018,68A000,N,N,N,N
2018,68C000,N,N,N,N
2018,690312,N,N,Y,Y
2018,690316,N,N,Y,Y
2018,690320,N,N,Y,Y
2018,690324,N,N,Y,Y
2018,69A000,N,N,Y,Y
2018,700306,N,N,Y,Y
2018,700308,N,N,Y,Y
2018,700310,N,N,Y,Y
2018,700314,N,N,Y,N
2018,700316,N,N,Y,Y
2018,700317,N,N,Y,Y
2018,700318,N,N,Y,Y
2018,700319,N,N,Y,Y
2018,700320,N,N,Y,Y
2018,700322,N,N,Y,Y
2018,700324,N,N,Y,Y
2018,700325,N,N,N,N
2018,700328,N,N,N,N
2018,70A000,N,N,Y,Y
2018,710312,N,N,Y,Y
2018,710316,N,N,Y,Y
2018,710318,N,N,Y,Y
2018,710320,N,N,Y,Y
2018,710321,N,N,Y,Y
2018,710323,N,N,N,N
2018,710324,N,N,Y,Y
2018,710326,N,N,N,N
2018,710327,N,N,N,N
2018,710328,N,N,Y,Y
2018,710332,N,N,Y,Y
2018,710342,N,N,N,N
2018,710344,N,N,N,N
2018,710346,N,N,Y,Y
2018,710347,N,N,Y,Y
2018,710348,N,N,Y,Y
2018,720304,N,N,Y,Y
2018,720312,N,N,Y,Y
2018,720316,N,N,Y,Y
2018,720320,N,N,Y,Y
2018,730332,N,N,Y,N
2018,730334,N,N,Y,Y
2018,730340,N,N,Y,Y
2018,730344,N,N,Y,Y
2018,730348,N,N,N,N
2018,730350,N,N,N,N
2018,730352,N,N,N,N
2018,730354,N,N,N,N
2018,730356,N,N,Y,N
2018,730360,N,N,Y,Y
2018,730368,N,N,N,N
2018,73A000,N,N,N,N
2018,73B000,N,N,N,N
2018,740302,N,N,Y,Y
2018,740304,N,N,Y,Y
2018,740308,N,N,Y,Y
2018,740309,N,N,Y,Y
2018,740310,N,N,Y,Y
2018,740320,N,N,Y,Y
2018,740324,N,N,Y,Y
2018,740330,N,N,Y,Y
2018,740332,N,N,Y,N
2018,740333,N,N,N,N
2018,740334,N,N,Y,Y
2018,740336,N,N,Y,Y
2018,740337,N,N,Y,Y
2018,740338,N,N,Y,Y
2018,740340,N,N,Y,Y
2018,740344,N,N,Y,Y
2018,740352,N,N,Y,Y
2018,740358,N,N,Y,Y
2018,740360,N,N,Y,Y
2018,740362,N,N,Y,Y
2018,740366,N,N,Y,Y
2018,740368,N,N,Y,Y
2018,740374,N,N,Y,Y
2018,740375,N,N,Y,Y
2018,740376,N,N,Y,Y
2018,740378,N,N,Y,Y
2018,740379,N,N,N,N
2018,740380,N,N,Y,Y
2018,740386,N,N,Y,Y
2018,740388,N,N,Y,N
2018,740390,N,N,Y,Y
2018,740396,N,N,Y,Y
2018,740400,N,N,Y,N
2018,740402,N,N,Y,Y
2018,740404,N,N,N,N
2018,740406,N,N,N,N
2018,740500,N,N,N,N
2018,74B000,Y,N,N,N
2018,74C000,N,N,Y,Y
2018,74Z000,Y,N,N,N
2018,750304,N,N,N,N
2018,750314,N,N,N,N
2018,750317,N,N,N,N
2018,750318,N,N,Y,Y
2018,750319,N,N,N,N
2018,750320,N,N,N,N
2018,750328,N,N,N,N
2018,760304,N,N,Y,Y
2018,760308,N,N,Y,Y
2018,760316,N,N,Y,Y
2018,760318,N,N,Y,Y
2018,760320,N,N,Y,N
2018,760324,N,N,Y,Y
2018,760328,N,N,Y,Y
2018,760329,N,N,Y,Y
2018,760330,N,N,Y,Y
2018,760331,N,N,Y,N
2018,760332,N,N,Y,Y
2018,760336,N,N,Y,Y
2018,760338,N,N,Y,Y
2018,760339,N,N,N,N
2018,760340,N,N,Y,Y
2018,760344,N,N,Y,Y
2018,760348,N,N,Y,Y
2018,760352,N,N,Y,Y
2018,760354,N,N,N,N
2018,760356,N,N,Y,Y
2018,760357,N,N,Y,Y
2018,760358,N,N,Y,Y
2018,760359,N,N,Y,Y
2018,760360,N,N,Y,Y
2018,760364,N,N,Y,Y
2018,760368,N,N,Y,Y
2018,760376,N,N,N,N
2018,760378,N,N,Y,Y
2018,760380,N,N,Y,Y
2018,760382,N,N,Y,Y
2018,760388,N,N,Y,Y
2018,761304,N,N,N,N
2018,761308,N,N,Y,Y
2018,761312,N,N,Y,Y
2018,761320,N,N,Y,Y
2018,761321,N,N,Y,Y
2018,761328,N,N,Y,Y
2018,761332,N,N,Y,Y
2018,761336,N,N,Y,Y
2018,76A000,N,N,Y,Y
2018,770310,N,N,Y,Y
2018,770316,N,N,Y,Y
2018,770318,N,N,Y,Y
2018,770328,N,N,Y,Y
2018,770340,N,N,Y,Y
2018,770342,N,Y,Y,Y
2018,770344,N,N,N,N
2018,770346,N,N,Y,Y
2018,770348,N,N,Y,Y
2018,770349,N,N,N,N
2018,770351,N,N,N,N
2018,770360,N,N,Y,Y
2018,770364,N,N,Y,Y
2018,770368,N,N,N,N
2018,770370,N,N,N,N
2018,780320,N,N,Y,Y
2018,780322,N,N,N,N
2018,780324,N,N,Y,Y
2018,780325,N,N,N,N
2018,780326,N,N,Y,Y
2018,780328,N,N,N,N
2018,780329,N,N,Y,Y
2018,780330,N,N,Y,Y
2018,780331,N,N,N,N
2018,780336,N,N,Y,Y
2018,780340,N,N,Y,Y
2018,780341,Y,N,N,N
2018,780342,N,N,Y,Y
2018,780344,N,N,Y,Y
2018,780352,N,N,Y,Y
2018,780356,N,N,Y,Y
2018,780360,N,N,Y,Y
2018,780364,N,N,Y,Y
2018,780368,N,N,Y,Y
2018,780374,N,N,Y,Y
2018,780376,N,N,Y,Y
2018,780384,N,N,Y,Y
2018,780385,N,N,N,N
2018,780390,N,N,Y,Y
2018,780391,N,N,Y,Y
2018,780392,N,N,Y,Y
2018,780393,N,N,Y,N
2018,780394,N,N,Y,Y
2018,780396,N,N,Y,Y
2018,780398,N,N,Y,Y
2018,780400,N,N,Y,Y
2018,780401,N,N,Y,Y
2018,780402,N,N,Y,Y
2018,780403,N,N,Y,Y
2018,780407,N,N,N,N
2018,780408,Y,N,N,N
2018,780410,Y,N,N,N
2018,780412,N,N,Y,Y
2018,780416,N,N,Y,Y
2018,780417,N,N,N,N
2018,780418,N,N,N,N
2018,780420,N,N,N,N
2018,78A000,N,N,Y,Y
2018,78B000,N,N,N,N
2018,790302,N,N,N,N
2018,790310,N,N,Y,Y
2018,790314,N,N,N,N
2018,790318,N,N,N,N
2018,790322,N,N,Y,Y
2018,790327,N,N,Y,Y
2018,790330,N,N,Y,Y
2018,790334,N,N,Y,Y
2018,790344,N,N,N,N
2018,790347,N,N,Y,Y
2018,790350,N,N,Y,Y
2018,790354,N,N,Y,Y
2018,790358,N,N,Y,Y
2018,790362,N,N,N,N
2018,790366,N,N,N,N
2018,790374,N,N,Y,Y
2018,790378,N,N,Y,Y
2018,790379,N,N,N,N
2018,790380,N,N,Y,Y
2018,790386,N,N,Y,Y
2018,790390,N,N,Y,Y
2018,790392,N,N,Y,Y
2018,790394,N,N,Y,Y
2018,790398,N,N,Y,N
2018,790402,N,N,N,N
2018,79A000,N,N,Y,Y
2018,800308,Y,N,N,N
2018,800312,N,N,N,N
2018,800314,N,N,Y,Y
2018,800315,N,N,Y,Y
2018,800316,N,N,Y,Y
2018,800320,N,N,Y,Y
2018,800324,N,N,N,N
2018,800328,N,N,Y,Y
2018,800340,N,N,Y,Y
2018,800346,Y,N,N,N
2018,800347,N,N,Y,Y
2018,800348,N,N,Y,Y
2018,800352,N,N,Y,Y
2018,800356,N,N,Y,Y
2018,800358,N,N,Y,Y
2018,800359,N,N,Y,Y
2018,800360,N,N,Y,Y
2018,800361,N,N,Y,Y
2018,800362,N,N,Y,Y
2018,800363,Y,N,N,N
2018,800364,N,N,Y,Y
2018,800366,N,N,Y,Y
2018,800368,N,N,Y,Y
2018,800372,N,N,Y,Y
2018,800373,Y,N,N,N
2018,800376,N,N,N,N
2018,800377,Y,N,N,N
2018,800392,N,N,Y,Y
2018,800394,N,N,N,N
2018,800396,N,N,Y,Y
2018,800398,N,N,Y,Y
2018,800400,N,N,Y,Y
2018,800408,N,N,Y,Y
2018,800410,N,N,Y,Y
2018,800412,N,N,N,N
2018,810324,N,N,Y,Y
2018,810326,N,N,N,N
2018,810328,N,N,N,N
2018,810336,N,N,N,N
2018,810340,N,N,Y,Y
2018,810342,N,N,Y,Y
2018,810344,N,N,N,N
2018,810350,N,N,Y,Y
2018,810360,N,N,N,N
2018,810364,N,N,Y,Y
2018,810370,N,N,N,N
2018,810378,N,N,Y,Y
2018,810384,N,N,N,N
2018,810385,N,N,N,N
2018,810386,N,Y,Y,Y
2018,810388,N,N,Y,Y
2018,810396,N,N,Y,Y
2018,810400,N,N,Y,Y
2018,81A000,N,N,N,N
2018,81B000,N,N,Y,Y
2018,820312,N,N,Y,Y
2018,820320,N,N,N,N
2018,820324,N,N,N,N
2018,820340,N,N,N,N
2018,820346,N,N,N,N
2018,820347,N,N,Y,Y
2018,820348,N,N,Y,Y
2018,820349,N,N,N,N
2018,820350,N,N,Y,Y
2018,820352,N,N,Y,Y
2018,820354,N,N,Y,Y
2018,820364,N,N,N,N
2018,820370,N,N,Y,Y
2018,820372,N,N,Y,Y
2018,820376,N,N,Y,Y
2018,820384,N,N,N,N
2018,820385,N,N,Y,Y
2018,820388,N,N,N,N
2018,821304,N,N,Y,Y
2018,821308,N,N,Y,Y
2018,821316,N,N,Y,Y
2018,821320,N,N,Y,Y
2018,821330,N,N,Y,Y
2018,830304,N,N,Y,Y
2018,830312,N,N,Y,Y
2018,830316,N,Y,Y,Y
2018,830320,N,N,Y,Y
2018,830328,N,N,N,N
2018,830336,N,N,Y,Y
2018,830343,N,N,N,N
2018,830348,N,N,N,N
2018,830349,N,N,Y,Y
2018,830356,N,N,Y,Y
2018,830360,N,N,Y,Y
2018,830364,N,N,Y,Y
2018,840302,N,N,Y,Y
2018,840303,N,N,Y,Y
2018,840304,N,N,N,N
2018,840308,N,N,N,N
2018,840310,N,N,Y,Y
2018,840312,N,N,Y,Y
2018,840316,N,N,Y,Y
2018,840320,N,N,Y,Y
2018,840324,N,N,Y,Y
2018,840328,N,N,Y,Y
2018,840332,N,N,N,N
2018,840336,N,N,Y,Y
2018,840342,N,N,Y,Y
2018,840344,N,N,Y,Y
2018,840350,N,N,Y,Y
2018,840356,N,N,Y,Y
2018,840358,N,N,Y,Y
2018,840360,N,N,N,N
2018,840361,N,N,N,N
2018,840368,N,N,Y,Y
2018,840370,N,N,N,N
2018,84B000,N,N,N,N
2018,850304,N,N,Y,Y
2018,850312,N,N,Y,Y
2018,850314,N,N,Y,Y
2018,850316,N,N,N,N
2018,850320,N,N,Y,N
2018,850324,Y,Y,N,N
2018,850328,N,N,N,N
2018,850332,N,N,Y,Y
2018,850336,N,N,N,N
2018,850338,N,N,Y,Y
2018,850340,N,N,N,N
2018,850342,N,N,N,N
2018,850348,N,N,N,N
2018,850350,N,N,Y,Y
2018,850352,N,N,Y,Y
2018,850354,N,N,N,N
2018,850356,N,N,N,N
2018,850358,N,N,N,N
2018,850360,N,N,N,N
2018,860302,N,N,Y,Y
2018,860306,N,N,Y,Y
2018,860308,N,N,Y,Y
2018,860312,N,N,N,N
2018,860316,N,N,Y,Y
2018,860320,N,N,N,N
2018,860324,N,N,N,N
2018,860326,N,N,Y,N
2018,860330,N,N,Y,Y
2018,860332,N,N,N,N
2018,860336,N,N,N,N
2018,860339,N,N,Y,Y
2018,860340,N,N,Y,Y
2018,860344,N,N,Y,Y
2018,860348,N,N,N,N
2018,860352,N,N,Y,Y
2018,860354,N,N,N,N
2018,860356,N,N,Y,Y
2018,860360,N,N,N,N
2018,861304,N,N,N,N
2018,861308,N,N,N,N
2018,861312,N,N,N,N
2018,862308,N,N,Y,Y
2018,862310,N,N,Y,Y
2018,862312,N,N,N,N
2018,862316,N,N,Y,Y
2018,86T000,N,N,N,N
2018,870314,N,N,N,N
2018,870318,N,N,Y,Y
2018,870320,N,N,Y,Y
2018,870324,N,N,Y,Y
2018,87A000,N,N,N,N
2018,880304,N,N,N,N
2018,880308,N,N,N,N
2018,880312,N,N,Y,Y
2018,880318,N,N,Y,Y
2018,880320,N,Y,Y,Y
2018,880324,N,N,N,N
2018,880328,N,N,N,N
2018,880330,N,N,Y,Y
2018,880336,N,N,N,N
2018,88A000,N,N,Y,Y
2018,890304,N,N,N,N
2018,890306,N,N,Y,Y
2018,890308,N,N,Y,Y
2018,900302,N,N,N,N
2018,900303,N,N,N,N
2018,900304,N,N,Y,Y
2018,900305,N,N,N,N
2018,900306,N,N,Y,Y
2018,900307,N,N,N,N
2018,900308,N,N,Y,Y
2018,900310,N,N,N,N
2018,900311,N,N,N,N
2018,900312,N,N,Y,Y
2018,900314,N,N,Y,Y
2018,900316,N,N,Y,Y
2018,900318,N,N,Y,Y
2018,900320,N,N,N,N
2018,900328,N,N,N,N
2018,900332,N,N,Y,Y
2018,900334,N,N,Y,Y
2018,900336,N,N,Y,Y
2018,900340,N,N,Y,N
2018,900341,N,N,Y,Y
2018,900342,N,N,N,N
2018,900343,N,N,Y,Y
2018,900344,N,N,N,N
2018,900346,N,N,Y,Y
2018,900347,N,N,N,N
2018,900348,N,N,N,N
2018,900350,N,N,Y,Y
2018,900351,N,N,N,N
2018,900352,N,N,Y,Y
2018,900353,N,N,N,N
2018,900354,N,N,Y,Y
2018,900356,N,N,Y,Y
2018,900358,N,N,Y,Y
2018,900360,N,N,N,N
2018,900362,N,N,Y,Y
2018,900363,N,N,Y,Y
2018,900364,N,N,N,N
2018,900365,N,Y,N,N
2018,900366,N,N,N,N
2018,900367,N,N,N,N
2018,900368,N,N,N,N
2018,900370,N,N,Y,Y
2018,900372,N,N,N,N
2018,900376,N,N,N,N
2018,900377,N,N,N,N
2018,900378,N,N,N,N
2018,900380,N,N,N,N
2018,900384,N,N,Y,Y
2018,900388,N,N,Y,Y
2018,900391,N,N,N,N
2018,900392,N,N,Y,Y
2018,900393,N,N,N,N
2018,90A000,N,N,N,N
2018,90B000,N,N,Y,Y
2018,90C000,N,N,N,N
2018,910304,N,N,N,N
2018,910308,N,N,N,N
2018,910311,N,N,N,N
2018,910314,N,N,Y,Y
2018,910316,Y,N,N,N
2018,910320,N,N,Y,Y
2018,910340,N,N,N,N
2018,910346,N,N,Y,Y
2018,910356,N,N,N,N
2018,910360,N,N,Y,Y
2018,910364,N,N,Y,Y
2018,910368,N,N,N,N
2018,910370,N,N,Y,Y
2018,910376,N,N,N,N
2018,910380,N,N,Y,Y
2018,910382,N,N,N,N
2018,910384,N,N,N,N
2018,91A000,N,N,Y,Y
2018,91B000,N,N,N,N
2018,920302,N,N,Y,Y
2018,920303,N,N,N,N
2018,920304,N,N,Y,N
2018,920306,N,N,Y,N
2018,920307,N,N,N,N
2018,920308,N,N,Y,Y
2018,920312,N,N,N,N
2018,920316,N,N,N,N
2018,920317,N,N,N,N
2018,920318,N,N,N,N
2018,920320,N,N,Y,Y
2018,920324,N,Y,Y,Y
2018,920325,N,N,Y,Y
2018,920326,N,N,Y,Y
2018,920327,N,N,Y,Y
2018,920328,N,N,N,N
2018,920329,N,N,Y,Y
2018,920332,N,N,Y,Y
2018,920334,N,N,Y,Y
2018,920336,N,N,Y,Y
2018,920340,N,N,N,N
2018,920342,N,N,Y,N
2018,920344,N,N,N,N
2018,920348,N,N,N,N
2018,920352,N,N,Y,Y
2018,920356,N,N,Y,Y
2018,920358,N,N,N,N
2018,920360,N,N,Y,Y
2018,920362,N,N,N,N
2018,920364,N,N,N,N
2018,920368,N,N,N,N
2018,920369,N,N,Y,Y
2018,920370,N,N,Y,N
2018,920376,N,N,Y,N
2018,920380,N,N,Y,Y
2018,920381,N,N,Y,Y
2018,920384,N,N,Y,Y
2018,920386,N,N,N,N
2018,920388,N,N,Y,N
2018,920390,N,N,N,N
2018,920391,N,N,N,N
2018,920393,N,N,N,N
2018,920394,N,N,Y,Y
2018,920396,N,N,Y,Y
2018,920398,N,N,Y,Y
2018,920399,N,N,Y,Y
2018,920400,N,N,Y,Y
2018,920402,N,N,Y,Y
2018,920403,N,N,Y,Y
2018,920404,N,N,Y,Y
2018,920408,N,N,Y,Y
2018,920410,N,N,Y,Y
2018,920411,N,N,Y,Y
2018,920412,N,N,Y,Y
2018,920413,N,N,Y,Y
2018,920414,N,N,Y,Y
2018,920415,N,N,Y,Y
2018,920416,N,N,Y,Y
2018,920417,N,N,N,N
2018,920420,N,N,Y,Y
2018,920424,N,N,Y,Y
2018,920428,N,N,Y,Y
2018,920436,N,N,N,N
2018,920438,N,N,Y,Y
2018,920439,N,N,Y,N
2018,920440,N,N,Y,Y
2018,920441,N,N,N,N
2018,920442,N,N,Y,Y
2018,920443,N,N,N,N
2018,920444,N,N,N,N
2018,920445,N,N,N,N
2018,920446,N,N,Y,Y
2018,920447,N,N,N,N
2018,920448,N,N,Y,Y
2018,920449,N,N,N,N
2018,920450,N,N,Y,Y
2018,920451,N,N,Y,Y
2018,920452,N,N,Y,Y
2018,920453,N,N,N,N
2018,920454,N,N,N,N
2018,920455,N,N,N,N
2018,920456,N,N,Y,Y
2018,920457,N,N,N,N
2018,920458,N,N,N,N
2018,920459,N,N,Y,N
2018,920460,N,N,Y,Y
2018,920464,N,N,Y,Y
2018,920466,N,N,Y,Y
2018,920467,N,N,N,N
2018,920468,N,N,Y,Y
2018,920469,N,N,N,N
2018,920470,N,N,Y,Y
2018,920471,N,N,Y,N
2018,920472,N,N,Y,Y
2018,920473,N,N,Y,Y
2018,920474,N,N,N,N
2018,920476,N,N,Y,Y
2018,920480,N,N,Y,Y
2018,920484,N,N,N,N
2018,920488,N,N,Y,Y
2018,920492,N,N,Y,Y
2018,920494,N,N,Y,N
2018,920495,N,N,Y,Y
2018,920496,N,N,Y,Y
2018,920500,N,N,N,N
2018,920501,N,N,N,N
2018,920502,N,N,N,N
2018,920504,N,N,N,N
2018,920506,N,N,Y,Y
2018,920508,Y,N,N,N
2018,920512,N,N,Y,Y
2018,920514,N,N,Y,Y
2018,920516,N,N,Y,Y
2018,920518,N,N,N,N
2018,920520,N,N,N,N
2018,920521,N,N,N,N
2018,920522,N,N,N,N
2018,920523,N,N,N,N
2018,920524,N,N,Y,N
2018,920525,N,N,Y,Y
2018,920526,N,N,N,N
2018,920528,N,N,Y,Y
2018,920529,N,N,N,N
2018,920530,N,N,Y,N
2018,920531,N,N,N,N
2018,920532,N,N,Y,Y
2018,920533,N,N,N,N
2018,920536,N,N,Y,Y
2018,920540,N,N,N,N
2018,920542,N,N,Y,Y
2018,920543,N,N,N,N
2018,920544,N,N,Y,Y
2018,920545,N,N,Y,Y
2018,920546,N,N,N,N
2018,920547,N,N,Y,Y
2018,920548,N,N,Y,Y
2018,920549,N,N,Y,Y
2018,920550,N,N,Y,Y
2018,920551,N,N,N,N
2018,920552,N,N,Y,Y
2018,920554,N,N,Y,Y
2018,920556,N,Y,Y,Y
2018,920557,N,N,N,N
2018,920560,N,N,Y,Y
2018,920562,N,N,Y,Y
2018,920564,N,N,Y,Y
2018,920568,N,N,N,N
2018,920569,N,N,N,N
2018,920570,N,N,Y,Y
2018,920571,N,N,Y,Y
2018,920572,N,N,Y,Y
2018,920576,N,N,N,N
2018,920580,N,N,Y,Y
2018,920581,N,N,N,N
2018,920582,N,N,N,N
2018,920583,N,N,N,N
2018,920584,N,N,Y,Y
2018,920585,N,N,N,N
2018,920586,N,N,N,N
2018,920588,N,N,N,N
2018,920592,N,N,Y,Y
2018,920593,N,N,Y,Y
2018,920594,N,N,Y,N
2018,920595,N,N,N,N
2018,920596,N,N,Y,Y
2018,920597,N,N,Y,Y
2018,920598,N,N,N,N
2018,920599,N,N,Y,Y
2018,920600,N,N,Y,Y
2018,920601,N,N,Y,Y
2018,920604,N,N,Y,Y
2018,920606,N,N,N,N
2018,920607,N,N,N,N
2018,920608,N,N,Y,Y
2018,920614,N,N,Y,Y
2018,920616,N,N,Y,Y
2018,920618,N,N,Y,Y
2018,920620,N,N,Y,Y
2018,920624,N,N,N,N
2018,920626,N,N,Y,Y
2018,920628,N,N,Y,Y
2018,920632,N,N,Y,Y
2018,920636,N,N,Y,Y
2018,92B000,N,N,N,N
2018,92D000,N,N,N,N
2018,92E000,N,N,N,N
2018,92F000,N,N,N,N
2018,92G000,N,N,N,N
2018,92K000,N,N,N,N
2018,92L000,N,N,Y,Y
2018,92M000,N,N,Y,Y
2018,92N000,N,N,N,N
2018,92P000,N,N,Y,Y
2018,92Q000,Y,N,N,N
2018,92R000,N,N,Y,Y
2018,92S000,N,N,N,N
2018,92T000,N,N,N,N
2018,92U000,N,N,N,N
2018,92V000,N,N,Y,N
2018,92W000,N,N,N,N
2018,92Y000,N,N,N,N
2018,930330,N,N,Y,Y
2018,930340,N,N,Y,Y
2018,930344,N,N,N,N
2018,930348,N,N,Y,Y
2018,930352,N,N,Y,Y
2018,930354,N,N,Y,Y
2018,930360,N,N,N,N
2018,930700,N,N,N,N
2018,93A000,Y,N,N,N
2018,93J000,N,N,Y,Y
2018,93L000,N,Y,Y,Y
2018,93M000,N,N,Y,Y
2018,93N000,N,N,N,N
2018,940306,N,N,Y,Y
2018,940308,N,N,Y,Y
2018,940314,N,N,Y,Y
2018,940316,N,N,N,N
2018,940328,N,N,Y,Y
2018,940330,N,N,N,N
2018,94Z000,N,N,N,N
2018,950308,N,N,Y,Y
2018,950312,N,N,N,N
2018,950316,N,N,N,N
2018,950320,N,N,Y,Y
2018,950322,N,N,N,N
2018,950324,N,N,N,N
2018,950328,N,N,Y,Y
2018,950332,N,N,Y,Y
2018,950336,N,N,N,N
2018,950338,N,N,N,N
2018,95A000,N,N,N,N
2018,960312,N,N,Y,Y
2018,960314,N,N,Y,Y
2018,960316,N,N,Y,Y
2018,960318,Y,N,N,N
2018,960324,N,N,N,N
2018,960326,Y,N,N,N
2018,960329,N,N,Y,Y
2018,960330,N,N,N,N
2018,960331,N,N,Y,Y
2018,960332,N,N,N,N
2018,960334,N,N,Y,Y
2018,960335,N,N,N,N
2018,960336,N,N,Y,Y
2018,960338,N,N,Y,Y
2018,960340,N,N,Y,Y
2018,960344,N,N,Y,Y
2018,960348,N,N,Y,Y
2018,960360,N,N,Y,Y
2018,960370,N,N,Y,Y
2018,960372,N,N,Y,Y
2018,960374,N,N,Y,Y
2018,960380,N,N,Y,Y
2018,960382,N,N,Y,Y
2018,960386,N,N,Y,Y
2018,960387,N,N,Y,Y
2018,960388,N,N,Y,Y
2018,960390,Y,N,N,N
2018,960450,N,N,Y,Y
2018,960454,N,N,Y,Y
2018,960488,N,N,Y,Y
2018,960490,N,N,N,N
2018,960700,N,N,N,N
2018,96C000,N,N,Y,Y
2018,96F000,N,N,Y,Y
2018,970308,N,N,N,N
2018,970310,N,N,N,N
2018,970312,N,N,Y,Y
2018,970315,N,N,Y,Y
2018,970320,N,N,Y,Y
2018,970322,N,N,Y,Y
2018,970337,N,N,Y,Y
2018,970340,N,N,Y,Y
2018,970344,N,N,Y,Y
2018,970348,N,N,Y,Y
2018,970352,N,N,Y,Y
2018,970356,N,N,Y,Y
2018,970358,N,N,Y,Y
2018,970360,N,N,N,N
2018,970368,N,N,N,N
2018,970370,N,N,N,N
2018,970376,N,N,N,N
2018,970388,N,N,Y,Y
2018,970389,N,N,Y,Y
2018,970390,N,N,N,N
2018,970392,N,N,Y,Y
2018,970393,N,N,N,N
2018,97D000,N,N,N,N
2018,980306,N,N,Y,Y
2018,980308,N,N,Y,Y
2018,980317,N,N,Y,Y
2018,980318,N,N,N,N
2018,980320,N,N,Y,Y
2018,980324,N,N,Y,Y
2018,980336,N,N,Y,Y
2018,980338,N,N,N,N
2018,980340,N,N,N,N
2018,980342,N,N,Y,Y
2018,980344,N,N,Y,Y
2018,980348,N,N,N,N
2018,980352,N,N,N,N
2018,980356,N,N,N,N
2018,980357,N,N,N,N
2018,980360,N,N,Y,Y
2018,980364,N,N,Y,Y
2018,980380,N,N,Y,Y
2018,980384,N,N,Y,Y
2018,980388,N,N,N,N
2018,980390,N,N,Y,Y
2018,980392,N,N,N,N
2018,980396,N,N,N,N
2018,980397,N,N,N,N
2018,980398,N,N,N,N
2018,980400,N,N,N,N
2018,98A000,N,N,Y,Y
2018,98B000,N,N,Y,Y
2018,990304,N,N,N,N
2018,990308,N,N,N,N
2018,990312,N,N,Y,N
2018,990316,N,N,Y,Y
2018,990320,N,N,N,N
2018,990321,N,N,Y,Y
2018,990322,N,N,N,N
2018,990324,N,N,Y,Y
2018,990325,N,N,Y,Y
2018,990326,N,N,Y,Y
2018,990328,N,N,Y,Y
2018,990332,N,N,N,N
2018,990336,N,N,Y,Y
2018,990340,N,N,Y,Y
2018,995304,N,N,N,N
2018,995308,N,N,N,N
2018,995312,N,N,Y,Y
2018,995316,N,N,Y,Y
2018,995320,N,N,N,N
2018,995324,N,N,Y,Y
2018,995328,N,N,Y,Y
2018,995330,N,N,N,N
2018,995336,N,N,Y,Y
