agency_code,pct_met_4 Year Graduation Rate_LTG,pct_met_EL Progress_LTG,pct_met_Math Grade 11_LTG,pct_met_Math Grades 3-8_LTG,pct_met_Reading Grade 10_LTG,pct_met_Reading Grades 3-8_LTG,pct_met_Total Targets_LTG
00A000,,,66.7,0.0,0.0,14.3,14.3
00B000,50.0,,100.0,0.0,50.0,14.3,25.0
01B000,,,100.0,0.0,0.0,0.0,7.7
01C000,100.0,,100.0,0.0,100.0,25.0,46.2
01D000,100.0,,,0.0,100.0,0.0,50.0
06B000,,,,33.3,,0.0,16.7
07A000,,,,0.0,,100.0,50.0
08A000,,,,0.0,,0.0,0.0
09A000,,,,0.0,,0.0,0.0
09B000,,,,0.0,,33.3,16.7
100302,,100.0,,0.0,,12.5,11.8
100304,,,,0.0,,0.0,0.0
100307,100.0,,0.0,,0.0,,33.3
100308,100.0,,,,,,100.0
100309,,,,83.3,,16.7,50.0
100310,,0.0,,0.0,,85.7,40.0
100316,,,,0.0,,37.5,18.8
100320,,100.0,,0.0,,14.3,13.3
100326,83.3,,100.0,,83.3,,88.2
100332,,,,28.6,,0.0,14.3
100334,25.0,,100.0,,0.0,,40.0
100335,,,,0.0,,0.0,0.0
100336,,,,0.0,,75.0,37.5
100338,,100.0,,0.0,,16.7,15.4
100339,,,,60.0,,80.0,70.0
100340,,100.0,,14.3,,85.7,53.3
100342,,,,0.0,,60.0,30.0
100344,,100.0,,0.0,,14.3,13.3
100348,33.3,0.0,20.0,,0.0,,16.7
10303,,,100.0,,0.0,,50.0
10304,,100.0,,0.0,,0.0,9.1
10308,,,,0.0,,0.0,0.0
10310,,100.0,,14.3,,14.3,20.0
10312,,100.0,,0.0,,0.0,6.7
10320,,,,0.0,,33.3,16.7
10324,16.7,0.0,0.0,,33.3,,15.8
10326,,100.0,,0.0,,33.3,23.1
10328,,,,25.0,,0.0,12.5
10340,,100.0,,0.0,,0.0,7.7
10346,,100.0,,0.0,,0.0,9.1
10347,,100.0,,0.0,,14.3,13.3
10348,0.0,0.0,25.0,,20.0,,12.5
10350,,0.0,,12.5,,12.5,11.8
10351,,100.0,,14.3,,28.6,26.7
10353,,0.0,,100.0,,75.0,82.4
10354,,100.0,,0.0,,16.7,15.4
10357,,100.0,,0.0,,57.1,33.3
10358,,100.0,,0.0,,0.0,6.7
10360,50.0,0.0,100.0,,0.0,,50.0
10362,,,,0.0,,80.0,40.0
10364,,100.0,,0.0,,14.3,13.3
10372,,100.0,,0.0,,20.0,18.2
10374,,100.0,,0.0,,0.0,9.1
10378,,,,0.0,,0.0,0.0
10380,,100.0,,0.0,,16.7,15.4
10384,,,,16.7,,16.7,16.7
10388,66.7,100.0,0.0,,25.0,,37.5
10390,,,,16.7,,50.0,33.3
10392,,,,0.0,,0.0,0.0
10394,,0.0,,12.5,,25.0,17.6
10396,50.0,100.0,0.0,,66.7,,44.4
10400,50.0,0.0,100.0,,40.0,,60.0
10403,,,,12.5,,12.5,12.5
10406,,,,0.0,,25.0,12.5
10A000,,,,0.0,,28.6,14.3
10B000,,,,0.0,,0.0,0.0
110303,0.0,,0.0,,0.0,,0.0
110304,25.0,,0.0,,0.0,,8.3
110306,,,,12.5,,12.5,12.5
110308,,,,0.0,,0.0,0.0
110318,,,,0.0,,25.0,12.5
110320,,,,0.0,,0.0,0.0
110322,0.0,,100.0,,0.0,,33.3
110323,0.0,,,,,,0.0
110324,,100.0,,0.0,,0.0,11.1
110326,,,,0.0,,0.0,0.0
110332,,,,0.0,,0.0,0.0
110336,33.3,,100.0,,100.0,,77.8
110338,,,,0.0,,50.0,25.0
110340,33.3,100.0,80.0,,20.0,,47.1
110342,,100.0,,14.3,,14.3,20.0
110348,,0.0,,0.0,,0.0,0.0
110352,100.0,100.0,50.0,,80.0,,80.0
110356,,,,0.0,,0.0,0.0
110366,,,,66.7,,0.0,33.3
110368,,,,0.0,,0.0,0.0
110370,,,,0.0,,0.0,0.0
110372,,100.0,,0.0,,0.0,11.1
110376,,,,0.0,,66.7,33.3
110379,,0.0,,16.7,,33.3,23.1
110380,0.0,,100.0,,0.0,,25.0
110381,,,,0.0,,33.3,16.7
110382,,,,16.7,,33.3,25.0
110384,,0.0,,0.0,,0.0,0.0
110388,,,,0.0,,0.0,0.0
110401,,,,33.3,,33.3,33.3
110408,,100.0,,0.0,,66.7,38.5
110410,,100.0,,14.3,,14.3,20.0
110412,,0.0,,0.0,,0.0,0.0
110416,0.0,100.0,0.0,,16.7,,10.5
110420,,,,12.5,,12.5,12.5
110422,,100.0,,0.0,,0.0,6.7
110425,,,,0.0,,16.7,8.3
110428,,,,100.0,,33.3,66.7
110436,,100.0,,0.0,,0.0,11.1
110444,,,,0.0,,0.0,0.0
110450,,100.0,,0.0,,12.5,11.8
110451,,100.0,,14.3,,14.3,20.0
110500,100.0,,100.0,,100.0,,100.0
111302,40.0,,75.0,,25.0,,46.2
111304,,,,0.0,,50.0,25.0
111306,,,,0.0,,0.0,0.0
111312,,,,0.0,,0.0,0.0
111332,,,,0.0,,0.0,0.0
111356,,,,0.0,,0.0,0.0
111360,,,,0.0,,0.0,0.0
111369,,,,100.0,,0.0,50.0
111700,100.0,,50.0,,0.0,,50.0
11A000,,,,0.0,,25.0,12.5
11B000,,,,25.0,,0.0,12.5
11C000,,,,40.0,,20.0,30.0
11D000,0.0,,100.0,0.0,50.0,0.0,27.3
11K000,,,,0.0,,50.0,25.0
120308,0.0,,,,,,0.0
120310,100.0,,100.0,,,,100.0
120312,,100.0,,40.0,,80.0,63.6
120314,75.0,,100.0,,0.0,,60.0
120315,,,,12.5,,25.0,18.8
120316,,100.0,,0.0,,20.0,18.2
120318,60.0,0.0,40.0,,0.0,,31.3
120320,,,,0.0,,33.3,16.7
120324,,,,0.0,,100.0,50.0
120334,,,,28.6,,14.3,21.4
120338,,,,0.0,,100.0,50.0
120340,,100.0,,0.0,,50.0,33.3
120344,,,,0.0,,33.3,16.7
120346,0.0,,100.0,,33.3,,44.4
120350,,,,16.7,,16.7,16.7
120360,,,,0.0,,33.3,16.7
120364,,,,0.0,,0.0,0.0
120368,,0.0,,0.0,,0.0,0.0
120370,0.0,100.0,75.0,,25.0,,38.5
120374,,,,25.0,,100.0,62.5
120376,,,,62.5,,25.0,43.8
120380,,,,0.0,,50.0,25.0
120386,,,,0.0,,0.0,0.0
120390,,0.0,,16.7,,28.6,21.4
12A000,,,,0.0,,0.0,0.0
130304,,0.0,,14.3,,14.3,13.3
130307,20.0,,60.0,,83.3,,56.3
130308,,0.0,,0.0,,0.0,0.0
130309,,100.0,,20.0,,20.0,27.3
130310,33.3,0.0,16.7,,16.7,,21.1
130311,,100.0,,0.0,,28.6,20.0
130312,,0.0,,0.0,,0.0,0.0
130313,,0.0,,0.0,,37.5,17.6
130314,66.7,100.0,60.0,,0.0,,47.1
130315,,,,11.1,,0.0,5.6
130316,33.3,0.0,0.0,,0.0,,10.5
130317,,,,0.0,,100.0,50.0
130318,,100.0,,87.5,,62.5,76.5
130319,,,,0.0,,57.1,28.6
130320,,,,33.3,,55.6,44.4
130321,,100.0,,28.6,,57.1,46.7
130322,,,,0.0,,0.0,0.0
130323,,,,40.0,,80.0,60.0
130324,0.0,,0.0,,0.0,,0.0
130325,,,,0.0,,33.3,16.7
130326,0.0,0.0,0.0,,50.0,,16.7
130327,,,,25.0,,37.5,31.3
130328,,0.0,,0.0,,25.0,11.1
130329,,100.0,,0.0,,0.0,6.7
130330,,,,50.0,,75.0,62.5
130331,,,,0.0,,0.0,0.0
130332,80.0,,25.0,,16.7,,40.0
130333,0.0,,0.0,,,,0.0
130337,,,,0.0,,77.8,38.9
130338,,100.0,,14.3,,71.4,46.7
130340,,100.0,,0.0,,14.3,13.3
130342,,100.0,,0.0,,0.0,6.7
130344,,100.0,,0.0,,14.3,13.3
130345,,0.0,,0.0,,12.5,5.9
130346,,,,88.9,,88.9,88.9
130349,,,,,0.0,,0.0
130350,0.0,,100.0,,0.0,,33.3
130355,,0.0,,87.5,,100.0,88.2
132304,14.3,100.0,0.0,,14.3,,14.3
132308,,0.0,,0.0,,42.9,20.0
132312,,100.0,,0.0,,80.0,45.5
132314,,100.0,,0.0,,57.1,33.3
132328,,0.0,,0.0,,42.9,20.0
132330,,0.0,,12.5,,37.5,23.5
132332,,100.0,,0.0,,33.3,23.1
132336,,0.0,,0.0,,20.0,9.1
13A000,100.0,,100.0,0.0,100.0,0.0,20.0
13B000,,,,0.0,0.0,0.0,0.0
13C000,,,,40.0,,40.0,40.0
13D000,,,,0.0,,0.0,0.0
140304,,,,0.0,,0.0,0.0
140305,0.0,,50.0,,0.0,,16.7
140306,,,,0.0,,100.0,50.0
140308,,,,0.0,,0.0,0.0
140309,100.0,,0.0,,0.0,,33.3
140312,,0.0,,0.0,,16.7,7.7
140316,,,,0.0,,0.0,0.0
140324,,,,0.0,,25.0,12.5
140332,,,,0.0,,0.0,0.0
140336,,,,0.0,,20.0,10.0
140340,,,,0.0,,20.0,10.0
140344,,,,0.0,,0.0,0.0
140348,0.0,,66.7,,66.7,,44.4
140352,,,,0.0,,20.0,10.0
140356,,,,0.0,,20.0,10.0
140360,,,,0.0,,66.7,33.3
140368,,,,12.5,,0.0,6.3
140372,,,,0.0,,0.0,0.0
140376,,,,0.0,,100.0,50.0
140384,,,,0.0,,33.3,16.7
140386,0.0,,75.0,,50.0,,41.7
140390,0.0,,0.0,,0.0,,0.0
140392,,,,0.0,,0.0,0.0
140396,,,,0.0,,33.3,16.7
150304,0.0,,0.0,,0.0,,0.0
150308,,,,0.0,,0.0,0.0
150310,,,,0.0,,0.0,0.0
150312,,,,100.0,,80.0,90.0
150350,,,,,0.0,,0.0
160304,,,,0.0,,0.0,0.0
160306,,,,0.0,,0.0,0.0
160308,,,,20.0,,60.0,40.0
160310,,,,20.0,,100.0,60.0
160311,,,,20.0,,100.0,60.0
160313,0.0,,66.7,,33.3,,33.3
160314,25.0,,100.0,,0.0,,40.0
160316,,,,100.0,,66.7,83.3
160317,,,,0.0,,80.0,40.0
160318,,,,71.4,,71.4,71.4
160322,,,,0.0,,66.7,33.3
160324,,,,0.0,,0.0,0.0
160326,,,,66.7,,83.3,75.0
160332,,,,33.3,,0.0,16.7
160344,20.0,,66.7,,0.0,,23.1
160352,,,,0.0,,0.0,0.0
16B000,,,,0.0,,0.0,0.0
170316,75.0,,25.0,,0.0,,33.3
170334,,,,0.0,,100.0,50.0
170338,,,,0.0,,16.7,8.3
170339,,,,0.0,,25.0,12.5
170342,,,,0.0,,0.0,0.0
170344,,,,0.0,,0.0,0.0
180302,,100.0,,44.4,,33.3,42.1
180304,,0.0,,0.0,,0.0,0.0
180308,0.0,,100.0,,66.7,,55.6
180312,,,,0.0,,0.0,0.0
180316,,100.0,,14.3,,28.6,26.7
180320,0.0,0.0,100.0,,0.0,,33.3
180324,,,,0.0,,60.0,30.0
180325,100.0,,33.3,,66.7,,66.7
180326,,0.0,,0.0,,16.7,7.7
180332,,100.0,,0.0,,66.7,38.5
180336,,0.0,,0.0,,33.3,15.4
180340,0.0,0.0,33.3,,33.3,,20.0
180342,,,,16.7,,33.3,25.0
180343,,100.0,,0.0,,14.3,13.3
180344,,,,0.0,,60.0,30.0
180346,,,,50.0,,50.0,50.0
180348,100.0,,0.0,,0.0,,33.3
180352,,,,0.0,,0.0,0.0
180356,,100.0,,0.0,,57.1,33.3
180360,,100.0,,0.0,,14.3,13.3
180364,,,,14.3,,28.6,21.4
180368,,,,0.0,,0.0,0.0
180372,,100.0,,71.4,,42.9,60.0
180376,40.0,100.0,50.0,,80.0,,60.0
180379,,0.0,,16.7,,33.3,23.1
180380,,,,0.0,,50.0,25.0
180388,,100.0,,0.0,,16.7,15.4
181312,,0.0,,0.0,,25.0,11.8
181316,,0.0,,62.5,,62.5,58.8
181318,,,,,0.0,,0.0
181322,20.0,0.0,20.0,,14.3,,16.7
181326,,,,0.0,,25.0,12.5
181332,,100.0,,28.6,,28.6,33.3
181336,,100.0,,20.0,,40.0,36.4
181342,,0.0,,,,,0.0
181344,,100.0,,33.3,,66.7,53.8
182316,25.0,0.0,100.0,,0.0,,38.5
182321,,0.0,,0.0,,66.7,31.6
182322,,100.0,,80.0,,100.0,90.9
182324,,100.0,,0.0,,20.0,18.2
182328,,100.0,,0.0,,33.3,23.1
182700,100.0,,0.0,,0.0,,33.3
190304,,,,0.0,,100.0,50.0
190308,,,,0.0,,60.0,30.0
190310,0.0,,,,,,0.0
190312,,0.0,,14.3,,42.9,26.7
190316,100.0,,0.0,,0.0,,33.3
190328,,,,75.0,,37.5,56.3
190332,,,,0.0,,0.0,0.0
190336,60.0,100.0,0.0,,40.0,,37.5
190339,,,,0.0,,50.0,25.0
190340,,,,0.0,,25.0,12.5
190341,,100.0,,16.7,,83.3,53.8
190342,100.0,100.0,33.3,,33.3,,57.9
190346,,,,0.0,,0.0,0.0
190348,,,,0.0,,0.0,0.0
190350,,100.0,,71.4,,85.7,80.0
190352,,,,20.0,,40.0,30.0
190370,,100.0,,16.7,,16.7,23.1
19A000,50.0,,50.0,0.0,0.0,0.0,16.7
19B000,100.0,,100.0,0.0,0.0,33.3,41.7
19C000,,,,0.0,,100.0,50.0
200304,,,,0.0,,0.0,0.0
200308,100.0,,100.0,,100.0,,100.0
200310,,,,75.0,,75.0,75.0
200312,,,,0.0,,0.0,0.0
200314,0.0,,100.0,,0.0,,33.3
200320,,,,33.3,,33.3,33.3
200322,0.0,,,,,,0.0
200324,,,,0.0,,25.0,12.5
200328,66.7,,0.0,,0.0,,22.2
200330,,,,75.0,,50.0,62.5
200332,,,,0.0,,0.0,0.0
200336,,,,0.0,,0.0,0.0
200350,100.0,,0.0,,0.0,,40.0
20302,0.0,,0.0,,0.0,,0.0
20303,,,,,0.0,,0.0
20304,,,,0.0,,66.7,33.3
20306,,,,28.6,,14.3,21.4
20308,,,,0.0,,33.3,16.7
20316,,100.0,,0.0,,0.0,9.1
20320,,,,100.0,,66.7,83.3
20324,,,,0.0,,100.0,50.0
20328,,,,33.3,,0.0,16.7
20330,,,,75.0,,0.0,37.5
20332,,,,0.0,,100.0,50.0
20A000,,,,0.0,,0.0,0.0
210304,,,,60.0,,80.0,70.0
210306,,,,0.0,,16.7,8.3
210312,25.0,,25.0,,0.0,,16.7
220308,,,,0.0,,50.0,25.0
220310,100.0,,0.0,,0.0,,25.0
220312,,,,0.0,,0.0,0.0
230304,,,,0.0,,0.0,0.0
230308,,,,0.0,,0.0,0.0
230312,40.0,,0.0,,0.0,,14.3
230316,,,,83.3,,66.7,75.0
230320,,,,0.0,,0.0,0.0
230322,100.0,,100.0,,100.0,,100.0
230324,0.0,,0.0,,0.0,,0.0
230328,,,,100.0,,71.4,85.7
230330,0.0,,,0.0,,0.0,0.0
230334,,,,0.0,,0.0,0.0
230336,,,,0.0,,0.0,0.0
230340,,,,0.0,,20.0,10.0
230342,,,,0.0,,0.0,0.0
230344,,,,0.0,,100.0,50.0
230346,,,,0.0,,0.0,0.0
230348,,,,0.0,,0.0,0.0
230350,20.0,,20.0,,25.0,,21.4
230351,,,,14.3,,14.3,14.3
230352,,,,83.3,,83.3,83.3
230355,,,,0.0,,25.0,12.5
230357,,,,0.0,,0.0,0.0
230359,,,,0.0,,0.0,0.0
230361,100.0,,0.0,,0.0,,38.5
230362,,,,100.0,,16.7,58.3
230364,,,,0.0,,0.0,0.0
230368,,,,0.0,,0.0,0.0
230370,,,,0.0,,0.0,0.0
230376,,,,0.0,,0.0,0.0
230380,,,,0.0,,33.3,16.7
23A000,,,,20.0,0.0,60.0,36.4
240304,,,,25.0,,75.0,50.0
240308,,0.0,,0.0,,0.0,0.0
240328,,,,0.0,,0.0,0.0
240332,,,,0.0,,33.3,16.7
240334,75.0,,100.0,,33.3,,66.7
240344,,,,0.0,,50.0,25.0
240352,,,,100.0,,100.0,100.0
240354,,,,0.0,,100.0,50.0
240356,,,,0.0,,0.0,0.0
240368,,,,100.0,,100.0,100.0
240370,,,,0.0,,33.3,16.7
240371,75.0,,100.0,,25.0,,66.7
240372,,,,0.0,,50.0,25.0
240373,0.0,,0.0,,100.0,,28.6
240376,,,,0.0,,0.0,0.0
240380,25.0,,100.0,,75.0,,66.7
240388,,,,0.0,,40.0,20.0
241304,,,,37.5,,75.0,56.3
241308,,,,0.0,,0.0,0.0
241312,0.0,,,,,,0.0
241316,25.0,,75.0,,25.0,,41.7
24B000,0.0,,,0.0,,100.0,25.0
24N000,,,,0.0,,80.0,40.0
250304,,,,0.0,,50.0,25.0
250306,,,,0.0,,0.0,0.0
250308,,,,0.0,,0.0,0.0
250312,,,,0.0,,40.0,20.0
250314,0.0,,100.0,,0.0,,33.3
250316,,,,0.0,,0.0,0.0
250320,,,,0.0,,0.0,0.0
250321,0.0,,100.0,,100.0,,66.7
250324,,,,0.0,,0.0,0.0
250328,,,,0.0,,100.0,50.0
250332,,,,0.0,,11.1,5.6
250336,,,,0.0,,25.0,12.5
250340,16.7,,100.0,,80.0,,60.0
250344,,,,0.0,,0.0,0.0
250348,,,,0.0,,0.0,0.0
250350,,,,0.0,,75.0,37.5
250356,33.3,100.0,80.0,,0.0,,41.2
250360,,100.0,,0.0,,33.3,23.1
250362,,,,0.0,,0.0,0.0
250364,,0.0,,0.0,,33.3,15.4
250368,,,,0.0,,14.3,7.1
250372,100.0,,0.0,,40.0,,50.0
250376,,,,0.0,,50.0,25.0
250378,,,,0.0,,50.0,25.0
250380,,,,0.0,,0.0,0.0
260306,,,,0.0,,0.0,0.0
260308,,,,0.0,,0.0,0.0
260310,,,,0.0,,0.0,0.0
260312,,,,0.0,,0.0,0.0
260316,,,,0.0,,0.0,0.0
260318,28.6,,20.0,,0.0,,15.8
260320,,,,0.0,,20.0,10.0
260321,,,,0.0,,14.3,7.1
260322,33.3,,80.0,,16.7,,41.2
260325,33.3,,60.0,,50.0,,47.1
260326,,,,20.0,,60.0,40.0
260332,,,,0.0,,0.0,0.0
260336,,,,0.0,,0.0,0.0
260338,,,,0.0,,0.0,0.0
260340,,,,0.0,,20.0,10.0
260342,,,,0.0,,14.3,7.1
260344,,,,0.0,,0.0,0.0
260347,100.0,,100.0,,0.0,,57.1
260348,,,,0.0,,0.0,0.0
260352,,,,0.0,,0.0,0.0
260354,100.0,,100.0,,33.3,,75.0
260356,,,,0.0,,0.0,0.0
260357,50.0,,66.7,,16.7,,44.4
260358,,,,14.3,,14.3,14.3
260359,75.0,,0.0,,50.0,,41.7
260361,,,,0.0,,0.0,0.0
260362,,,,0.0,,11.1,5.6
260364,,0.0,,0.0,,16.7,7.7
260365,,,,0.0,,14.3,7.1
260366,,,,0.0,,20.0,10.0
260367,,,,14.3,,0.0,7.1
260368,,,,0.0,,0.0,0.0
260369,,,,0.0,,0.0,0.0
260370,,,,0.0,,0.0,0.0
260371,,,,0.0,,0.0,0.0
260372,,,,14.3,,14.3,14.3
260373,,,,0.0,,0.0,0.0
260374,33.3,,0.0,,100.0,,40.0
260375,,,,0.0,,0.0,0.0
260380,,,,0.0,,0.0,0.0
260382,,,,0.0,,0.0,0.0
260383,,,,11.1,,0.0,5.6
260386,,,,0.0,,0.0,0.0
260388,50.0,,50.0,,0.0,,40.0
260396,,,,0.0,,0.0,0.0
260397,,,,14.3,,14.3,14.3
260398,,,,0.0,,33.3,16.7
260400,,,,0.0,,25.0,12.5
260401,,,,0.0,,20.0,10.0
260402,,,,0.0,,0.0,0.0
260403,,,,0.0,,14.3,7.1
260404,,,,0.0,,0.0,0.0
260405,,,,0.0,,66.7,33.3
260406,,,,0.0,,28.6,14.3
260407,,,,0.0,,14.3,7.1
260408,0.0,,50.0,,0.0,,15.8
260410,,,,0.0,,0.0,0.0
260411,100.0,,100.0,,0.0,,66.7
260413,,,,0.0,,0.0,0.0
260414,,,,0.0,,0.0,0.0
260415,,,,0.0,,14.3,7.1
260416,,,,0.0,,0.0,0.0
260417,,,,14.3,,14.3,14.3
260418,,,,42.9,,14.3,28.6
260419,,,,0.0,,0.0,0.0
260424,40.0,,25.0,,0.0,,21.4
260425,,,,12.5,,12.5,12.5
260426,,,,0.0,,0.0,0.0
260427,0.0,0.0,16.7,,0.0,,5.0
260428,,,,14.3,,0.0,7.1
260430,,,,0.0,,50.0,25.0
260434,,,,12.5,,25.0,18.8
260440,,,,0.0,,0.0,0.0
260444,,,,0.0,,0.0,0.0
260446,33.3,,0.0,,0.0,,12.5
260448,,,,0.0,,14.3,7.1
260449,,,,,100.0,,100.0
260450,,,,0.0,,0.0,0.0
260452,,,,0.0,,0.0,0.0
260454,,,,71.4,,14.3,42.9
260455,60.0,,25.0,,20.0,,35.7
260459,,,,0.0,,100.0,50.0
260700,,,100.0,,100.0,,100.0
26B000,,,,0.0,,60.0,30.0
26C000,,,,0.0,,40.0,20.0
270304,,,,66.7,,100.0,83.3
270306,0.0,,0.0,,33.3,,11.1
270308,,,,0.0,,0.0,0.0
270309,,,,66.7,,100.0,83.3
270310,,,,25.0,,25.0,25.0
270311,100.0,,100.0,,0.0,,66.7
270312,,,,0.0,,0.0,0.0
270316,,,,0.0,,0.0,0.0
270318,,,,0.0,,0.0,0.0
270320,,,,0.0,,100.0,50.0
280302,,,,0.0,,0.0,0.0
280304,0.0,,0.0,75.0,0.0,75.0,46.2
280306,50.0,,,,,,50.0
280308,,,,25.0,,25.0,25.0
280310,,100.0,,16.7,,33.3,30.8
280312,,100.0,,16.7,,50.0,38.5
280316,0.0,,66.7,,0.0,,22.2
280320,,,,0.0,,66.7,33.3
280324,,,,0.0,,66.7,33.3
280328,,,,14.3,,14.3,14.3
280330,0.0,,0.0,,0.0,,0.0
290302,,,,66.7,,66.7,66.7
290306,,,,0.0,,66.7,33.3
290307,,,,0.0,,0.0,0.0
290308,0.0,,100.0,,33.3,,40.0
290309,,,,85.7,,42.9,64.3
290310,,,,0.0,,100.0,50.0
290312,,,,0.0,,0.0,0.0
290314,0.0,,0.0,,,,0.0
290316,,,,0.0,,0.0,0.0
290320,,,,0.0,,0.0,0.0
290322,,,,0.0,,16.7,8.3
290324,66.7,,0.0,,0.0,,22.2
290328,,,,0.0,,0.0,0.0
290330,,,,0.0,,66.7,33.3
290332,,,,0.0,,20.0,10.0
290333,,,,0.0,,25.0,12.5
290334,,,,28.6,,42.9,35.7
290336,0.0,,75.0,,0.0,,25.0
290344,,,,0.0,,25.0,12.5
290348,25.0,,0.0,,0.0,,10.0
290349,,,,,0.0,,0.0
290350,,,,60.0,,60.0,60.0
290351,,,,0.0,,0.0,0.0
290352,,,,0.0,,0.0,0.0
290356,,,,0.0,,0.0,0.0
290364,,,,0.0,,0.0,0.0
290365,0.0,,100.0,,0.0,,33.3
290366,,,,0.0,,20.0,10.0
290367,,,,50.0,,25.0,37.5
290375,,,,0.0,,0.0,0.0
290376,,,,0.0,,0.0,0.0
290380,,,,0.0,,20.0,10.0
290384,,,,25.0,,25.0,25.0
290388,33.3,,0.0,,0.0,,11.1
290389,0.0,,100.0,,100.0,,66.7
291308,,100.0,,14.3,,42.9,33.3
291332,,0.0,,11.1,,22.2,15.8
291336,40.0,0.0,100.0,,20.0,,50.0
291340,,100.0,,0.0,,16.7,15.4
291352,,100.0,,0.0,,28.6,20.0
292316,,100.0,,0.0,,0.0,5.9
292318,,0.0,,0.0,,33.3,15.4
292320,,0.0,,0.0,,0.0,0.0
292324,40.0,0.0,0.0,,20.0,,20.0
298202,,,,0.0,,0.0,0.0
300308,,0.0,,0.0,,20.0,9.1
300310,,,,0.0,,0.0,0.0
300312,20.0,100.0,40.0,,20.0,,31.3
300314,0.0,,100.0,,0.0,,33.3
300320,,0.0,,16.7,,0.0,7.7
300325,,,,60.0,,60.0,60.0
300326,,,,0.0,,0.0,0.0
300328,,,,33.3,,100.0,66.7
300330,,,,0.0,,0.0,0.0
300336,,,,0.0,,0.0,0.0
300337,,,,20.0,,80.0,50.0
30304,100.0,,33.3,,0.0,,44.4
30308,,,,25.0,,0.0,12.5
30316,,,,0.0,,0.0,0.0
30320,,,,0.0,,20.0,10.0
310304,,0.0,,14.3,,71.4,40.0
310308,,0.0,,28.6,,28.6,26.7
310330,,,,0.0,,100.0,50.0
310336,,0.0,,0.0,,42.9,20.0
310338,100.0,,100.0,,0.0,,50.0
310344,80.0,0.0,80.0,,60.0,,68.8
310352,100.0,100.0,20.0,,0.0,,46.7
310356,,100.0,,0.0,,0.0,6.7
310360,,0.0,,0.0,,42.9,20.0
310364,25.0,0.0,100.0,80.0,100.0,60.0,69.6
310384,,100.0,,0.0,,85.7,46.7
310388,,0.0,,0.0,,0.0,0.0
310392,0.0,0.0,60.0,,0.0,,18.8
320304,,100.0,,16.7,,0.0,15.4
320306,,100.0,,28.6,,28.6,33.3
320308,,0.0,,0.0,,100.0,45.5
320309,100.0,,100.0,,66.7,,88.9
320310,,100.0,,0.0,,0.0,9.1
320312,14.3,100.0,28.6,,57.1,,36.4
320313,,100.0,,28.6,,14.3,26.7
320314,0.0,,66.7,28.6,33.3,57.1,42.9
320315,,100.0,,33.3,,50.0,46.2
320316,,100.0,,57.1,,71.4,66.7
320317,100.0,,100.0,,100.0,,100.0
320318,,100.0,,0.0,,14.3,13.3
320319,,100.0,,0.0,,0.0,6.7
320320,,0.0,,0.0,,33.3,15.4
320322,33.3,,,,100.0,,50.0
320323,40.0,0.0,0.0,28.6,100.0,57.1,43.3
320324,,100.0,,0.0,,0.0,6.7
320325,33.3,100.0,20.0,,40.0,,35.3
320327,,100.0,,85.7,,14.3,53.3
320328,,100.0,,0.0,,16.7,15.4
320332,,100.0,,0.0,,0.0,6.7
320338,,,,50.0,,16.7,33.3
320339,,100.0,,40.0,,100.0,72.7
320340,,,,0.0,,16.7,8.3
320341,0.0,,,0.0,,33.3,14.3
320342,,,,42.9,,57.1,50.0
320343,,0.0,,71.4,,100.0,80.0
320344,,100.0,,0.0,,0.0,9.1
320346,,0.0,,16.7,,50.0,30.8
320347,,100.0,,0.0,,16.7,15.4
320348,,,,0.0,,0.0,0.0
320352,,100.0,,50.0,,16.7,38.5
320353,0.0,,0.0,,,,0.0
320354,,,,0.0,,0.0,0.0
320355,,0.0,,83.3,,83.3,76.9
320356,28.6,100.0,0.0,,16.7,,19.0
320360,,0.0,,0.0,,0.0,0.0
320362,,100.0,,0.0,,0.0,7.7
320363,,0.0,,0.0,,28.6,13.3
320364,,,,0.0,,16.7,8.3
320365,71.4,0.0,71.4,,71.4,,68.2
320366,,100.0,,25.0,,100.0,64.7
320367,,100.0,,0.0,,40.0,27.3
320368,0.0,0.0,0.0,,50.0,,15.8
320369,,100.0,,0.0,,33.3,23.1
320370,,,,14.3,,28.6,21.4
320372,,100.0,,0.0,,0.0,6.7
320374,,,,0.0,,66.7,33.3
320376,,100.0,,0.0,,0.0,7.7
320388,,100.0,,40.0,,80.0,63.6
320400,,100.0,,0.0,,80.0,45.5
320701,100.0,,66.7,,0.0,,50.0
32A000,,0.0,,0.0,,66.7,30.8
32B000,,,,75.0,,50.0,62.5
32C000,,,,0.0,,0.0,0.0
32D000,,100.0,,0.0,,37.5,23.5
32H000,,100.0,,0.0,,33.3,23.1
32K000,,,,0.0,,28.6,14.3
32L000,0.0,,100.0,28.6,0.0,71.4,45.0
32M000,,,,0.0,,80.0,40.0
32N000,50.0,,50.0,,50.0,,50.0
32P000,,0.0,,0.0,,0.0,0.0
32Q000,,100.0,,0.0,,20.0,18.2
32R000,,,,66.7,,100.0,83.3
32S000,,100.0,,0.0,,50.0,30.8
330304,,,,0.0,,0.0,0.0
330308,,100.0,,0.0,,14.3,13.3
330312,,,,0.0,,33.3,16.7
330326,,,0.0,,0.0,,0.0
330328,100.0,,100.0,,100.0,,100.0
330332,,,,0.0,,0.0,0.0
330334,,,,0.0,,100.0,50.0
330340,,,,0.0,,16.7,8.3
330344,,,,20.0,,60.0,40.0
330348,,,,0.0,,100.0,50.0
330350,75.0,,75.0,,0.0,,50.0
330354,,,,0.0,,0.0,0.0
330358,25.0,,0.0,,0.0,,10.0
330360,,,,20.0,,0.0,10.0
33A000,0.0,,0.0,16.7,0.0,100.0,41.2
340308,,100.0,,0.0,,0.0,7.7
340311,100.0,,25.0,,20.0,,46.2
340314,,100.0,,0.0,,33.3,23.1
340320,,100.0,,14.3,,14.3,20.0
340326,,,,0.0,,40.0,20.0
340330,50.0,0.0,75.0,,100.0,,66.7
340334,,,,0.0,,0.0,0.0
340336,,,0.0,,50.0,,25.0
340348,,,,0.0,,20.0,10.0
340350,,100.0,,88.9,,100.0,94.7
340351,,,,100.0,,100.0,100.0
340354,,,,0.0,,0.0,0.0
340362,0.0,,0.0,,0.0,,0.0
340364,16.7,100.0,0.0,,14.3,,15.0
340366,,0.0,,0.0,,14.3,6.7
340368,,100.0,,0.0,,0.0,9.1
340372,,0.0,,75.0,,62.5,64.7
340376,,100.0,,0.0,,20.0,18.2
340380,,100.0,,83.3,,33.3,61.5
340382,42.9,0.0,83.3,,0.0,,38.1
340384,,0.0,,0.0,,50.0,23.1
340385,,,,0.0,,0.0,0.0
340390,,100.0,,0.0,,0.0,9.1
340392,,0.0,,25.0,,62.5,41.2
340400,,100.0,,0.0,,0.0,6.7
340403,,,,0.0,,0.0,0.0
340406,,,,11.1,,44.4,27.8
340416,,0.0,,0.0,,0.0,0.0
340420,,100.0,,28.6,,85.7,60.0
340424,,,,0.0,,0.0,0.0
340426,,100.0,,0.0,,12.5,11.8
340427,,,,0.0,,66.7,33.3
340428,,100.0,,0.0,,33.3,23.1
340430,,100.0,,0.0,,40.0,27.3
340432,,,,0.0,,25.0,12.5
340436,,,,0.0,,33.3,16.7
340440,,,,0.0,,83.3,41.7
340442,,,,55.6,,44.4,50.0
340446,100.0,,,,,,100.0
340448,,100.0,,16.7,,16.7,23.1
340452,,0.0,,50.0,,66.7,53.8
340453,,,,0.0,,0.0,0.0
340454,16.7,0.0,0.0,,0.0,,5.3
340457,,100.0,,0.0,,57.1,33.3
340460,16.7,100.0,50.0,,0.0,,26.7
340462,,100.0,,0.0,,0.0,9.1
340464,,0.0,,12.5,,25.0,17.6
340472,,0.0,,16.7,,16.7,15.4
340476,,100.0,,0.0,,0.0,9.1
340480,,,,28.6,0.0,28.6,26.7
340486,0.0,0.0,28.6,,0.0,,9.5
340488,100.0,0.0,0.0,0.0,33.3,75.0,37.5
340490,,100.0,,0.0,,20.0,18.2
340492,,0.0,,0.0,,0.0,0.0
340494,,,,0.0,,0.0,0.0
340495,0.0,100.0,16.7,,0.0,,10.5
340496,42.9,0.0,0.0,,14.3,,19.0
340504,,100.0,,0.0,,57.1,33.3
340508,,100.0,,0.0,,14.3,13.3
340512,,,,0.0,,80.0,40.0
340514,,0.0,,0.0,,0.0,0.0
340516,,0.0,,25.0,,75.0,47.1
340520,,100.0,,85.7,,57.1,73.3
340528,,,,16.7,,50.0,33.3
340530,,0.0,,0.0,,50.0,23.1
340532,,0.0,,14.3,,0.0,6.7
340536,,0.0,,0.0,,16.7,7.7
340540,,100.0,,0.0,,16.7,15.4
340542,25.0,,0.0,,0.0,,8.3
340544,,,,37.5,,75.0,56.3
340548,,0.0,,0.0,,28.6,13.3
340556,50.0,0.0,33.3,,33.3,,36.8
340560,,,,20.0,,20.0,20.0
340564,,100.0,,22.2,,66.7,47.4
340568,50.0,0.0,100.0,0.0,0.0,0.0,11.8
34B000,0.0,0.0,,0.0,,0.0,0.0
34D000,,100.0,,0.0,,0.0,9.1
34F000,,100.0,,0.0,,57.1,33.3
34G000,,,,0.0,,20.0,10.0
34H000,,,0.0,0.0,50.0,0.0,10.0
350304,,100.0,,0.0,,0.0,6.7
350308,16.7,,20.0,,40.0,,25.0
350310,,,,14.3,,71.4,42.9
350312,,,,0.0,,0.0,0.0
350316,,100.0,,0.0,,14.3,13.3
350317,,,,,0.0,,0.0
350318,,,,0.0,,0.0,0.0
350321,60.0,,100.0,,33.3,,60.0
350324,,,,40.0,,100.0,70.0
350330,,,,0.0,,25.0,12.5
350331,,,,33.3,,66.7,50.0
350332,,0.0,,16.7,,0.0,7.7
350336,75.0,,100.0,,25.0,,66.7
350338,,,,28.6,,14.3,21.4
350339,,0.0,,0.0,,0.0,0.0
350340,,,,0.0,,0.0,0.0
35A000,,,,0.0,,33.3,16.7
35B000,,,,0.0,,0.0,0.0
360310,33.3,0.0,16.7,,16.7,,21.1
360320,,,,20.0,,20.0,20.0
360324,,,,75.0,,25.0,50.0
360332,,,,0.0,,0.0,0.0
360336,0.0,,75.0,,0.0,,25.0
360337,100.0,,0.0,,100.0,,80.0
360339,,,,0.0,,0.0,0.0
360340,,,,0.0,,0.0,0.0
360344,,100.0,,14.3,,42.9,33.3
360348,,100.0,,33.3,,33.3,42.9
360352,,,,0.0,,0.0,0.0
360360,0.0,,66.7,,100.0,,55.6
360364,,,,66.7,,66.7,66.7
360372,0.0,,,0.0,,0.0,0.0
360376,,,,0.0,,0.0,0.0
360378,20.0,,80.0,,20.0,,40.0
360380,,,,62.5,,75.0,68.8
360390,25.0,,66.7,,66.7,,50.0
360392,,0.0,,28.6,,28.6,26.7
360394,,,,0.0,,0.0,0.0
360396,16.7,,20.0,,40.0,,25.0
360400,,100.0,,0.0,,14.3,13.3
360408,,0.0,,0.0,,0.0,0.0
360418,100.0,,0.0,,33.3,,42.9
360420,,,,0.0,,0.0,0.0
360426,,0.0,,37.5,,37.5,35.3
360428,0.0,0.0,60.0,,50.0,,33.3
360431,,,,20.0,,20.0,20.0
360432,,,,0.0,,0.0,0.0
360436,,,,85.7,,14.3,50.0
360438,,0.0,,0.0,,14.3,6.7
360440,,0.0,,0.0,,0.0,0.0
360448,,,,0.0,,33.3,16.7
360456,,,,14.3,,14.3,14.3
360464,,,,0.0,,0.0,0.0
360468,,100.0,,0.0,,33.3,23.1
360470,20.0,0.0,80.0,,0.0,,31.3
360478,,,,0.0,,20.0,10.0
360480,,0.0,,28.6,,71.4,46.7
360482,,,,0.0,,0.0,0.0
360488,,,,0.0,,0.0,0.0
360490,,100.0,,0.0,,0.0,6.7
360492,,100.0,,0.0,,0.0,6.7
360494,0.0,,100.0,,0.0,,33.3
360498,,100.0,,87.5,,37.5,64.7
360500,,,,83.3,,66.7,75.0
360504,,,,0.0,,0.0,0.0
360510,,,,0.0,,100.0,50.0
360514,,,,85.7,,28.6,57.1
360520,,0.0,,0.0,,14.3,6.7
360526,,,,57.1,,71.4,64.3
36B000,0.0,,100.0,12.5,0.0,37.5,27.3
36C000,100.0,,100.0,0.0,0.0,71.4,47.6
370304,,,,0.0,,0.0,0.0
370308,,,,40.0,,0.0,20.0
370312,25.0,,50.0,,0.0,,27.3
370316,,,,0.0,,50.0,25.0
370324,,,,0.0,,0.0,0.0
380306,,,,0.0,,0.0,0.0
380308,0.0,,100.0,,0.0,,33.3
380310,,,,0.0,,0.0,0.0
390309,,0.0,,28.6,,14.3,20.0
390311,,100.0,,14.3,,28.6,26.7
390312,,,,0.0,,0.0,0.0
390314,,,,100.0,,100.0,100.0
390316,,100.0,,20.0,,20.0,27.3
390320,,,,0.0,,14.3,7.1
390322,20.0,100.0,80.0,,40.0,,50.0
390323,100.0,,100.0,,100.0,,100.0
390324,0.0,,66.7,,0.0,,20.0
390331,,,,0.0,,20.0,10.0
390333,,,,0.0,,40.0,20.0
390334,,,,0.0,,16.7,8.3
390336,,,,0.0,,66.7,33.3
390352,20.0,,0.0,,25.0,,15.4
390360,,,,0.0,,60.0,30.0
390362,,,,0.0,,0.0,0.0
390364,,100.0,,0.0,,33.3,23.1
390368,,,,0.0,,33.3,16.7
390700,100.0,,0.0,,0.0,,33.3
39A000,,,100.0,40.0,0.0,60.0,50.0
39B000,100.0,,100.0,0.0,0.0,100.0,60.0
400308,60.0,0.0,0.0,,20.0,,25.0
400312,,0.0,,85.7,,71.4,73.3
400315,,,0.0,,100.0,,50.0
400318,,100.0,,14.3,,14.3,20.0
400321,,0.0,,,,,0.0
400332,,100.0,,0.0,,0.0,7.7
40304,0.0,,0.0,,0.0,,0.0
40305,0.0,,,,,,0.0
40306,25.0,,50.0,,0.0,,25.0
40308,,,,0.0,,25.0,12.5
40309,,,,16.7,,100.0,58.3
40311,,,,0.0,,0.0,0.0
40316,,,,100.0,,50.0,75.0
40324,,,,0.0,,0.0,0.0
40328,,,,100.0,,50.0,75.0
40330,,,,0.0,,0.0,0.0
410304,,,,0.0,,60.0,30.0
410307,,100.0,,0.0,,20.0,18.2
410310,,100.0,,0.0,,28.6,20.0
410311,,,,0.0,,33.3,16.7
410313,,0.0,,22.2,,55.6,36.8
410316,,0.0,,0.0,,71.4,33.3
410319,0.0,100.0,0.0,,0.0,,8.3
410322,,0.0,,0.0,,14.3,6.7
410325,,,,25.0,,57.1,40.0
410328,,0.0,,0.0,,16.7,7.7
410331,,,,0.0,,0.0,0.0
410334,,100.0,,0.0,,50.0,30.8
410337,,,,0.0,,75.0,37.5
410340,,,,0.0,,16.7,8.3
410341,,,,25.0,,25.0,25.0
410343,,,,0.0,,0.0,0.0
410346,,0.0,,0.0,,50.0,23.1
410349,,100.0,,16.7,,33.3,30.8
410355,20.0,0.0,0.0,,0.0,,6.7
410358,16.7,100.0,66.7,,33.3,,42.1
410361,,,,0.0,,0.0,0.0
410364,,100.0,,0.0,,0.0,7.7
410366,,100.0,,16.7,,0.0,15.4
410367,,0.0,,0.0,,25.0,11.8
410370,,100.0,,0.0,,33.3,23.1
410373,,0.0,,0.0,,50.0,23.1
410376,,100.0,,60.0,,80.0,72.7
410382,,,,16.7,,33.3,25.0
410385,,,,0.0,,33.3,16.7
410388,,,,60.0,,0.0,30.0
410390,100.0,,100.0,,,,100.0
410391,100.0,,100.0,0.0,0.0,28.6,23.5
410394,0.0,100.0,80.0,,16.7,,33.3
410395,100.0,,100.0,,100.0,,100.0
410397,,0.0,,0.0,,75.0,35.3
410399,,,,,0.0,,0.0
410400,,100.0,,0.0,,14.3,13.3
410401,100.0,,0.0,,100.0,,66.7
410402,,100.0,,0.0,,16.7,15.4
410403,,,,0.0,,33.3,16.7
410406,25.0,0.0,83.3,,50.0,,47.8
410407,,,100.0,,0.0,,50.0
410408,0.0,,100.0,,,,50.0
410409,,100.0,,0.0,,16.7,15.4
410412,,0.0,,12.5,,12.5,11.8
410415,,100.0,,16.7,,66.7,46.2
410418,,,,20.0,,60.0,40.0
410421,,0.0,,11.1,,11.1,10.5
410423,,100.0,,0.0,,14.3,13.3
410424,,,,0.0,,25.0,12.5
410427,,100.0,,0.0,,0.0,6.7
410430,,,,0.0,,20.0,10.0
410436,,,,0.0,,50.0,25.0
410437,,,,22.2,,44.4,33.3
410439,,,,0.0,,0.0,0.0
410442,,0.0,,12.5,,62.5,35.3
410448,,,,0.0,,22.2,11.1
410451,,0.0,,0.0,,28.6,13.3
410454,,,,50.0,,25.0,37.5
410457,,,,0.0,,0.0,0.0
410460,,0.0,,0.0,,55.6,26.3
410461,,,,0.0,,0.0,0.0
410462,,100.0,,0.0,,42.9,26.7
410463,,100.0,,11.1,,55.6,36.8
410466,,100.0,,14.3,,28.6,26.7
410469,,100.0,,0.0,,20.0,18.2
410472,,100.0,,14.3,,42.9,33.3
410478,,100.0,,0.0,,0.0,11.1
410481,,,,0.0,,0.0,0.0
410483,,,100.0,,100.0,,100.0
410484,0.0,0.0,16.7,,16.7,,10.5
410486,,,,20.0,,20.0,20.0
410487,,,,12.5,,62.5,37.5
410488,,,,12.5,,25.0,18.8
410489,0.0,,0.0,,25.0,,8.3
410490,16.7,,40.0,,33.3,,29.4
410491,,,,0.0,,28.6,14.3
410493,,,,11.1,,11.1,11.1
410496,,100.0,,0.0,,57.1,33.3
410499,,0.0,,0.0,,16.7,7.7
410502,,,,16.7,,16.7,16.7
410505,,100.0,,0.0,,0.0,6.7
410508,0.0,100.0,66.7,,0.0,,23.8
410511,,100.0,,0.0,,0.0,14.3
410514,,100.0,,0.0,,100.0,54.5
410517,,,,0.0,,0.0,0.0
410522,,100.0,,0.0,,0.0,5.9
410523,,,,0.0,,0.0,0.0
410529,14.3,100.0,57.1,,85.7,,54.5
410530,,100.0,,0.0,,42.9,26.7
410532,,100.0,,14.3,,28.6,26.7
410535,,,,0.0,,0.0,0.0
410538,,100.0,,0.0,,0.0,7.7
410541,,100.0,,0.0,,42.9,26.7
410542,,100.0,,33.3,,50.0,46.2
410544,0.0,100.0,66.7,,16.7,,30.0
410545,100.0,,100.0,,0.0,,57.1
410547,0.0,,80.0,,20.0,,33.3
410550,,,,12.5,,25.0,18.8
410553,,100.0,,0.0,,40.0,27.3
410556,0.0,0.0,50.0,,0.0,,15.0
410559,,0.0,,25.0,,50.0,35.3
410562,28.6,100.0,83.3,,0.0,,38.1
410565,,0.0,,11.1,,22.2,15.8
410568,,,,0.0,,25.0,12.5
410569,100.0,,100.0,,0.0,,66.7
410571,,,,0.0,,25.0,12.5
410574,,0.0,,0.0,,0.0,0.0
410577,,100.0,,0.0,,66.7,38.5
410578,,,,100.0,,33.3,66.7
410579,100.0,,0.0,,0.0,,33.3
410580,,100.0,,0.0,,85.7,46.7
410583,,,,0.0,,33.3,16.7
410586,,,,0.0,,0.0,0.0
410589,100.0,,50.0,,50.0,,66.7
410592,,,,16.7,,50.0,33.3
410595,33.3,100.0,50.0,,33.3,,42.1
410598,,,,0.0,,0.0,0.0
41B000,,,,20.0,,40.0,30.0
41C000,,,,0.0,,0.0,0.0
41D000,,,,62.5,,75.0,68.8
41F000,50.0,100.0,66.7,0.0,0.0,12.5,20.0
41G000,,,0.0,16.7,0.0,83.3,37.5
41H000,,,,0.0,,0.0,0.0
41J000,,,,0.0,,57.1,28.6
41K000,0.0,,50.0,,0.0,,14.3
41L000,,,,0.0,,16.7,8.3
420304,,,,0.0,,33.3,16.7
420316,,,,0.0,,100.0,50.0
420324,,,,0.0,,75.0,37.5
420328,,,,0.0,,0.0,0.0
420336,,,,0.0,,100.0,50.0
420340,,,,0.0,,0.0,0.0
420346,33.3,,0.0,,33.3,,22.2
420348,,,,0.0,,0.0,0.0
420358,66.7,,0.0,,0.0,,25.0
420376,,,,0.0,,0.0,0.0
421304,,100.0,,0.0,,0.0,7.7
421306,,,,57.1,,42.9,50.0
421316,100.0,,75.0,,0.0,,61.5
421328,,100.0,,0.0,,20.0,18.2
422310,100.0,,0.0,,,,66.7
422314,,,,0.0,,0.0,0.0
422315,0.0,,50.0,,33.3,,28.6
422318,,,,0.0,,100.0,50.0
42A000,,,,0.0,,0.0,0.0
430308,,100.0,,0.0,,0.0,6.7
430312,,100.0,,28.6,,85.7,60.0
430316,,100.0,,0.0,,0.0,6.7
430320,,,,0.0,,0.0,0.0
430328,,100.0,,0.0,,14.3,13.3
430330,,100.0,,62.5,,62.5,64.7
430332,,,,42.9,,71.4,57.1
430336,,,,0.0,,16.7,8.3
430344,,100.0,,0.0,,25.0,22.2
430345,,,0.0,0.0,,100.0,40.0
430346,28.6,100.0,0.0,,0.0,,15.0
430347,,0.0,,12.5,,12.5,11.8
430348,,100.0,,66.7,,33.3,53.8
430349,,,,0.0,,71.4,35.7
430351,,,,0.0,,0.0,0.0
430352,,100.0,,0.0,,25.0,22.2
430358,,,,16.7,,50.0,33.3
430368,,0.0,,,,,0.0
430369,,,,0.0,,33.3,16.7
430370,,,,57.1,,14.3,35.7
430371,100.0,0.0,20.0,,71.4,,65.0
430376,,,,14.3,,14.3,14.3
430378,100.0,100.0,33.3,,16.7,,52.6
430380,,,,0.0,,16.7,8.3
430384,50.0,0.0,40.0,,20.0,,35.3
430386,,,,12.5,,25.0,18.8
43C000,,,,100.0,,100.0,100.0
440314,,,,0.0,,0.0,0.0
440318,,,,0.0,,0.0,0.0
440320,,,,0.0,,0.0,0.0
440326,0.0,,,,,,0.0
440328,,,,0.0,,0.0,0.0
440332,,,,0.0,,0.0,0.0
440346,,,100.0,,100.0,,100.0
440348,,0.0,,0.0,,20.0,9.1
440349,,,,0.0,,0.0,0.0
440350,,,,0.0,,0.0,0.0
440364,,,,0.0,,0.0,0.0
440368,,,,0.0,,0.0,0.0
440378,100.0,,100.0,,75.0,,90.0
440390,25.0,,33.3,,0.0,,20.0
440396,,,,0.0,,0.0,0.0
44A000,,,,0.0,,0.0,0.0
450301,,0.0,,12.5,,12.5,11.8
450302,,,,0.0,,66.7,33.3
450306,,100.0,,14.3,,57.1,40.0
450307,,0.0,,0.0,,50.0,23.1
450308,,100.0,,0.0,,16.7,15.4
450316,100.0,0.0,100.0,,0.0,,64.3
450322,,100.0,,0.0,,16.7,15.4
450324,,,,0.0,,0.0,0.0
450328,,0.0,,14.3,,14.3,13.3
450332,,,,0.0,,0.0,0.0
450333,,,,0.0,,0.0,0.0
450334,0.0,,0.0,,0.0,,0.0
450335,,,,0.0,,0.0,0.0
450336,,100.0,,0.0,,0.0,7.7
450339,,,,0.0,,0.0,0.0
450340,,,,0.0,,25.0,12.5
450341,60.0,100.0,100.0,,0.0,,53.3
450342,,,,0.0,,0.0,0.0
450343,0.0,,100.0,,100.0,,40.0
450344,,100.0,,0.0,,0.0,7.7
450346,,100.0,,0.0,,20.0,18.2
450352,25.0,0.0,33.3,,0.0,,16.7
450354,100.0,,0.0,,0.0,,33.3
45A000,,,,0.0,,100.0,50.0
45B000,,,,0.0,,50.0,25.0
460308,,,,0.0,,0.0,0.0
460312,,,,100.0,,0.0,50.0
460318,,,,0.0,,0.0,0.0
460320,0.0,,0.0,,0.0,,0.0
460322,,,,,100.0,,100.0
460332,,,,0.0,,75.0,37.5
460340,100.0,,,,,,100.0
470310,,100.0,,0.0,,57.1,33.3
470312,0.0,0.0,85.7,,16.7,,31.8
470316,,,,0.0,,25.0,12.5
470320,,,,11.1,,66.7,38.9
470328,,100.0,,0.0,,14.3,13.3
470330,,100.0,,0.0,,0.0,9.1
470332,,,,0.0,,12.5,6.3
470336,,,,20.0,,100.0,60.0
470340,,,,0.0,,0.0,0.0
470342,,,,0.0,,100.0,50.0
470346,,100.0,,0.0,,14.3,13.3
470441,,,,0.0,,25.0,12.5
470442,,,,0.0,,33.3,16.7
470443,50.0,,100.0,,100.0,,85.7
480306,,,,0.0,,0.0,0.0
480316,,,,33.3,,33.3,33.3
480318,,,100.0,100.0,,100.0,100.0
49,100.0,,100.0,0.0,100.0,0.0,42.9
490308,,,,20.0,,0.0,10.0
490310,100.0,,,,,,100.0
490312,,,,0.0,,80.0,40.0
490316,,,,0.0,,33.3,16.7
490318,,,,0.0,,0.0,0.0
490319,,100.0,,0.0,,33.3,23.1
490320,100.0,,100.0,,50.0,,83.3
490324,,100.0,,0.0,,25.0,22.2
490326,,100.0,,0.0,,57.1,33.3
490327,,0.0,,28.6,,28.6,26.7
490332,,100.0,,0.0,,25.0,22.2
490335,50.0,,40.0,,0.0,,28.6
490336,,,,0.0,,0.0,0.0
490337,,,,0.0,,0.0,0.0
490338,,,,0.0,,0.0,0.0
490344,,,,33.3,,33.3,33.3
490345,,0.0,,16.7,,16.7,15.4
490346,25.0,100.0,0.0,,0.0,,16.7
490347,,,,20.0,,0.0,10.0
490348,,,,25.0,,75.0,50.0
490349,,,,66.7,,50.0,58.3
490350,100.0,,0.0,0.0,,0.0,44.4
490352,,0.0,,0.0,,71.4,33.3
490354,0.0,0.0,20.0,,20.0,,12.5
490355,100.0,,100.0,,100.0,,100.0
490356,,,,66.7,,66.7,66.7
490360,,,,0.0,,0.0,0.0
490362,16.7,0.0,0.0,,16.7,,11.8
490363,,100.0,,28.6,,42.9,40.0
490364,,0.0,,0.0,,33.3,15.4
490366,,,,0.0,,14.3,7.1
490368,,,,0.0,,0.0,0.0
490380,33.3,,0.0,,100.0,,40.0
490384,,,,28.6,,14.3,21.4
490390,,,,0.0,,0.0,0.0
491303,,,,0.0,,12.5,6.3
491306,,,,0.0,,37.5,18.8
491308,,,,0.0,,25.0,12.5
491312,83.3,0.0,33.3,,0.0,,36.8
491316,,0.0,,0.0,,0.0,0.0
491318,,,,100.0,,100.0,100.0
491320,,0.0,,0.0,,0.0,0.0
49B000,,,,0.0,,0.0,0.0
49D000,,,,0.0,,33.3,16.7
49F000,,,,0.0,0.0,11.1,5.0
49G000,,,,0.0,,0.0,0.0
500302,,,,50.0,,50.0,50.0
500304,,100.0,,0.0,,0.0,7.7
500314,,0.0,,0.0,,0.0,0.0
500316,,,,0.0,,75.0,37.5
500323,100.0,,,,,,100.0
500324,100.0,,,0.0,,0.0,50.0
500332,,,,0.0,,0.0,0.0
500337,,,,0.0,,0.0,0.0
500340,100.0,,100.0,,33.3,,77.8
50302,66.7,,0.0,,0.0,,22.2
50305,,,,80.0,,80.0,80.0
50310,,,,0.0,,100.0,50.0
50330,,0.0,,0.0,,16.7,7.7
50335,,,,20.0,,0.0,10.0
50A000,,,,0.0,,0.0,0.0
50Z000,,,,0.0,,0.0,0.0
510308,,100.0,,0.0,,0.0,6.7
510310,,,,0.0,,0.0,0.0
510324,16.7,100.0,0.0,,0.0,,10.5
510325,,,,,0.0,,0.0
510326,,100.0,,0.0,,0.0,6.7
510327,33.3,0.0,0.0,,0.0,,10.5
510328,,100.0,,0.0,,0.0,7.7
510329,,,,0.0,,0.0,0.0
510330,,100.0,,0.0,,0.0,6.7
510332,,0.0,,0.0,,0.0,0.0
510333,16.7,100.0,16.7,,0.0,,15.8
510334,,0.0,,0.0,,0.0,0.0
510336,,,,0.0,,0.0,0.0
510340,,100.0,,0.0,,0.0,6.7
510342,,,,28.6,,14.3,21.4
510343,,100.0,,0.0,,50.0,33.3
510344,,0.0,,0.0,,14.3,6.7
510356,,100.0,,0.0,,0.0,6.7
510358,,100.0,,0.0,,0.0,6.7
510359,,,,0.0,,14.3,7.1
510360,,100.0,,0.0,,0.0,7.7
510364,,,,0.0,,28.6,14.3
510367,0.0,,0.0,,0.0,,0.0
510368,100.0,100.0,0.0,,0.0,,42.9
510372,,100.0,,0.0,,16.7,15.4
510373,,0.0,,0.0,,0.0,0.0
510374,,100.0,,0.0,,14.3,13.3
510376,0.0,,100.0,14.3,0.0,0.0,16.7
510377,,,,0.0,,16.7,8.3
510378,,0.0,,14.3,,28.6,20.0
510379,,,,0.0,,0.0,0.0
510382,,,,0.0,,0.0,0.0
510388,,100.0,,0.0,,0.0,6.7
510390,,100.0,,0.0,,0.0,6.7
510396,,100.0,,0.0,,0.0,7.7
510397,,0.0,,14.3,,14.3,13.3
510399,100.0,100.0,83.3,,0.0,,61.9
510402,16.7,0.0,100.0,,0.0,,33.3
510404,,100.0,,0.0,,0.0,6.7
510406,100.0,0.0,16.7,,0.0,,36.8
510408,,100.0,,0.0,,14.3,13.3
510410,,100.0,,0.0,,0.0,6.7
510411,,,,12.5,,12.5,12.5
510412,,,,0.0,,0.0,0.0
510414,,100.0,,0.0,,14.3,13.3
51A000,50.0,,0.0,0.0,100.0,0.0,17.6
520304,,,,33.3,,100.0,66.7
520308,,,,0.0,,0.0,0.0
520320,33.3,,75.0,,0.0,,36.4
520324,,,,0.0,,75.0,37.5
520328,,,,0.0,,0.0,0.0
520336,,,,0.0,,25.0,12.5
530302,,100.0,,14.3,,14.3,20.0
530306,0.0,,,,,,0.0
530308,,100.0,,0.0,,28.6,20.0
530312,,100.0,,0.0,,14.3,13.3
530314,,0.0,,12.5,,25.0,17.6
530320,,100.0,,14.3,,28.6,26.7
530335,100.0,,100.0,,33.3,,66.7
530336,16.7,100.0,0.0,,0.0,,10.0
530340,,100.0,,0.0,,14.3,13.3
530341,,0.0,,12.5,,25.0,17.6
530343,20.0,100.0,60.0,,80.0,,56.3
530346,,100.0,,0.0,,0.0,6.7
530354,,100.0,,0.0,,14.3,13.3
530356,,0.0,,14.3,,28.6,20.0
540304,,100.0,,0.0,,66.7,38.5
540308,,100.0,,0.0,,14.3,13.3
540312,,,,71.4,,28.6,50.0
540315,100.0,,0.0,,100.0,,66.7
540316,,100.0,,0.0,,20.0,18.2
540317,100.0,,0.0,,0.0,,33.3
540318,0.0,,,0.0,,100.0,33.3
540320,,,,0.0,,50.0,25.0
540324,60.0,,75.0,,0.0,,46.2
540325,,,,0.0,,50.0,25.0
540326,,,,0.0,,0.0,0.0
540328,,100.0,,0.0,,66.7,38.5
540330,,,,0.0,,75.0,37.5
540336,80.0,,100.0,,25.0,,66.7
540338,,,,0.0,,100.0,50.0
540340,,,,0.0,,25.0,12.5
540344,,,,14.3,,42.9,28.6
54A000,,,,0.0,,0.0,0.0
550312,,100.0,,0.0,,0.0,20.0
550314,,,,0.0,,25.0,12.5
550316,,0.0,,50.0,,75.0,55.6
550320,0.0,,0.0,,0.0,,0.0
550322,,,,28.6,,42.9,35.7
550328,,,,0.0,,0.0,0.0
550332,80.0,,50.0,,100.0,,76.9
550334,,,,12.5,,25.0,18.8
550336,,,,0.0,,0.0,0.0
550340,,,,0.0,,0.0,0.0
550342,,,,0.0,,0.0,0.0
550344,0.0,,66.7,,100.0,,55.6
550349,,,,0.0,,0.0,0.0
550350,,,,0.0,,20.0,10.0
550356,,,,0.0,,25.0,12.5
550360,,,,0.0,,33.3,16.7
550362,,,,0.0,,25.0,12.5
550364,,,,0.0,,66.7,33.3
550368,0.0,,66.7,,25.0,,27.3
550372,,,,0.0,,0.0,0.0
55A000,50.0,,0.0,0.0,0.0,0.0,5.6
560304,,,,0.0,,0.0,0.0
560316,,100.0,,0.0,,0.0,9.1
560320,33.3,,0.0,,0.0,,10.0
560324,100.0,0.0,,25.0,100.0,25.0,36.4
560328,,,,0.0,,0.0,0.0
560329,100.0,,0.0,,,,50.0
560330,,,,66.7,,83.3,75.0
560331,,,,0.0,,16.7,8.3
560332,,,,100.0,,100.0,100.0
560338,,100.0,,0.0,,0.0,9.1
560350,100.0,,,,,,100.0
570306,,,,0.0,,75.0,37.5
570312,,,,100.0,,100.0,100.0
570317,100.0,,0.0,,0.0,,33.3
570318,100.0,,100.0,,0.0,,66.7
570319,,,,0.0,,0.0,0.0
570320,,,,0.0,,0.0,0.0
580312,,,,20.0,,20.0,20.0
580316,,,,33.3,,100.0,66.7
580324,,,,66.7,,66.7,66.7
580344,0.0,,0.0,,50.0,,16.7
580356,,,,100.0,,66.7,83.3
580368,50.0,,25.0,,0.0,,25.0
580372,,,,0.0,,0.0,0.0
58B000,100.0,,50.0,0.0,100.0,100.0,70.0
590306,,100.0,,0.0,,25.0,22.2
590310,,,,0.0,,33.3,16.7
590316,,,,0.0,,75.0,37.5
590320,,100.0,,0.0,,100.0,55.6
590328,0.0,,0.0,,100.0,,33.3
590330,0.0,0.0,80.0,,80.0,,50.0
590332,,,,0.0,,100.0,50.0
590336,,,,0.0,,50.0,25.0
590340,,,,66.7,,33.3,50.0
590344,,,,33.3,,100.0,66.7
590352,,,,0.0,,25.0,12.5
590356,,,,66.7,,50.0,58.3
590393,,,,33.3,,66.7,50.0
600300,,100.0,,14.3,,57.1,40.0
600301,,100.0,,37.5,,62.5,52.9
600302,37.5,100.0,42.9,,0.0,,30.4
600305,,,,0.0,,12.5,6.3
600308,,0.0,,0.0,,0.0,0.0
600311,,,,0.0,,0.0,0.0
600312,0.0,100.0,16.7,,16.7,,15.8
600313,,100.0,,66.7,,33.3,52.6
600314,,0.0,,0.0,,0.0,0.0
600316,,,,0.0,,0.0,0.0
600317,,0.0,,62.5,,37.5,47.1
600318,,0.0,,16.7,,16.7,15.4
600319,,100.0,,0.0,,42.9,26.7
600322,,0.0,,0.0,,0.0,0.0
600328,,,,0.0,,0.0,0.0
600329,,100.0,,33.3,,33.3,38.5
600333,,0.0,,14.3,,42.9,26.7
600334,0.0,,50.0,,,,25.0
600336,,,,0.0,,0.0,0.0
600338,,0.0,,0.0,,0.0,0.0
600341,0.0,100.0,0.0,16.7,0.0,16.7,17.6
600344,,0.0,,42.9,,0.0,20.0
600345,,100.0,,22.2,,22.2,26.3
600346,,0.0,,0.0,,14.3,6.7
600349,,100.0,,14.3,,14.3,20.0
600351,,0.0,,33.3,,16.7,23.1
600352,,100.0,,14.3,,28.6,26.7
600353,,,,37.5,,25.0,31.3
600357,,100.0,,0.0,,0.0,9.1
600361,14.3,100.0,57.1,,14.3,,31.8
600362,,100.0,,0.0,,0.0,9.1
600364,,,0.0,,0.0,,0.0
600365,,100.0,,0.0,,0.0,9.1
600366,,0.0,,0.0,,0.0,0.0
600367,,,,0.0,,20.0,10.0
600368,,100.0,,0.0,,16.7,15.4
600369,,100.0,,12.5,,12.5,17.6
600374,,,,0.0,,0.0,0.0
600377,0.0,0.0,20.0,,25.0,,13.6
600379,,,,0.0,,0.0,0.0
600381,,0.0,,57.1,,28.6,40.0
600382,,100.0,,0.0,,0.0,5.9
600383,,0.0,,14.3,,14.3,13.3
600384,,,,0.0,,0.0,0.0
600385,,100.0,,0.0,,14.3,13.3
600386,,,0.0,,0.0,,0.0
600392,,0.0,,14.3,,0.0,6.7
600394,,0.0,,22.2,,22.2,21.1
600397,0.0,100.0,71.4,,16.7,,33.3
600398,,100.0,,20.0,,0.0,18.2
600399,,0.0,,14.3,,14.3,13.3
600404,0.0,,100.0,,,,50.0
600405,16.7,0.0,66.7,,16.7,,31.6
600406,,100.0,,37.5,,50.0,47.1
600408,,100.0,,71.4,,71.4,73.3
600409,,,,33.3,,0.0,16.7
600410,,100.0,,80.0,,40.0,63.6
600411,,,,0.0,,0.0,0.0
600412,,100.0,,0.0,,0.0,9.1
600413,,,,0.0,,0.0,0.0
600414,,100.0,,0.0,,16.7,15.4
600415,0.0,100.0,83.3,,66.7,,52.6
600416,,0.0,,0.0,,0.0,0.0
600418,,,,0.0,,0.0,0.0
600420,,100.0,,0.0,,0.0,6.7
600422,,100.0,,33.3,,33.3,38.5
600424,,100.0,,0.0,,12.5,11.8
600426,0.0,100.0,14.3,,0.0,,8.3
600428,,0.0,,0.0,,16.7,7.7
600429,,100.0,,0.0,,0.0,7.7
600431,,,,22.2,,11.1,16.7
600432,,100.0,,0.0,,16.7,15.4
600433,,0.0,,0.0,,0.0,0.0
600434,,100.0,,37.5,,37.5,41.2
600435,,,,0.0,,0.0,0.0
600436,,100.0,,14.3,,14.3,20.0
600437,,100.0,,0.0,,14.3,13.3
600438,,100.0,,0.0,,0.0,6.7
600439,,,,0.0,0.0,0.0,0.0
600440,,100.0,,0.0,,14.3,13.3
600442,,100.0,,14.3,,14.3,20.0
600443,0.0,,50.0,,,,25.0
600444,,0.0,,0.0,,0.0,0.0
600445,0.0,100.0,33.3,,0.0,,15.0
600446,,0.0,,0.0,,20.0,9.1
600447,,100.0,,0.0,,0.0,6.7
600448,,100.0,,66.7,,50.0,61.5
600449,,100.0,,0.0,,50.0,30.8
600450,,0.0,,87.5,,12.5,47.1
600451,,,,0.0,,16.7,8.3
600453,,0.0,,0.0,,0.0,0.0
600454,,,,0.0,,0.0,0.0
600455,,0.0,,11.1,,33.3,21.1
600457,16.7,0.0,25.0,,16.7,,17.6
600459,,100.0,,0.0,,0.0,11.1
600461,,,,0.0,,66.7,33.3
600462,,,,0.0,,0.0,0.0
600463,,,,0.0,,0.0,0.0
600464,,,,40.0,,40.0,40.0
600466,14.3,0.0,0.0,,28.6,,14.3
600468,,100.0,,0.0,,66.7,38.5
600471,,100.0,,0.0,,0.0,9.1
600474,,100.0,,16.7,,16.7,23.1
600475,,,,33.3,,66.7,50.0
600478,,100.0,,0.0,,0.0,6.7
600479,,100.0,,57.1,,14.3,40.0
600480,14.3,100.0,16.7,,57.1,,33.3
600481,,0.0,,28.6,,42.9,33.3
600482,0.0,,25.0,20.0,25.0,0.0,13.6
600484,,100.0,,14.3,,0.0,13.3
600485,,0.0,,0.0,,16.7,7.7
600488,,0.0,,0.0,,0.0,0.0
600489,,100.0,,0.0,,0.0,14.3
600491,,,,0.0,,0.0,0.0
600492,,,,0.0,,0.0,0.0
600493,,0.0,,0.0,,0.0,0.0
600494,,100.0,,0.0,,0.0,7.7
600496,25.0,0.0,50.0,,0.0,,23.1
600497,,,,0.0,,14.3,7.1
600498,0.0,,,,0.0,,0.0
600499,0.0,,0.0,,100.0,,33.3
600500,,100.0,,14.3,,28.6,26.7
600501,,100.0,,0.0,,33.3,23.1
600503,,100.0,,14.3,,0.0,13.3
600507,,,,0.0,,0.0,0.0
600508,14.3,0.0,50.0,,0.0,,17.6
600509,,0.0,,85.7,,14.3,46.7
600512,,0.0,,14.3,,14.3,13.3
600513,,,,0.0,,12.5,6.3
600514,,100.0,,14.3,,14.3,20.0
600515,,0.0,,0.0,,0.0,0.0
600516,,100.0,,0.0,,14.3,13.3
600517,,100.0,,100.0,,66.7,85.7
600518,,0.0,,22.2,,33.3,26.3
600520,,0.0,,16.7,,16.7,15.4
600521,,100.0,,16.7,,0.0,15.4
600522,,,,16.7,,50.0,33.3
600527,,0.0,,0.0,,20.0,9.1
600530,,,,0.0,,0.0,0.0
600532,,100.0,,11.1,,11.1,15.8
600534,,100.0,,0.0,,0.0,6.7
600535,0.0,0.0,100.0,,14.3,,36.4
600537,,,,25.0,,12.5,18.8
600538,,0.0,,44.4,,11.1,26.3
600545,,100.0,,20.0,,0.0,18.2
600546,,100.0,,0.0,,0.0,9.1
600549,,100.0,,0.0,,16.7,15.4
600550,,100.0,,0.0,,40.0,27.3
600553,,0.0,,0.0,,0.0,0.0
600557,,0.0,,0.0,,40.0,18.2
600558,,100.0,,0.0,,0.0,14.3
600562,,100.0,,16.7,,50.0,38.5
600565,,,,0.0,,0.0,0.0
600566,,100.0,,0.0,,0.0,7.7
600567,,,0.0,,100.0,,33.3
600571,,,,80.0,,40.0,60.0
600574,,,,25.0,,0.0,12.5
600576,0.0,0.0,0.0,,0.0,,0.0
600577,,100.0,,100.0,,0.0,54.5
600579,16.7,0.0,50.0,,0.0,,21.1
600582,,,,0.0,,0.0,0.0
600586,,100.0,,16.7,,16.7,23.1
600587,,100.0,,33.3,,16.7,30.8
600588,,0.0,,0.0,,28.6,13.3
600589,,100.0,,0.0,,0.0,9.1
600590,,100.0,,12.5,,0.0,11.8
600592,0.0,0.0,50.0,,16.7,,21.1
600594,,,0.0,,,,0.0
60302,0.0,,100.0,,100.0,,66.7
60304,,,,0.0,,66.7,33.3
60310,,,,100.0,,100.0,100.0
60316,,,,0.0,,0.0,0.0
60318,,,,100.0,,50.0,75.0
60322,,,,0.0,,0.0,0.0
60328,,0.0,,0.0,,0.0,0.0
60332,,,,0.0,,0.0,0.0
60334,0.0,,,,,,0.0
60700,0.0,,100.0,,,,50.0
60B000,100.0,,0.0,0.0,0.0,0.0,10.0
60D000,0.0,,0.0,50.0,0.0,62.5,40.9
60F000,,,,0.0,,0.0,0.0
60G000,66.7,,0.0,0.0,50.0,0.0,15.8
60I000,100.0,,100.0,0.0,0.0,0.0,33.3
60J000,,,,0.0,,16.7,8.3
60K000,100.0,,0.0,25.0,0.0,25.0,27.3
60L000,,,,0.0,,0.0,0.0
60M000,,,,0.0,,0.0,0.0
60N000,,,,66.7,,66.7,66.7
60P000,,,,0.0,,0.0,0.0
60Q000,,,,0.0,,0.0,0.0
60S000,,,100.0,16.7,50.0,16.7,26.7
60U000,100.0,,100.0,,50.0,,87.5
60V000,100.0,,,0.0,0.0,0.0,22.2
60Y000,,,,0.0,,50.0,25.0
610302,,,,0.0,,0.0,0.0
610310,,0.0,,0.0,,33.3,15.4
610320,,,,0.0,,0.0,0.0
610326,,,,0.0,,20.0,10.0
610332,,,,,0.0,,0.0
610334,66.7,,0.0,,0.0,,22.2
61J000,,,,0.0,,0.0,0.0
61K000,,,,0.0,,100.0,50.0
61L000,100.0,,0.0,,0.0,,66.7
61M000,,,,25.0,,25.0,25.0
61N000,,,,0.0,,0.0,0.0
61P000,,,,0.0,,0.0,0.0
61Q000,,,,16.7,,16.7,16.7
61R000,,0.0,,0.0,,0.0,0.0
61U000,,,,0.0,,0.0,0.0
620310,100.0,,,,,,100.0
620312,,100.0,,0.0,,0.0,9.1
620314,,0.0,,28.6,,14.3,20.0
620316,100.0,0.0,100.0,,0.0,,66.7
620318,,100.0,,25.0,,50.0,44.4
620324,,,,0.0,,50.0,25.0
620330,,,,0.0,,0.0,0.0
620334,,,,0.0,,0.0,0.0
620339,,,,16.7,,33.3,25.0
620340,0.0,,0.0,,0.0,,0.0
620350,,,,,100.0,,100.0
630308,,,,0.0,,85.7,42.9
630312,,,,33.3,,0.0,16.7
630316,,,,0.0,,75.0,37.5
630317,,,,16.7,,83.3,50.0
630320,,,,0.0,,16.7,8.3
630324,,,,0.0,,0.0,0.0
630328,,,,33.3,,0.0,16.7
630331,,,,0.0,,0.0,0.0
630332,50.0,0.0,25.0,,50.0,,38.5
630336,16.7,,50.0,,0.0,,22.2
630342,,,,0.0,,0.0,0.0
630348,,100.0,,0.0,,0.0,7.7
630350,,,,12.5,,0.0,6.3
630356,,,,0.0,,0.0,0.0
630360,80.0,,100.0,,0.0,,57.1
630364,,,,0.0,,0.0,0.0
630368,,,,75.0,,100.0,87.5
630373,,,,0.0,,0.0,0.0
630374,,,,0.0,,0.0,0.0
630376,,,,0.0,,0.0,0.0
63A000,,,,0.0,,50.0,25.0
63B000,,,,0.0,,33.3,16.7
640304,,100.0,,0.0,,14.3,13.3
640306,,,,0.0,,0.0,0.0
640308,,100.0,,0.0,,16.7,15.4
640316,,,,25.0,,25.0,25.0
640320,,,,0.0,,16.7,8.3
640324,,100.0,,0.0,,33.3,23.1
640326,,,,0.0,,0.0,0.0
640328,,,,0.0,,0.0,0.0
640329,,,,0.0,,16.7,8.3
640332,,100.0,,0.0,,0.0,11.1
640334,,,,0.0,,0.0,0.0
640335,,,,0.0,,0.0,0.0
640336,,100.0,,0.0,,0.0,7.7
640340,0.0,,,,,,0.0
640346,40.0,,75.0,,0.0,,35.7
640347,100.0,,0.0,,0.0,,33.3
640348,,,,0.0,,40.0,20.0
640350,0.0,,0.0,,0.0,,0.0
640358,,,,0.0,,62.5,31.3
640361,40.0,,0.0,,0.0,,13.3
640362,,0.0,,42.9,,85.7,60.0
640364,83.3,100.0,16.7,,0.0,,36.8
640376,,,,0.0,,0.0,0.0
640384,,,,0.0,,0.0,0.0
64A000,0.0,,0.0,0.0,100.0,0.0,15.8
650304,,100.0,,60.0,,20.0,45.5
650308,,,,0.0,,0.0,0.0
650309,,,,0.0,,0.0,0.0
650310,,,,85.7,,71.4,78.6
650312,,,,0.0,,0.0,0.0
650316,,100.0,,0.0,,14.3,13.3
650323,,,,0.0,,25.0,12.5
650324,,,,0.0,,50.0,25.0
650325,,,,12.5,,12.5,12.5
650326,50.0,100.0,33.3,,0.0,,31.6
650327,83.3,100.0,0.0,,0.0,,31.6
650328,,,,0.0,,0.0,0.0
650332,,,,16.7,,66.7,41.7
650338,,,,20.0,,60.0,40.0
650339,,,,0.0,,33.3,16.7
650340,100.0,,100.0,,100.0,,100.0
650341,,,,0.0,,40.0,20.0
650342,16.7,0.0,0.0,,16.7,,11.1
650343,,,,0.0,,0.0,0.0
650345,,,,100.0,,0.0,50.0
650346,,100.0,,0.0,,40.0,27.3
650348,,100.0,,0.0,,50.0,30.8
650350,,,,14.3,,28.6,21.4
650351,,,,25.0,,50.0,37.5
650352,85.7,0.0,33.3,,0.0,,40.0
650353,,,,0.0,,0.0,0.0
650354,,,,0.0,,0.0,0.0
650355,100.0,,,,,,100.0
650356,,,,0.0,,0.0,0.0
650362,,,,16.7,,0.0,8.3
650364,,,,0.0,,14.3,7.1
650366,,,,0.0,,0.0,0.0
650368,,0.0,,0.0,,0.0,0.0
650380,,,,0.0,,66.7,33.3
650384,,,,0.0,,0.0,0.0
650392,,0.0,,14.3,,14.3,13.3
650394,100.0,,0.0,,100.0,,50.0
650400,,100.0,,80.0,,80.0,81.8
650404,,100.0,,0.0,,14.3,13.3
650408,,,,0.0,,100.0,50.0
65A000,,,,0.0,,0.0,0.0
65B000,,,,0.0,,0.0,0.0
65C000,,,,0.0,,33.3,16.7
65D000,,,,100.0,,50.0,75.0
65F000,,,,0.0,,0.0,0.0
65G000,,,,0.0,,25.0,12.5
660306,,,,0.0,,100.0,50.0
660308,,,,0.0,,0.0,0.0
660320,,,,66.7,,33.3,50.0
660325,,,,0.0,,0.0,0.0
660336,0.0,,0.0,,0.0,,0.0
660360,,,,0.0,,0.0,0.0
66A000,0.0,,100.0,20.0,0.0,0.0,18.8
670304,,,,28.6,,14.3,21.4
670308,,,,0.0,,16.7,8.3
670310,,,,0.0,,0.0,0.0
670312,,,,0.0,,33.3,16.7
670314,,,,0.0,,80.0,40.0
670318,,,,28.6,,14.3,21.4
670320,0.0,,0.0,,33.3,,11.1
670321,,,,0.0,,0.0,0.0
670322,,,,0.0,,57.1,28.6
670323,,,,0.0,,16.7,8.3
670324,66.7,,50.0,,50.0,,55.6
670325,,,,25.0,,12.5,18.8
670329,,,,14.3,,14.3,14.3
670330,,,,14.3,,28.6,21.4
670331,,,,0.0,,57.1,28.6
670332,,,,0.0,,16.7,8.3
670333,0.0,,100.0,,16.7,,35.3
670335,,,,0.0,,0.0,0.0
670336,,,,0.0,,42.9,21.4
670338,,,,50.0,,33.3,41.7
670339,,,,14.3,,0.0,7.1
670340,0.0,,100.0,,25.0,,33.3
670341,,,,16.7,,16.7,16.7
670342,,,,20.0,,80.0,50.0
670343,,,,0.0,,0.0,0.0
670344,20.0,,0.0,,0.0,,7.1
670345,,,,14.3,,28.6,21.4
670346,,,,0.0,,33.3,16.7
670347,,,,0.0,,16.7,8.3
670350,,,,0.0,,80.0,40.0
670351,,,,14.3,,71.4,42.9
670352,50.0,,0.0,,75.0,,41.7
670356,,,,14.3,,28.6,21.4
670364,75.0,,50.0,,28.6,,46.7
67B000,,,,0.0,,33.3,16.7
680304,,0.0,,14.3,,28.6,20.0
680308,,100.0,,0.0,,14.3,13.3
680310,50.0,100.0,100.0,,33.3,,60.0
680312,,,,0.0,,50.0,25.0
680316,,,,12.5,,12.5,12.5
680324,,100.0,,0.0,,0.0,7.7
680327,,,,0.0,,28.6,14.3
680328,,0.0,,0.0,,0.0,0.0
680329,,,,0.0,,0.0,0.0
680330,,100.0,,0.0,,0.0,7.7
680332,16.7,100.0,83.3,,16.7,,42.1
680335,0.0,,,,,,0.0
680336,,,,0.0,,0.0,0.0
681300,,0.0,,0.0,,14.3,6.7
681304,,100.0,,0.0,,40.0,27.3
681305,33.3,100.0,0.0,,0.0,,18.2
681308,100.0,0.0,80.0,,25.0,,61.9
681309,,0.0,,11.1,,11.1,10.5
681310,,100.0,,16.7,,50.0,38.5
681311,,100.0,,0.0,,0.0,11.1
681312,,100.0,,0.0,,0.0,7.7
681314,0.0,100.0,16.7,,0.0,,9.5
681316,,100.0,,40.0,,20.0,36.4
681320,,100.0,,20.0,,20.0,27.3
681322,,100.0,,33.3,,33.3,36.8
681324,,100.0,,22.2,,22.2,26.3
681326,,100.0,,0.0,,42.9,26.7
681330,,0.0,,0.0,,0.0,0.0
681332,,100.0,,0.0,,33.3,23.1
681334,,100.0,,50.0,,33.3,46.2
681336,,0.0,,11.1,,11.1,10.5
681338,0.0,,,,,,0.0
68A000,,,,0.0,0.0,50.0,16.7
68C000,,,,100.0,,0.0,50.0
690312,,,,0.0,,40.0,20.0
690316,,,,0.0,,0.0,0.0
690320,100.0,,100.0,,0.0,,66.7
69A000,100.0,,,0.0,100.0,0.0,20.0
700306,,,,75.0,,50.0,62.5
700308,,,,14.3,,28.6,21.4
700314,,,,0.0,,100.0,50.0
700316,,,,0.0,,0.0,0.0
700317,0.0,,0.0,,0.0,,0.0
700318,,0.0,,0.0,,0.0,0.0
700319,0.0,,75.0,,0.0,,25.0
700320,,,,20.0,,20.0,20.0
700322,,,,16.7,,50.0,33.3
700324,,,,0.0,,25.0,12.5
700328,,,,0.0,,50.0,25.0
70302,,0.0,,,,,0.0
70308,,,,0.0,,0.0,0.0
70310,33.3,,,,,,33.3
70311,0.0,,0.0,,0.0,,0.0
70325,,,,16.7,,66.7,41.7
70326,,0.0,,0.0,,0.0,0.0
70327,,0.0,,0.0,,0.0,0.0
70328,,0.0,,0.0,,14.3,6.7
70329,,,,0.0,,16.7,8.3
70330,33.3,,66.7,,0.0,,33.3
70338,,,,28.6,,28.6,28.6
70339,0.0,,33.3,,25.0,,18.2
70340,,,,100.0,,0.0,50.0
70342,83.3,0.0,100.0,,40.0,,70.6
70A000,,,100.0,0.0,0.0,0.0,14.3
710312,,0.0,,0.0,,16.7,7.7
710316,,,,50.0,,83.3,66.7
710318,,100.0,,0.0,,0.0,6.7
710320,,,,0.0,,71.4,35.7
710321,80.0,,80.0,,0.0,,53.3
710323,,,,0.0,,33.3,16.7
710324,,0.0,,0.0,,16.7,7.7
710326,50.0,,100.0,,50.0,,66.7
710327,100.0,,100.0,,0.0,,60.0
710328,,,,0.0,,0.0,0.0
710332,,100.0,,0.0,,100.0,54.5
710342,50.0,,0.0,,0.0,,18.2
710344,,,,0.0,,100.0,50.0
710346,,,,60.0,,100.0,80.0
710347,,,,33.3,,33.3,33.3
710348,,,,0.0,,66.7,33.3
720312,,,,0.0,,40.0,20.0
720316,0.0,,100.0,,0.0,,36.4
720320,,,,0.0,,20.0,10.0
730332,,,,0.0,,20.0,10.0
730334,,,,0.0,,0.0,0.0
730340,,,,0.0,,25.0,12.5
730344,,,,50.0,,16.7,33.3
730348,,,,0.0,,0.0,0.0
730350,,,,,100.0,,100.0
730352,100.0,,100.0,,0.0,,66.7
730354,,,,0.0,,20.0,10.0
730356,,,,0.0,,25.0,12.5
730360,,,,42.9,,57.1,50.0
730368,,,,0.0,,33.3,16.7
73A000,,,,0.0,,0.0,0.0
73B000,0.0,,50.0,100.0,50.0,0.0,40.0
740302,,,,14.3,,14.3,14.3
740304,,,,16.7,,16.7,16.7
740308,,,,16.7,,83.3,50.0
740309,75.0,,50.0,,0.0,,41.7
740310,,100.0,,0.0,,20.0,18.2
740320,,,,0.0,,80.0,40.0
740324,,,,0.0,,14.3,7.1
740330,,,,0.0,,0.0,0.0
740332,,,,14.3,,71.4,42.9
740333,16.7,0.0,0.0,,0.0,,5.3
740334,,,,0.0,,100.0,50.0
740336,,100.0,,0.0,,16.7,15.4
740337,,,,42.9,,57.1,50.0
740338,,,,0.0,,0.0,0.0
740340,,,,0.0,,16.7,8.3
740344,0.0,,100.0,,0.0,,33.3
740352,,,,16.7,,16.7,16.7
740358,,100.0,,14.3,,57.1,40.0
740362,,,,22.2,,11.1,16.7
740366,60.0,,0.0,,0.0,,21.4
740368,,,,0.0,,25.0,12.5
740374,0.0,0.0,0.0,,20.0,,6.3
740375,,100.0,,0.0,,20.0,18.2
740376,,100.0,,14.3,,28.6,26.7
740379,,,,0.0,,20.0,10.0
740380,,,,0.0,,100.0,50.0
740386,,,,0.0,,28.6,14.3
740388,0.0,,40.0,,0.0,,13.3
740390,,,,0.0,,0.0,0.0
740396,,,,0.0,,0.0,0.0
740400,,,,0.0,,33.3,16.7
740402,,,,42.9,,57.1,50.0
740404,,0.0,,0.0,,55.6,26.3
740500,,,100.0,,100.0,,100.0
74B000,,,,0.0,,0.0,0.0
74C000,,,,0.0,,50.0,25.0
74Z000,,,,0.0,,100.0,50.0
750304,,,,0.0,,25.0,12.5
750314,,,,0.0,,33.3,16.7
750317,100.0,,,,,,100.0
750318,66.7,,0.0,,0.0,,22.2
750319,,,,60.0,,60.0,60.0
750320,,,,0.0,,100.0,50.0
750328,,,,0.0,,0.0,0.0
760304,,100.0,,25.0,,0.0,22.2
760308,,,,0.0,,66.7,33.3
760316,,,,0.0,,25.0,12.5
760318,25.0,0.0,50.0,,0.0,,23.1
760320,,,,0.0,,0.0,0.0
760324,,,,0.0,,0.0,0.0
760328,,,,0.0,,0.0,0.0
760329,,,,0.0,,0.0,0.0
760330,,,,25.0,,100.0,62.5
760331,,,,0.0,,0.0,0.0
760332,,0.0,,0.0,,0.0,0.0
760336,,100.0,,0.0,,40.0,27.3
760338,,,,28.6,,28.6,28.6
760339,66.7,,100.0,,0.0,,55.6
760340,,100.0,,0.0,,16.7,15.4
760344,,100.0,,0.0,,0.0,9.1
760348,50.0,0.0,50.0,,100.0,,61.5
760352,,100.0,,25.0,,62.5,47.1
760354,100.0,,100.0,,100.0,,100.0
760356,,,,0.0,,0.0,0.0
760357,,,,12.5,,12.5,12.5
760358,25.0,100.0,0.0,,0.0,,15.4
760359,,100.0,,16.7,,16.7,23.1
760360,,,,16.7,,16.7,16.7
760364,,,,0.0,,100.0,50.0
760368,,,,33.3,,0.0,16.7
760376,,,,0.0,,50.0,25.0
760378,,,,16.7,,50.0,33.3
760380,33.3,,66.7,,0.0,,33.3
760382,,,,0.0,,0.0,0.0
760388,0.0,,66.7,,0.0,,22.2
761304,0.0,0.0,66.7,,57.1,,38.1
761308,,0.0,,12.5,,62.5,35.3
761312,,100.0,,80.0,,100.0,90.9
761320,,100.0,,0.0,,71.4,40.0
761321,,100.0,,0.0,,0.0,9.1
761328,,100.0,,0.0,,16.7,15.4
761332,,0.0,,0.0,,28.6,13.3
761336,,0.0,,14.3,,14.3,13.3
76A000,50.0,,0.0,0.0,0.0,0.0,7.1
770310,,100.0,,0.0,,28.6,20.0
770316,,,,14.3,,14.3,14.3
770318,,,,20.0,,40.0,30.0
770328,,,,28.6,,14.3,21.4
770340,,,,0.0,,0.0,0.0
770342,0.0,,,,,,0.0
770344,,100.0,,14.3,,85.7,53.3
770346,,,,0.0,,60.0,30.0
770348,0.0,,83.3,,16.7,,33.3
770349,0.0,,100.0,,100.0,,83.3
770360,,,,14.3,,71.4,42.9
770364,,,,83.3,,66.7,75.0
770368,,,,20.0,,80.0,50.0
770370,,,,0.0,,0.0,0.0
780320,,,,0.0,,100.0,50.0
780322,,100.0,,100.0,,66.7,85.7
780324,,,,0.0,,40.0,20.0
780325,20.0,,0.0,,50.0,,21.4
780326,,,,0.0,,16.7,8.3
780328,,,,0.0,,50.0,25.0
780329,,0.0,,0.0,,0.0,0.0
780330,,0.0,,0.0,,25.0,11.8
780336,,100.0,,11.1,,66.7,42.1
780340,,,,83.3,,66.7,75.0
780341,,,,0.0,,12.5,6.3
780342,12.5,0.0,42.9,,25.0,,25.0
780344,,100.0,,87.5,,87.5,88.2
780352,,,,0.0,,0.0,0.0
780356,,,,25.0,,25.0,25.0
780360,,,,0.0,,0.0,0.0
780364,,,,0.0,,25.0,12.5
780368,,,,28.6,,42.9,35.7
780374,,100.0,,0.0,,66.7,38.5
780376,,0.0,,0.0,,0.0,0.0
780384,,,,25.0,,0.0,12.5
780385,100.0,,0.0,,100.0,,66.7
780390,,,,0.0,,25.0,12.5
780391,20.0,0.0,80.0,,80.0,,56.3
780392,,100.0,,0.0,,0.0,9.1
780393,,0.0,,0.0,,0.0,0.0
780394,,,,0.0,,40.0,20.0
780396,,,,25.0,,0.0,12.5
780398,,100.0,,0.0,,0.0,14.3
780400,,100.0,,0.0,,12.5,11.8
780401,42.9,0.0,0.0,,0.0,,15.0
780402,0.0,,75.0,,50.0,,45.5
780403,,0.0,,37.5,,37.5,35.3
780407,,,,0.0,,0.0,0.0
780410,,,,0.0,,0.0,0.0
780412,,100.0,,0.0,,0.0,7.7
780416,,,,0.0,,0.0,0.0
780417,,,,0.0,,33.3,16.7
780420,0.0,,75.0,,20.0,,30.8
78A000,,,,0.0,,33.3,16.7
78B000,,,,50.0,,100.0,75.0
790302,,,,0.0,,100.0,50.0
790310,,,,0.0,,0.0,0.0
790314,80.0,,0.0,,25.0,,38.5
790318,,,,0.0,,25.0,12.5
790327,,100.0,,0.0,,0.0,7.7
790330,,,,12.5,,25.0,18.8
790344,,,,33.3,,33.3,33.3
790347,,,,0.0,,0.0,0.0
790350,,,,0.0,,20.0,10.0
790354,80.0,0.0,0.0,,0.0,,26.7
790362,,,,0.0,,0.0,0.0
790366,50.0,,100.0,,60.0,,66.7
790374,,,,0.0,,50.0,25.0
790378,50.0,,0.0,,0.0,,18.2
790379,0.0,,0.0,,0.0,,0.0
790380,,,,0.0,,33.3,16.7
790386,,,,0.0,,0.0,0.0
790390,,,,0.0,,0.0,0.0
790394,,,,12.5,,75.0,43.8
790398,,,,50.0,,75.0,62.5
790402,,100.0,,14.3,,0.0,13.3
79A000,,,,25.0,,75.0,50.0
800312,,,,0.0,,66.7,33.3
800314,,,,0.0,,0.0,0.0
800315,,,,0.0,,25.0,12.5
800316,,100.0,,0.0,,0.0,9.1
800320,,,,16.7,,83.3,50.0
800328,,,,71.4,,14.3,42.9
800340,100.0,,0.0,,100.0,,72.7
800346,,100.0,,0.0,,0.0,9.1
800347,,,,0.0,,0.0,0.0
800348,,,,0.0,,0.0,0.0
800352,,,,0.0,,0.0,0.0
800356,,,,0.0,,0.0,0.0
800358,,0.0,,0.0,,20.0,9.1
800359,,0.0,,0.0,,0.0,0.0
800360,,100.0,,0.0,,0.0,6.7
800361,20.0,0.0,100.0,,50.0,,50.0
800362,,100.0,,0.0,,50.0,30.8
800363,,,,0.0,,12.5,6.3
800364,,0.0,,100.0,,66.7,76.9
800366,,,,0.0,,0.0,0.0
800368,,,,0.0,,0.0,0.0
800372,,,,0.0,,25.0,12.5
800373,,100.0,,0.0,,16.7,15.4
800376,75.0,,75.0,,0.0,,50.0
800377,,,,0.0,,12.5,6.3
800392,,,,0.0,,0.0,0.0
800394,100.0,,0.0,,100.0,,71.4
800396,20.0,100.0,20.0,,0.0,,18.8
800398,,0.0,,0.0,,28.6,13.3
800400,60.0,0.0,0.0,,0.0,,21.4
800408,80.0,0.0,0.0,,0.0,,25.0
800410,,,,0.0,,0.0,0.0
80311,100.0,,100.0,,0.0,,66.7
80312,0.0,,0.0,,66.7,,22.2
80314,,,,20.0,,80.0,50.0
80348,,,,0.0,,0.0,0.0
80356,,,,0.0,,33.3,16.7
80360,,,,0.0,,0.0,0.0
80362,,,,0.0,,0.0,0.0
810324,33.3,,75.0,,0.0,,36.4
810326,,,,28.6,,71.4,50.0
810328,,,,0.0,,100.0,50.0
810336,,,,16.7,,33.3,25.0
810340,0.0,,33.3,,66.7,,33.3
810342,,,,71.4,,42.9,57.1
810344,,,,0.0,,100.0,50.0
810350,,,,0.0,,0.0,0.0
810360,,,,0.0,,25.0,12.5
810364,,,,66.7,,33.3,50.0
810370,,,,0.0,,0.0,0.0
810378,,,,0.0,,71.4,35.7
810384,0.0,,100.0,,25.0,,36.4
810385,100.0,,100.0,,0.0,,60.0
810386,66.7,,,,,,66.7
810388,,,,0.0,,0.0,0.0
810396,,,,0.0,,0.0,0.0
810400,,,,33.3,,100.0,66.7
81A000,0.0,,0.0,16.7,0.0,33.3,16.7
81B000,,,,0.0,,66.7,33.3
820312,,,,0.0,,60.0,30.0
820320,,100.0,,20.0,,100.0,63.6
820324,100.0,,100.0,,100.0,,100.0
820340,,100.0,,0.0,,40.0,27.3
820346,,100.0,,0.0,,16.7,15.4
820347,,0.0,,14.3,,85.7,46.7
820348,0.0,0.0,100.0,,100.0,,61.5
820349,50.0,,66.7,,0.0,,40.0
820350,,0.0,,0.0,,40.0,18.2
820352,50.0,0.0,100.0,,0.0,,46.2
820354,,0.0,,75.0,,75.0,70.6
820364,,,,0.0,,66.7,33.3
820370,,0.0,,28.6,,28.6,26.7
820372,,,,42.9,,42.9,42.9
820376,,100.0,,0.0,,16.7,15.4
820384,,100.0,,0.0,,0.0,7.7
820385,,0.0,,0.0,,100.0,46.2
820388,100.0,100.0,100.0,,0.0,,71.4
821304,,100.0,,0.0,,50.0,30.8
821308,0.0,100.0,100.0,,100.0,,66.7
821316,,0.0,,,,,0.0
821320,,100.0,,14.3,,14.3,20.0
821330,,100.0,,0.0,,71.4,40.0
830304,,,,0.0,,0.0,0.0
830312,,,,0.0,,0.0,0.0
830316,100.0,,,,,,100.0
830320,,,,0.0,,50.0,25.0
830328,,,,0.0,,0.0,0.0
830343,16.7,,33.3,,0.0,,16.7
830348,0.0,,0.0,,100.0,,33.3
830349,,,,16.7,,16.7,16.7
830356,,,,0.0,,0.0,0.0
830360,,,,0.0,,16.7,8.3
830364,,,,0.0,,0.0,0.0
840302,100.0,,0.0,,0.0,,36.4
840303,,,,25.0,,0.0,12.5
840304,,,,0.0,,0.0,0.0
840308,,,,80.0,,20.0,50.0
840310,,100.0,,0.0,,14.3,13.3
840312,,,,33.3,,0.0,16.7
840316,,,,0.0,,0.0,0.0
840320,,,,100.0,,75.0,87.5
840324,,,,0.0,,0.0,0.0
840328,,,,0.0,,0.0,0.0
840332,100.0,,0.0,,0.0,,40.0
840336,,,,0.0,,20.0,10.0
840342,,,,100.0,,100.0,100.0
840344,,,,0.0,,0.0,0.0
840350,,,,0.0,,33.3,16.7
840356,100.0,,33.3,,0.0,,44.4
840358,,,,20.0,,0.0,10.0
840360,,100.0,,0.0,,0.0,11.1
840361,100.0,,100.0,,0.0,,66.7
840368,100.0,,100.0,,100.0,,100.0
840370,0.0,,,,,,0.0
84B000,0.0,,0.0,0.0,100.0,0.0,20.0
850304,,,,0.0,,0.0,0.0
850312,,,,0.0,,0.0,0.0
850314,,,,0.0,,33.3,16.7
850316,,,,0.0,,0.0,0.0
850320,,,,0.0,,0.0,0.0
850324,0.0,,,,,,0.0
850328,,,,0.0,,0.0,0.0
850332,0.0,,66.7,,0.0,,22.2
850336,,,,0.0,,0.0,0.0
850338,,,,0.0,,0.0,0.0
850340,,,,0.0,,100.0,50.0
850342,,,,0.0,,0.0,0.0
850348,,,,0.0,,33.3,16.7
850350,,,,0.0,,0.0,0.0
850352,0.0,,0.0,,66.7,,22.2
850354,,,,0.0,,0.0,0.0
850356,,,,0.0,,0.0,0.0
850358,25.0,,33.3,,25.0,,27.3
850360,100.0,,0.0,,100.0,,60.0
860302,,0.0,,0.0,,0.0,0.0
860306,,0.0,,16.7,,33.3,23.1
860308,,100.0,,0.0,,0.0,9.1
860312,,100.0,,0.0,,0.0,9.1
860316,0.0,,0.0,,66.7,,22.2
860320,,,,0.0,,0.0,0.0
860324,,100.0,,0.0,,33.3,23.1
860326,,,,16.7,,16.7,16.7
860330,,,,0.0,,66.7,33.3
860332,,,,100.0,,0.0,50.0
860336,75.0,,100.0,,0.0,,60.0
860339,,,,0.0,,0.0,0.0
860340,,,,0.0,,80.0,40.0
860344,,100.0,,0.0,,20.0,18.2
860348,,,,0.0,,0.0,0.0
860352,75.0,100.0,100.0,,50.0,,76.9
860354,33.3,,100.0,,0.0,,42.9
860356,,,,0.0,,0.0,0.0
860360,,100.0,,25.0,,0.0,22.2
861304,,100.0,,0.0,,33.3,23.1
861308,0.0,,100.0,,66.7,,55.6
861312,,,,75.0,,75.0,75.0
862310,,0.0,,0.0,,14.3,6.7
862312,66.7,,66.7,,100.0,,77.8
862316,,,,14.3,,71.4,42.9
86T000,100.0,,,20.0,100.0,0.0,35.7
870314,0.0,,33.3,,100.0,,40.0
870318,,,,0.0,,40.0,20.0
870320,,,,0.0,,0.0,0.0
870324,,,,25.0,,25.0,25.0
87A000,,,,0.0,,0.0,0.0
880304,,,,0.0,,0.0,0.0
880308,33.3,,66.7,,0.0,,33.3
880312,,,,14.3,,42.9,28.6
880318,,,,0.0,,20.0,10.0
880320,100.0,,,,,,100.0
880324,,,,0.0,,0.0,0.0
880328,0.0,,50.0,,0.0,,12.5
880330,,,,50.0,,100.0,75.0
880336,,,,0.0,,0.0,0.0
88A000,,,,0.0,,0.0,0.0
890304,100.0,,0.0,,0.0,,33.3
890306,,,,0.0,,75.0,37.5
890308,,,,0.0,,0.0,0.0
900302,,,,25.0,,25.0,25.0
900303,,,,0.0,,0.0,0.0
900304,,100.0,,0.0,,80.0,45.5
900305,,,,0.0,,25.0,12.5
900306,,100.0,,16.7,,0.0,15.4
900307,,100.0,,0.0,,28.6,20.0
900308,,0.0,,57.1,,28.6,40.0
900310,,,,12.5,,12.5,12.5
900311,66.7,,0.0,,33.3,,37.5
900312,,,,0.0,,100.0,50.0
900314,,100.0,,57.1,,57.1,60.0
900316,16.7,0.0,60.0,,83.3,,50.0
900318,,,,0.0,,100.0,50.0
900320,,,,0.0,,16.7,8.3
900328,,,,0.0,,60.0,30.0
900332,,,,0.0,,0.0,0.0
900334,,,,0.0,,66.7,33.3
900336,0.0,0.0,16.7,,0.0,,5.0
900340,,,,0.0,,33.3,16.7
900341,,0.0,,0.0,,16.7,7.7
900342,33.3,100.0,33.3,,16.7,,31.6
900343,,0.0,,25.0,,25.0,23.5
900344,75.0,,100.0,,50.0,,75.0
900346,,,,12.5,,12.5,12.5
900347,,,,0.0,,0.0,0.0
900348,60.0,,33.3,,20.0,,38.5
900350,,,,0.0,,14.3,7.1
900351,,100.0,,0.0,,0.0,9.1
900352,,,,0.0,,25.0,12.5
900353,,,,0.0,,50.0,25.0
900354,,100.0,,0.0,,33.3,23.1
900356,,0.0,,0.0,,0.0,0.0
900358,,,,0.0,,25.0,12.5
900360,66.7,,0.0,,0.0,,22.2
900362,,,,12.5,,0.0,6.3
900363,,0.0,,0.0,,33.3,15.4
900364,,,,0.0,,0.0,0.0
900365,0.0,,,50.0,,0.0,20.0
900366,100.0,,33.3,,0.0,,44.4
900367,100.0,,50.0,,0.0,,42.9
900368,,,,0.0,,25.0,12.5
900370,,100.0,,16.7,,50.0,38.5
900372,,,,0.0,,0.0,0.0
900376,,,,0.0,,0.0,0.0
900377,0.0,,100.0,,0.0,,33.3
900378,,,,100.0,,42.9,71.4
900380,,,,66.7,,100.0,83.3
900384,,,,0.0,,0.0,0.0
900388,,0.0,,0.0,,0.0,0.0
900391,,,,0.0,,42.9,21.4
900393,33.3,,100.0,,100.0,,75.0
90315,,,,33.3,,66.7,50.0
90317,,,,0.0,,0.0,0.0
90318,,,,0.0,,0.0,0.0
90320,,,,0.0,,75.0,37.5
90324,,100.0,,0.0,,0.0,11.1
90328,,,,0.0,,100.0,50.0
90330,75.0,,100.0,,0.0,,58.3
90332,,,,0.0,,85.7,42.9
90333,,,,0.0,,20.0,10.0
90352,,,,0.0,,0.0,0.0
90365,,,,0.0,,0.0,0.0
90368,100.0,,100.0,,20.0,,73.3
90A000,0.0,,0.0,16.7,0.0,0.0,5.6
90B000,,,,0.0,,100.0,50.0
90C000,,,,0.0,,50.0,25.0
910304,,100.0,,0.0,,28.6,20.0
910308,,,,0.0,,33.3,16.7
910311,,,,0.0,,0.0,0.0
910314,,,,0.0,,0.0,0.0
910316,,,,14.3,,14.3,14.3
910340,,,,0.0,,0.0,0.0
910346,,,,0.0,,100.0,50.0
910356,,,,0.0,,0.0,0.0
910360,,,,0.0,,0.0,0.0
910368,33.3,,,,,,33.3
910370,0.0,,25.0,,0.0,,8.3
910376,,,,33.3,,100.0,66.7
910380,,,,0.0,,20.0,10.0
910382,0.0,,100.0,,100.0,,66.7
910384,,,,16.7,,83.3,50.0
91A000,,,,0.0,100.0,100.0,58.3
91B000,,,0.0,0.0,0.0,0.0,0.0
92,,,,0.0,,40.0,20.0
920302,,100.0,,0.0,,28.6,20.0
920303,,100.0,,0.0,,50.0,30.8
920304,,100.0,,0.0,,33.3,23.1
920306,,,,0.0,,16.7,8.3
920307,,100.0,,0.0,,0.0,5.9
920308,,100.0,,0.0,,33.3,23.1
920312,,100.0,,11.1,,11.1,15.8
920316,28.6,100.0,28.6,,0.0,,22.7
920317,40.0,,50.0,,42.9,,44.4
920318,71.4,100.0,57.1,,55.6,,62.5
920320,,100.0,,0.0,,0.0,7.7
920324,0.0,,,,,,0.0
920325,,100.0,,0.0,,0.0,6.7
920326,,100.0,,0.0,,40.0,27.3
920327,,100.0,,0.0,,0.0,7.7
920328,,100.0,,14.3,,14.3,20.0
920329,,100.0,,0.0,,0.0,7.7
920332,,100.0,,0.0,,71.4,40.0
920334,,0.0,,0.0,,0.0,0.0
920336,,100.0,,0.0,,16.7,15.4
920340,,100.0,,0.0,,0.0,6.7
920342,,100.0,,0.0,,0.0,7.7
920344,,100.0,,0.0,,14.3,13.3
920348,28.6,100.0,50.0,,16.7,,35.0
920352,,0.0,,0.0,,0.0,0.0
920356,,,,12.5,,37.5,25.0
920358,,100.0,,0.0,,12.5,11.8
920360,,0.0,,11.1,,44.4,26.3
920362,,100.0,,0.0,,14.3,13.3
920364,,100.0,,0.0,,0.0,6.7
920368,14.3,100.0,37.5,,12.5,,25.0
920369,,0.0,,0.0,,33.3,15.4
920370,,100.0,,0.0,,14.3,13.3
920376,,100.0,,0.0,,12.5,11.8
920380,,,,0.0,,0.0,0.0
920381,,,,0.0,,0.0,0.0
920384,,100.0,,0.0,,0.0,9.1
920388,,0.0,,22.2,,44.4,31.6
920390,,100.0,,0.0,,0.0,9.1
920391,,0.0,,11.1,,22.2,15.8
920393,,100.0,,0.0,,14.3,13.3
920394,,0.0,,11.1,,11.1,10.5
920396,,100.0,,0.0,,0.0,6.7
920398,,100.0,,0.0,,14.3,13.3
920399,,0.0,,11.1,,33.3,21.1
920400,,100.0,,44.4,,66.7,57.9
920402,,0.0,,11.1,,11.1,10.5
920403,,100.0,,33.3,,33.3,38.5
920404,,0.0,,25.0,,37.5,29.4
920408,,0.0,,12.5,,0.0,5.9
920410,,0.0,,0.0,,28.6,13.3
920411,0.0,0.0,0.0,,0.0,,0.0
920412,87.5,100.0,0.0,,12.5,,37.5
920413,,100.0,,0.0,,14.3,13.3
920414,,0.0,,0.0,,37.5,17.6
920415,,0.0,,0.0,,83.3,38.5
920416,,100.0,,16.7,,33.3,30.8
920417,,100.0,,0.0,,0.0,6.7
920420,,0.0,,0.0,,0.0,0.0
920424,,0.0,,12.5,,62.5,35.3
920428,100.0,100.0,16.7,,16.7,,47.4
920436,14.3,0.0,16.7,,0.0,,9.5
920438,,,,0.0,,0.0,0.0
920439,,100.0,,0.0,,0.0,11.1
920440,,0.0,,0.0,,66.7,30.8
920441,100.0,100.0,28.6,,12.5,,50.0
920442,,,,14.3,,14.3,14.3
920443,,0.0,,0.0,,20.0,9.1
920444,,,,12.5,,25.0,18.8
920445,33.3,100.0,50.0,,33.3,,42.1
920446,,100.0,,0.0,,0.0,7.7
920447,,,,0.0,,40.0,20.0
920448,,0.0,,0.0,,83.3,38.5
920449,,,,0.0,,33.3,16.7
920450,,,,11.1,,33.3,22.2
920451,,100.0,,14.3,,14.3,20.0
920452,,,,0.0,,33.3,16.7
920453,,,,0.0,,25.0,12.5
920454,,,,0.0,,0.0,0.0
920455,50.0,,16.7,,83.3,,50.0
920456,,,,0.0,,20.0,10.0
920457,,,,0.0,,16.7,8.3
920458,,0.0,,33.3,,55.6,42.1
920459,,0.0,,0.0,,40.0,18.2
920460,,100.0,,0.0,,71.4,40.0
920464,,100.0,,0.0,,0.0,6.7
920466,57.1,0.0,0.0,,0.0,,18.2
920467,,100.0,,12.5,,12.5,17.6
920468,,0.0,,0.0,,0.0,0.0
920469,,,,0.0,,0.0,0.0
920470,,0.0,,0.0,,66.7,30.8
920471,,,,11.1,,33.3,22.2
920472,,,,11.1,,22.2,16.7
920473,16.7,100.0,0.0,,14.3,,15.0
920474,,0.0,,0.0,,14.3,6.7
920476,,100.0,,0.0,,0.0,7.7
920480,,0.0,,0.0,,0.0,0.0
920484,,,,12.5,,25.0,18.8
920488,,0.0,,0.0,,0.0,0.0
920492,,0.0,,25.0,,62.5,41.2
920494,,100.0,,0.0,,14.3,13.3
920495,33.3,0.0,33.3,,0.0,,20.0
920496,,100.0,,16.7,,0.0,15.4
920500,42.9,100.0,0.0,,0.0,,20.0
920501,,100.0,,0.0,,20.0,18.2
920502,,,,0.0,,44.4,22.2
920504,,100.0,,0.0,,0.0,9.1
920506,,,,28.6,,71.4,50.0
920508,,,,0.0,,0.0,0.0
920512,,0.0,,14.3,,14.3,13.3
920514,,100.0,,0.0,,33.3,23.1
920516,,100.0,,0.0,,0.0,6.7
920520,,100.0,,0.0,,37.5,23.5
920521,,,,16.7,,0.0,8.3
920522,,100.0,,0.0,,0.0,7.7
920523,,,,16.7,,33.3,25.0
920524,,,,0.0,,25.0,12.5
920525,,,,0.0,,25.0,12.5
920526,83.3,0.0,28.6,,25.0,,40.9
920528,0.0,,,,0.0,,0.0
920529,,,,0.0,,0.0,0.0
920530,,100.0,,0.0,,0.0,7.7
920531,,,,33.3,,66.7,50.0
920532,,100.0,,0.0,,25.0,22.2
920533,,100.0,,0.0,,16.7,15.4
920536,,,,0.0,,0.0,0.0
920540,,0.0,,0.0,,0.0,0.0
920542,,100.0,,0.0,,0.0,7.7
920543,,,,0.0,,66.7,33.3
920544,,0.0,,0.0,,40.0,18.2
920545,,0.0,,12.5,,37.5,23.5
920546,0.0,0.0,57.1,,28.6,,27.3
920547,,100.0,,0.0,,0.0,7.7
920548,,,,0.0,,0.0,0.0
920549,,0.0,,11.1,,33.3,21.1
920550,,100.0,,0.0,,0.0,7.7
920551,,100.0,,11.1,,33.3,26.3
920552,28.6,100.0,0.0,,14.3,,19.0
920554,,100.0,,0.0,,14.3,13.3
920556,100.0,,50.0,,100.0,,80.0
920557,,,,0.0,,25.0,12.5
920560,,100.0,,14.3,,14.3,20.0
920562,50.0,0.0,80.0,,57.1,,57.9
920564,,100.0,,0.0,,50.0,33.3
920568,,100.0,,0.0,,0.0,7.7
920569,,,,0.0,,16.7,8.3
920570,,,,0.0,,0.0,0.0
920571,,100.0,,0.0,,12.5,11.8
920572,,,,0.0,,0.0,0.0
920576,,0.0,,0.0,,66.7,30.8
920580,,100.0,,0.0,,0.0,6.7
920581,100.0,,33.3,,66.7,,57.1
920582,100.0,,50.0,,0.0,,40.0
920583,0.0,,100.0,,100.0,,66.7
920584,,,,0.0,,0.0,0.0
920585,,,,75.0,0.0,75.0,66.7
920586,,,,100.0,100.0,100.0,100.0
920588,0.0,100.0,66.7,,50.0,,42.1
920592,,100.0,,11.1,,33.3,26.3
920593,,100.0,,0.0,,14.3,13.3
920594,,,,11.1,,22.2,16.7
920595,66.7,0.0,0.0,,0.0,,21.1
920596,,100.0,,37.5,,37.5,41.2
920597,,0.0,,0.0,,0.0,0.0
920598,,100.0,,25.0,,25.0,29.4
920599,,100.0,,0.0,,0.0,7.7
920600,,100.0,,16.7,,16.7,23.1
920601,,0.0,,0.0,,71.4,33.3
920604,,0.0,,0.0,,44.4,21.1
920606,,100.0,,0.0,,14.3,13.3
920607,,0.0,,12.5,,12.5,11.8
920608,,100.0,,14.3,,28.6,26.7
920614,,,,0.0,,66.7,33.3
920616,,0.0,,14.3,,0.0,6.7
920618,,0.0,,0.0,,0.0,0.0
920620,,100.0,,0.0,,20.0,18.2
920624,,100.0,,0.0,,0.0,7.7
920626,,100.0,,0.0,,0.0,6.7
920628,,100.0,,0.0,,0.0,7.7
920632,,100.0,,0.0,,0.0,7.7
920636,,,,14.3,,28.6,21.4
92B000,,,,0.0,,0.0,0.0
92D000,,,,0.0,,0.0,0.0
92F000,100.0,,0.0,0.0,0.0,66.7,33.3
92G000,100.0,,0.0,0.0,0.0,0.0,11.1
92K000,66.7,,0.0,,0.0,,25.0
92L000,,0.0,,0.0,,40.0,18.2
92M000,,100.0,,0.0,,83.3,46.2
92N000,,,,0.0,,0.0,0.0
92P000,100.0,,0.0,0.0,0.0,66.7,33.3
92Q000,,,,0.0,,0.0,0.0
92R000,,,,0.0,,0.0,0.0
92S000,,,,0.0,,33.3,16.7
92T000,,,0.0,0.0,0.0,33.3,14.3
92U000,100.0,,50.0,,0.0,,50.0
92V000,,,,0.0,,14.3,7.7
92W000,,,,11.1,,33.3,22.2
92Y000,,,,0.0,,60.0,30.0
930330,,,,0.0,,0.0,0.0
930340,,,,0.0,,60.0,30.0
930344,,,,0.0,,0.0,0.0
930348,,,,0.0,,0.0,0.0
930352,100.0,,0.0,,0.0,,33.3
930354,,,,57.1,,14.3,35.7
930700,0.0,,,,,,0.0
93A000,,,,66.7,,100.0,83.3
93J000,,100.0,,0.0,,0.0,33.3
93L000,0.0,,0.0,,0.0,,0.0
93M000,,0.0,,0.0,,85.7,40.0
93N000,,,,0.0,,100.0,50.0
940306,,,,0.0,,0.0,0.0
940314,,,,0.0,,0.0,0.0
940316,100.0,,0.0,,66.7,,55.6
940328,,,,0.0,,50.0,25.0
94Z000,0.0,,0.0,,100.0,,40.0
950308,,,,0.0,,0.0,0.0
950312,,,,25.0,,50.0,37.5
950316,,,,0.0,,0.0,0.0
950320,,,,0.0,,0.0,0.0
950322,,100.0,,0.0,,16.7,15.4
950324,,,,0.0,,0.0,0.0
950328,,,,0.0,,20.0,10.0
950332,,,,0.0,,0.0,0.0
950336,0.0,,75.0,,0.0,,25.0
950338,0.0,,100.0,,0.0,,33.3
95A000,,,,0.0,,0.0,0.0
960312,,100.0,,14.3,,14.3,20.0
960314,,0.0,,0.0,,50.0,23.1
960316,,100.0,,16.7,,0.0,15.4
960318,,,,0.0,,50.0,25.0
960324,16.7,,33.3,,40.0,,29.4
960326,,,,0.0,,0.0,0.0
960329,,100.0,,0.0,,28.6,20.0
960330,0.0,,100.0,,75.0,,53.8
960331,,,,0.0,,14.3,7.1
960332,,,,0.0,,0.0,0.0
960334,,,,0.0,,33.3,16.7
960335,25.0,,0.0,,0.0,,10.0
960336,,100.0,,20.0,,40.0,36.4
960338,,,,0.0,,0.0,0.0
960340,,,,33.3,,0.0,16.7
960344,,100.0,,75.0,,75.0,77.8
960348,,0.0,,28.6,,14.3,20.0
960360,,,,0.0,,0.0,0.0
960370,,100.0,,16.7,,16.7,23.1
960372,0.0,,0.0,,100.0,,33.3
960374,,,,0.0,,16.7,8.3
960380,0.0,100.0,40.0,,83.3,,42.1
960382,,100.0,,28.6,,57.1,46.7
960386,0.0,100.0,100.0,,0.0,,35.7
960387,,0.0,,14.3,,14.3,13.3
960388,,,,0.0,,0.0,0.0
960450,,0.0,,28.6,,42.9,33.3
960454,,100.0,,0.0,,33.3,23.1
960488,,,,0.0,,0.0,0.0
960490,100.0,,0.0,,0.0,,33.3
960700,100.0,,0.0,75.0,100.0,0.0,50.0
96C000,,,,0.0,,33.3,16.7
96F000,,,,33.3,,33.3,33.3
970308,,,,0.0,,100.0,50.0
970310,,,,0.0,,0.0,0.0
970312,,,,0.0,,100.0,50.0
970315,,,,0.0,,0.0,0.0
970320,100.0,,100.0,,33.3,,77.8
970322,,,,60.0,,0.0,30.0
970337,,100.0,,0.0,,0.0,7.7
970340,,100.0,,0.0,,0.0,11.1
970344,,,,0.0,,0.0,0.0
970348,,,,0.0,,0.0,0.0
970352,,100.0,,25.0,,25.0,33.3
970356,0.0,,66.7,,0.0,,22.2
970358,,,,16.7,,33.3,25.0
970360,,100.0,,0.0,,40.0,27.3
970368,,,,0.0,,100.0,50.0
970370,,,,66.7,,100.0,83.3
970376,,,,0.0,,100.0,50.0
970388,0.0,,66.7,,0.0,,22.2
970389,,,,16.7,,83.3,50.0
970390,100.0,,100.0,,75.0,,90.9
970392,,,,0.0,,0.0,0.0
970393,0.0,,100.0,,100.0,,66.7
97D000,,,,0.0,,0.0,0.0
980306,,,,0.0,,0.0,0.0
980308,,0.0,,0.0,,0.0,0.0
980317,,,,80.0,,80.0,80.0
980318,40.0,,80.0,,0.0,,40.0
980320,,,,40.0,,100.0,70.0
980324,,,,50.0,,83.3,66.7
980336,16.7,,75.0,,0.0,,26.7
980338,,,,85.7,,85.7,85.7
980340,,,,20.0,,20.0,20.0
980342,16.7,0.0,40.0,,83.3,,44.4
980344,,100.0,,0.0,,50.0,30.8
980348,,,,0.0,,100.0,50.0
980352,,100.0,,0.0,,50.0,30.8
980356,,0.0,,0.0,,0.0,0.0
980357,,0.0,,25.0,,75.0,44.4
980360,,100.0,,40.0,,80.0,63.6
980364,,100.0,,0.0,,80.0,45.5
980380,,,,28.6,,71.4,50.0
980384,,,,14.3,,71.4,42.9
980388,,0.0,,40.0,,80.0,54.5
980390,,,,28.6,,42.9,35.7
980392,,,,0.0,,100.0,50.0
980396,,,,0.0,,0.0,0.0
980397,,,,,100.0,,100.0
980398,100.0,,100.0,,0.0,,66.7
980400,,0.0,,0.0,,50.0,22.2
98A000,,100.0,,16.7,,83.3,53.8
98B000,,,0.0,0.0,100.0,20.0,16.7
990304,,,,0.0,,60.0,30.0
990308,,,,0.0,,50.0,25.0
990312,,,,0.0,,0.0,0.0
990316,,,,0.0,,0.0,0.0
990320,,,,0.0,,33.3,16.7
990321,,,,0.0,,16.7,8.3
990322,0.0,,100.0,,25.0,,41.7
990324,,,,0.0,,0.0,0.0
990325,,,,0.0,,33.3,16.7
990326,0.0,,0.0,,100.0,,36.4
990328,,100.0,,0.0,,33.3,23.1
990332,100.0,,100.0,,0.0,,50.0
990336,,100.0,,33.3,,0.0,23.1
995304,,,,0.0,,66.7,33.3
995312,,100.0,,0.0,,0.0,7.7
995316,,,,0.0,,0.0,0.0
995320,,,,100.0,,0.0,50.0
995324,,,,0.0,,0.0,0.0
995328,,,,0.0,,0.0,0.0
995330,0.0,,100.0,,0.0,,33.3
995336,,,,0.0,,0.0,0.0
NC-SEA,20.0,100.0,70.0,0.0,20.0,10.0,25.5
