agency_code,pct_met_ACT WorkKeys_PART,pct_met_Biology_PART,pct_met_English II_PART,pct_met_High School Math_PART,pct_met_Math Grades 3-8_PART,pct_met_Reading Grades 3-8_PART,pct_met_Science Grades 5&8_PART,pct_met_The ACT_PART,pct_met_Total Targets_PART
00A000,,0.0,100.0,0.0,14.3,57.1,33.3,0.0,34.3
00B000,,100.0,100.0,100.0,100.0,100.0,100.0,100.0,100.0
010303,,100.0,100.0,100.0,,,,100.0,100.0
010304,,,,,100.0,100.0,100.0,,100.0
010308,,,,,100.0,100.0,100.0,,100.0
010310,,,,,100.0,100.0,100.0,,100.0
010312,,,,,100.0,100.0,100.0,,100.0
010320,,,,,100.0,100.0,100.0,,100.0
010324,100.0,83.3,50.0,100.0,,,,83.3,82.1
010326,,,,,100.0,100.0,100.0,,100.0
010328,,,,,100.0,100.0,100.0,,100.0
010340,,,,,100.0,100.0,100.0,,100.0
010346,,,,,100.0,100.0,100.0,,100.0
010347,,,,,100.0,100.0,100.0,,100.0
010348,0.0,100.0,40.0,100.0,,,,100.0,73.7
010350,,,,,100.0,100.0,100.0,,100.0
010351,,,,,100.0,100.0,100.0,,100.0
010353,,,,,100.0,100.0,100.0,,100.0
010354,,,,,100.0,100.0,100.0,,100.0
010357,,,,,100.0,100.0,100.0,,100.0
010358,,,,,100.0,100.0,100.0,,100.0
010360,100.0,100.0,16.7,100.0,,,,50.0,71.4
010362,,,,,100.0,100.0,100.0,,100.0
010364,,,,,100.0,100.0,100.0,,100.0
010372,,,,,100.0,100.0,100.0,,100.0
010374,,,,,100.0,100.0,100.0,,100.0
010378,,,,,0.0,0.0,,,0.0
010380,,,,,100.0,100.0,100.0,,100.0
010384,,,,,100.0,100.0,100.0,,100.0
010388,100.0,100.0,100.0,100.0,,,,100.0,100.0
010390,,,,,100.0,100.0,100.0,,100.0
010392,,,,,100.0,100.0,100.0,,100.0
010394,,,,,100.0,100.0,100.0,,100.0
010396,100.0,100.0,100.0,83.3,,,,100.0,96.6
010400,100.0,100.0,100.0,100.0,,,,100.0,100.0
010403,,,,,100.0,100.0,80.0,,95.2
010406,,,,,100.0,100.0,100.0,,100.0
01B000,,100.0,100.0,100.0,100.0,100.0,100.0,100.0,100.0
01C000,,100.0,100.0,50.0,100.0,100.0,100.0,100.0,93.8
01D000,,100.0,100.0,100.0,100.0,100.0,100.0,50.0,92.3
020302,100.0,100.0,100.0,100.0,,,,100.0,100.0
020303,,,100.0,,,,,,100.0
020304,,,,,100.0,100.0,100.0,,100.0
020306,,,,,100.0,100.0,100.0,,100.0
020308,,,,,100.0,100.0,100.0,,100.0
020316,,,,,100.0,100.0,100.0,,100.0
020320,,,,,100.0,100.0,100.0,,100.0
020324,,,,,100.0,100.0,100.0,,100.0
020328,,,,,100.0,100.0,100.0,,100.0
020330,,,,,100.0,100.0,100.0,,100.0
020332,,,,,100.0,100.0,100.0,,100.0
030304,100.0,100.0,100.0,100.0,,,,100.0,100.0
030308,,,,,100.0,100.0,100.0,,100.0
030316,,,,,100.0,100.0,100.0,,100.0
030320,,,,,100.0,100.0,100.0,,100.0
040304,,100.0,100.0,100.0,,,,100.0,100.0
040306,100.0,100.0,100.0,100.0,,,,100.0,100.0
040308,,,,,100.0,100.0,,,100.0
040309,,,,,100.0,100.0,100.0,,100.0
040311,,,,,100.0,100.0,,,100.0
040316,,,,,100.0,100.0,100.0,,100.0
040324,,,,,100.0,100.0,100.0,,100.0
040328,,,,,100.0,100.0,100.0,,100.0
040330,,,,,100.0,100.0,100.0,,100.0
050302,100.0,66.7,100.0,100.0,,,,100.0,93.8
050305,,,,,100.0,100.0,100.0,,100.0
050310,,,,,100.0,100.0,100.0,,100.0
050330,,,,,100.0,100.0,100.0,,100.0
050335,,,,,100.0,100.0,100.0,,100.0
060302,100.0,100.0,100.0,100.0,,,,100.0,100.0
060304,,,,,100.0,100.0,,,100.0
060310,,,,,100.0,100.0,100.0,,100.0
060316,,,,,100.0,100.0,100.0,,100.0
060318,,,,,100.0,100.0,100.0,,100.0
060322,,,,,100.0,100.0,100.0,,100.0
060328,,,,,100.0,100.0,100.0,,100.0
060332,,,,,100.0,100.0,,,100.0
060700,100.0,100.0,100.0,100.0,,,,100.0,100.0
06B000,,,,,100.0,100.0,,,100.0
070308,,,,,100.0,100.0,100.0,,100.0
070311,,100.0,100.0,100.0,,,,100.0,100.0
070325,,,,,100.0,100.0,100.0,,100.0
070326,,,,,100.0,100.0,,,100.0
070327,,,,,100.0,100.0,,,100.0
070328,,,,,100.0,100.0,100.0,,100.0
070329,,,,,100.0,100.0,100.0,,100.0
070330,100.0,100.0,100.0,100.0,,,,100.0,100.0
070338,,,,,100.0,100.0,100.0,,100.0
070339,100.0,75.0,100.0,100.0,,,,100.0,94.1
070340,,,,,100.0,100.0,100.0,,100.0
070342,100.0,100.0,83.3,100.0,,,,60.0,88.0
07A000,,,,,100.0,100.0,100.0,,100.0
080311,,100.0,100.0,100.0,,,,100.0,100.0
080312,100.0,100.0,100.0,100.0,,,,100.0,100.0
080314,,,,,100.0,100.0,100.0,,100.0
080348,,,,,100.0,100.0,100.0,,100.0
080356,,,,,100.0,100.0,100.0,,100.0
080360,,,,,100.0,100.0,100.0,,100.0
080362,,,,,100.0,100.0,100.0,,100.0
08A000,,,,,100.0,100.0,,,100.0
090304,,,,,100.0,100.0,,,100.0
090315,,,,,100.0,100.0,100.0,,100.0
090317,,,,,100.0,100.0,,,100.0
090318,,,,,100.0,100.0,,,100.0
090320,,,,,100.0,100.0,100.0,,100.0
090324,,,,,100.0,100.0,,,100.0
090328,,,,,100.0,100.0,100.0,,100.0
090330,100.0,100.0,100.0,100.0,,,,100.0,100.0
090332,,,,,100.0,100.0,100.0,,100.0
090333,,,,,100.0,100.0,,,100.0
090352,,,,,100.0,100.0,,,100.0
090365,,,,,100.0,100.0,100.0,,100.0
090368,100.0,100.0,100.0,100.0,,,,100.0,100.0
09A000,,,,,100.0,100.0,,,100.0
09B000,,,,,100.0,100.0,100.0,,100.0
100302,,,,,100.0,100.0,100.0,,100.0
100304,,,,,100.0,100.0,100.0,,100.0
100307,,100.0,100.0,100.0,,,,100.0,100.0
100309,,,,,100.0,100.0,100.0,,100.0
100310,,,,,100.0,100.0,100.0,,100.0
100316,,,,,100.0,100.0,100.0,,100.0
100320,,,,,100.0,100.0,100.0,,100.0
100326,100.0,100.0,100.0,100.0,,,,100.0,100.0
100332,,,,,100.0,100.0,100.0,,100.0
100334,100.0,100.0,100.0,100.0,,,,66.7,93.8
100335,,,,,100.0,100.0,100.0,,100.0
100336,,,,,100.0,100.0,100.0,,100.0
100338,,,,,100.0,100.0,100.0,,100.0
100339,,,,,100.0,100.0,100.0,,100.0
100340,,,,,100.0,100.0,100.0,,100.0
100342,,,,,100.0,100.0,100.0,,100.0
100344,,,,,100.0,100.0,100.0,,100.0
100348,100.0,100.0,100.0,100.0,,,,100.0,100.0
10A000,,,,,100.0,100.0,100.0,,100.0
10B000,,,,,100.0,100.0,,,100.0
110303,,,,,,,,100.0,100.0
110304,100.0,100.0,100.0,100.0,,,,100.0,100.0
110306,,,,,100.0,100.0,100.0,,100.0
110308,,,,,100.0,100.0,,,100.0
110318,,,,,100.0,100.0,100.0,,100.0
110320,,,,,100.0,100.0,,,100.0
110322,,100.0,100.0,100.0,,,,100.0,100.0
110323,,,,,,,,0.0,0.0
110324,,,,,100.0,100.0,,,100.0
110326,,,,,100.0,100.0,100.0,,100.0
110332,,,,,100.0,100.0,100.0,,100.0
110336,100.0,100.0,100.0,100.0,,,,100.0,100.0
110338,,,,,100.0,100.0,100.0,,100.0
110340,100.0,80.0,100.0,100.0,,,,100.0,95.8
110342,,,,,100.0,100.0,100.0,,100.0
110348,,,,,100.0,100.0,,,100.0
110352,100.0,100.0,100.0,100.0,,,,100.0,100.0
110356,,,,,100.0,100.0,100.0,,100.0
110366,,,,,100.0,100.0,,,100.0
110368,,,,,100.0,100.0,100.0,,100.0
110370,,,,,100.0,100.0,,,100.0
110372,,,,,100.0,100.0,,,100.0
110376,,,,,100.0,100.0,,,100.0
110379,,,,,100.0,100.0,,,100.0
110380,100.0,100.0,100.0,100.0,,,,100.0,100.0
110381,,,,,100.0,100.0,100.0,,100.0
110382,,,,,100.0,100.0,100.0,,100.0
110384,,,,,100.0,100.0,100.0,,100.0
110388,,,,,100.0,100.0,,,100.0
110401,,,,,100.0,100.0,100.0,,100.0
110408,,,,,100.0,100.0,,,100.0
110410,,,,,100.0,100.0,,,100.0
110412,,,,,100.0,100.0,100.0,,100.0
110416,100.0,100.0,100.0,100.0,,,,100.0,100.0
110420,,,,,100.0,100.0,100.0,,100.0
110422,,,,,100.0,100.0,,,100.0
110425,,,,,100.0,100.0,100.0,,100.0
110428,,,,,100.0,100.0,,,100.0
110436,,,,,100.0,100.0,,,100.0
110444,,,,,100.0,100.0,,,100.0
110450,,,,,100.0,100.0,100.0,,100.0
110451,,,,,100.0,100.0,100.0,,100.0
110500,100.0,100.0,100.0,100.0,,,,100.0,100.0
111302,100.0,100.0,100.0,100.0,,,,60.0,90.0
111304,,,,,100.0,100.0,100.0,,100.0
111306,,,,,100.0,100.0,100.0,,100.0
111312,,,,,100.0,100.0,100.0,,100.0
111332,,,,,100.0,100.0,100.0,,100.0
111356,,,,,100.0,100.0,100.0,,100.0
111360,,,,,100.0,100.0,100.0,,100.0
111369,,,,,100.0,100.0,,,100.0
111700,,100.0,100.0,100.0,,,,100.0,100.0
11A000,,,,,100.0,100.0,100.0,,100.0
11B000,,,,,100.0,100.0,100.0,,100.0
11C000,,,,,100.0,100.0,100.0,,100.0
11D000,,100.0,100.0,100.0,100.0,100.0,100.0,100.0,100.0
11K000,,,,,100.0,100.0,100.0,,100.0
120304,,,,,100.0,100.0,100.0,,100.0
120308,,,,,,,,0.0,0.0
120310,,100.0,,100.0,,,,100.0,100.0
120312,,,,,100.0,100.0,100.0,,100.0
120314,100.0,100.0,100.0,100.0,,,,100.0,100.0
120315,,,,,100.0,100.0,100.0,,100.0
120316,,,,,100.0,100.0,100.0,,100.0
120318,100.0,100.0,100.0,100.0,,,,80.0,95.5
120320,,,,,100.0,100.0,100.0,,100.0
120324,,,,,100.0,100.0,100.0,,100.0
120334,,,,,100.0,100.0,100.0,,100.0
120338,,,,,100.0,100.0,100.0,,100.0
120340,,,,,100.0,100.0,100.0,,100.0
120344,,,,,100.0,100.0,100.0,,100.0
120346,100.0,100.0,100.0,100.0,,,,100.0,100.0
120350,,,,,100.0,100.0,100.0,,100.0
120352,,,,,100.0,100.0,,,100.0
120360,,,,,100.0,100.0,100.0,,100.0
120364,,,,,100.0,100.0,100.0,,100.0
120368,,,,,100.0,100.0,100.0,,100.0
120370,100.0,100.0,100.0,100.0,,,,100.0,100.0
120372,,,,,100.0,100.0,100.0,,100.0
120374,,,,,100.0,100.0,100.0,,100.0
120376,,,,,100.0,100.0,100.0,,100.0
120380,,,,,100.0,100.0,100.0,,100.0
120386,,,,,100.0,100.0,100.0,,100.0
120390,,,,,100.0,100.0,100.0,,100.0
12A000,,,,,100.0,100.0,100.0,,100.0
130304,,,,,100.0,100.0,100.0,,100.0
130307,100.0,100.0,85.7,100.0,,,,100.0,96.0
130308,,,,,100.0,100.0,100.0,,100.0
130309,,,,,100.0,100.0,100.0,,100.0
130310,100.0,83.3,100.0,83.3,,,,100.0,92.9
130311,,,,,100.0,100.0,100.0,,100.0
130312,,,,,100.0,100.0,100.0,,100.0
130313,,,,,100.0,100.0,100.0,,100.0
130314,100.0,100.0,85.7,100.0,,,,100.0,96.4
130315,,,,,100.0,100.0,100.0,,100.0
130316,100.0,83.3,100.0,100.0,,,,66.7,89.3
130317,,,0.0,,50.0,50.0,,,40.0
130318,,,,,100.0,100.0,100.0,,100.0
130319,,,,,100.0,100.0,100.0,,100.0
130320,,,,,100.0,100.0,100.0,,100.0
130321,,,,,100.0,100.0,100.0,,100.0
130322,,,,,100.0,100.0,100.0,,100.0
130323,,,,,100.0,100.0,100.0,,100.0
130324,100.0,100.0,100.0,100.0,,,,100.0,100.0
130325,,,,,100.0,100.0,100.0,,100.0
130326,100.0,100.0,100.0,100.0,,,,100.0,100.0
130327,,,,,100.0,100.0,100.0,,100.0
130328,,,,,100.0,100.0,100.0,,100.0
130329,,,,,100.0,100.0,100.0,,100.0
130330,,,,,100.0,100.0,100.0,,100.0
130331,,,,,100.0,100.0,100.0,,100.0
130332,75.0,83.3,100.0,100.0,,,,50.0,81.5
130333,,0.0,,100.0,,,,0.0,33.3
130337,,,,,100.0,100.0,100.0,,100.0
130338,,,,,100.0,100.0,100.0,,100.0
130340,,,,,100.0,100.0,100.0,,100.0
130342,,,,,100.0,100.0,100.0,,100.0
130344,,,,,100.0,100.0,100.0,,100.0
130345,,,,,100.0,100.0,100.0,,100.0
130346,,,,,100.0,100.0,100.0,,100.0
130349,,,100.0,,,,,,100.0
130350,,100.0,100.0,100.0,,,,100.0,100.0
130355,,,,,100.0,100.0,100.0,,100.0
132304,100.0,100.0,85.7,100.0,,,,85.7,93.9
132308,,,,,100.0,100.0,100.0,,100.0
132312,,,,,100.0,100.0,100.0,,100.0
132314,,,,,100.0,100.0,100.0,,100.0
132328,,,,,100.0,100.0,100.0,,100.0
132330,,,,,100.0,100.0,85.7,,95.7
132332,,,,,100.0,100.0,100.0,,100.0
132336,,,,,100.0,100.0,100.0,,100.0
13A000,,100.0,100.0,100.0,100.0,100.0,100.0,100.0,100.0
13B000,,,100.0,,100.0,100.0,100.0,,100.0
13C000,,,,,100.0,100.0,100.0,,100.0
13D000,,,,,100.0,100.0,100.0,,100.0
140304,,,,,100.0,100.0,100.0,,100.0
140305,100.0,100.0,100.0,100.0,,,,100.0,100.0
140306,,,,,100.0,100.0,,,100.0
140308,,,,,100.0,100.0,100.0,,100.0
140309,,100.0,100.0,100.0,,,,100.0,100.0
140312,,,,,100.0,100.0,100.0,,100.0
140316,,,,,100.0,100.0,100.0,,100.0
140324,,,,,100.0,100.0,100.0,,100.0
140332,,,,,100.0,100.0,100.0,,100.0
140336,,,,,100.0,100.0,100.0,,100.0
140340,,,,,100.0,100.0,100.0,,100.0
140344,,,,,100.0,100.0,100.0,,100.0
140348,100.0,100.0,100.0,100.0,,,,100.0,100.0
140352,,,,,100.0,100.0,100.0,,100.0
140356,,,,,100.0,100.0,100.0,,100.0
140360,,,,,100.0,100.0,100.0,,100.0
140368,,,,,100.0,100.0,100.0,,100.0
140372,,,,,100.0,100.0,100.0,,100.0
140376,,,,,100.0,100.0,100.0,,100.0
140384,,,,,100.0,100.0,100.0,,100.0
140386,100.0,100.0,100.0,100.0,,,,100.0,100.0
140388,,,,,100.0,100.0,,,100.0
140390,100.0,100.0,100.0,100.0,,,,100.0,100.0
140392,,,,,100.0,100.0,100.0,,100.0
140396,,,,,100.0,100.0,100.0,,100.0
150304,100.0,100.0,100.0,100.0,,,,100.0,100.0
150308,,,,,100.0,100.0,,,100.0
150310,,,,,100.0,100.0,100.0,,100.0
150312,,,,,100.0,100.0,100.0,,100.0
150350,,100.0,100.0,100.0,,,,100.0,100.0
160304,,,,,100.0,100.0,,,100.0
160306,,,,,100.0,100.0,100.0,,100.0
160308,,,,,100.0,100.0,100.0,,100.0
160310,,,,,100.0,100.0,100.0,,100.0
160311,,,,,100.0,100.0,100.0,,100.0
160313,100.0,100.0,100.0,100.0,,,,100.0,100.0
160314,100.0,100.0,100.0,100.0,,,,100.0,100.0
160316,,,,,100.0,100.0,,,100.0
160317,,,,,100.0,100.0,100.0,,100.0
160318,,,,,100.0,100.0,100.0,,100.0
160322,,,,,100.0,100.0,,,100.0
160324,,,,,100.0,100.0,100.0,,100.0
160326,,,,,100.0,100.0,100.0,,100.0
160332,,,,,100.0,100.0,100.0,,100.0
160344,0.0,100.0,100.0,100.0,,,,100.0,90.0
160352,,,,,100.0,100.0,100.0,,100.0
16B000,,,,,100.0,100.0,100.0,,100.0
170316,25.0,100.0,100.0,100.0,,,,100.0,85.0
170334,,,,,100.0,100.0,100.0,,100.0
170338,,,,,100.0,100.0,100.0,,100.0
170339,,,,,100.0,100.0,100.0,,100.0
170342,,,,,100.0,100.0,100.0,,100.0
170344,,,,,100.0,100.0,100.0,,100.0
180302,,,,,100.0,100.0,100.0,,100.0
180304,,,,,100.0,100.0,100.0,,100.0
180308,100.0,100.0,100.0,100.0,,,,100.0,100.0
180312,,,,,100.0,100.0,100.0,,100.0
180316,,,,,100.0,100.0,100.0,,100.0
180320,100.0,100.0,100.0,100.0,,,,100.0,100.0
180324,,,,,100.0,100.0,100.0,,100.0
180325,,100.0,100.0,100.0,,,,100.0,100.0
180326,,,,,100.0,100.0,100.0,,100.0
180332,,,,,100.0,100.0,100.0,,100.0
180336,,,,,100.0,100.0,100.0,,100.0
180340,100.0,100.0,100.0,100.0,,,,100.0,100.0
180342,,,,,100.0,100.0,100.0,,100.0
180343,,,,,100.0,100.0,100.0,,100.0
180344,,,,,100.0,100.0,100.0,,100.0
180346,,,,,100.0,100.0,100.0,,100.0
180348,100.0,100.0,100.0,100.0,,,,100.0,100.0
180352,,,,,100.0,100.0,100.0,,100.0
180356,,,,,100.0,100.0,100.0,,100.0
180360,,,,,100.0,100.0,100.0,,100.0
180364,,,,,100.0,100.0,100.0,,100.0
180368,,,,,100.0,100.0,100.0,,100.0
180372,,,,,100.0,100.0,100.0,,100.0
180376,100.0,100.0,100.0,100.0,,,,100.0,100.0
180379,,,,,100.0,100.0,100.0,,100.0
180380,,,,,100.0,100.0,100.0,,100.0
180388,,,,,100.0,100.0,100.0,,100.0
181312,,,,,100.0,100.0,100.0,,100.0
181316,,,,,100.0,100.0,100.0,,100.0
181318,,100.0,,100.0,,,,100.0,100.0
181322,100.0,100.0,100.0,100.0,,,,0.0,78.3
181326,,,,,100.0,100.0,100.0,,100.0
181332,,,,,100.0,100.0,100.0,,100.0
181336,,,,,100.0,100.0,100.0,,100.0
181344,,,,,100.0,100.0,100.0,,100.0
182316,100.0,100.0,100.0,100.0,,,,100.0,100.0
182321,,,,,100.0,100.0,100.0,,100.0
182322,,,,,100.0,100.0,100.0,,100.0
182324,,,,,100.0,100.0,100.0,,100.0
182328,,,,,100.0,100.0,100.0,,100.0
182700,,100.0,100.0,100.0,,,,100.0,100.0
190304,,,,,100.0,100.0,100.0,,100.0
190308,,,,,100.0,100.0,100.0,,100.0
190312,,,,,100.0,100.0,100.0,,100.0
190316,100.0,100.0,100.0,100.0,,,,100.0,100.0
190328,,,,,100.0,100.0,100.0,,100.0
190332,,,,,100.0,100.0,100.0,,100.0
190336,33.3,100.0,100.0,100.0,,,,100.0,91.3
190339,,,,,100.0,100.0,100.0,,100.0
190340,,,,,100.0,100.0,100.0,,100.0
190341,,,,,100.0,100.0,100.0,,100.0
190342,100.0,100.0,100.0,100.0,,,,100.0,100.0
190346,,,,,100.0,100.0,100.0,,100.0
190348,,,,,100.0,100.0,,,100.0
190350,,,,,100.0,100.0,100.0,,100.0
190352,,,,,100.0,100.0,100.0,,100.0
190370,,,,,100.0,100.0,100.0,,100.0
19A000,,100.0,100.0,100.0,100.0,100.0,100.0,100.0,100.0
19B000,,100.0,100.0,100.0,100.0,100.0,100.0,100.0,100.0
19C000,,,,,100.0,100.0,100.0,,100.0
200304,,,,,100.0,100.0,,,100.0
200308,,100.0,100.0,100.0,,,,100.0,100.0
200310,,,,,100.0,100.0,100.0,,100.0
200312,,,,,100.0,100.0,100.0,,100.0
200314,,100.0,100.0,100.0,,,,100.0,100.0
200320,,,,,100.0,100.0,100.0,,100.0
200324,,,,,100.0,100.0,100.0,,100.0
200328,100.0,100.0,100.0,100.0,,,,100.0,100.0
200330,,,,,100.0,100.0,100.0,,100.0
200332,,,,,100.0,100.0,,,100.0
200336,,,,,100.0,100.0,100.0,,100.0
200350,,100.0,100.0,100.0,,,,100.0,100.0
20A000,,,,,100.0,100.0,100.0,,100.0
210304,,,,,100.0,100.0,100.0,,100.0
210306,,,,,100.0,100.0,100.0,,100.0
210312,100.0,100.0,100.0,100.0,,,,100.0,100.0
220308,,,,,100.0,100.0,,,100.0
220310,100.0,100.0,66.7,100.0,,,,100.0,92.9
220312,,,,,100.0,100.0,100.0,,100.0
230304,,,,,100.0,100.0,,,100.0
230308,,,,,100.0,100.0,100.0,,100.0
230312,100.0,100.0,100.0,100.0,,,,100.0,100.0
230316,,,,,100.0,100.0,100.0,,100.0
230320,,,,,100.0,100.0,100.0,,100.0
230322,,100.0,100.0,100.0,,,,100.0,100.0
230324,66.7,100.0,100.0,100.0,,,,80.0,91.3
230328,,,,,100.0,100.0,100.0,,100.0
230330,,,0.0,,50.0,50.0,,,40.0
230334,,,,,100.0,100.0,,,100.0
230336,,,,,100.0,100.0,100.0,,100.0
230340,,,,,100.0,100.0,100.0,,100.0
230342,,,,,100.0,100.0,,,100.0
230344,,,,,100.0,100.0,,,100.0
230346,,,,,100.0,100.0,,,100.0
230348,,,,,100.0,100.0,,,100.0
230350,100.0,100.0,100.0,100.0,,,,100.0,100.0
230351,,,,,100.0,100.0,100.0,,100.0
230352,,,,,100.0,100.0,100.0,,100.0
230355,,,,,100.0,100.0,,,100.0
230357,,,,,100.0,100.0,,,100.0
230361,50.0,100.0,100.0,100.0,,,,60.0,83.3
230362,,,,,100.0,100.0,100.0,,100.0
230364,,,,,100.0,100.0,100.0,,100.0
230368,,,,,100.0,100.0,100.0,,100.0
230370,,,,,100.0,100.0,100.0,,100.0
230376,,,,,100.0,100.0,100.0,,100.0
230380,,,,,100.0,100.0,,,100.0
23A000,,,100.0,,100.0,100.0,100.0,,100.0
240304,,,,,100.0,100.0,100.0,,100.0
240308,,,,,100.0,100.0,100.0,,100.0
240328,,,,,100.0,100.0,100.0,,100.0
240330,,,,,100.0,100.0,100.0,,100.0
240332,,,,,100.0,100.0,,,100.0
240334,,100.0,100.0,100.0,,,,100.0,100.0
240344,,,,,100.0,100.0,100.0,,100.0
240352,,,,,100.0,100.0,,,100.0
240354,,,,,100.0,100.0,100.0,,100.0
240356,,,,,100.0,100.0,100.0,,100.0
240368,,,,,100.0,100.0,100.0,,100.0
240370,,,,,100.0,100.0,100.0,,100.0
240371,100.0,100.0,100.0,100.0,,,,100.0,100.0
240372,,,,,100.0,100.0,100.0,,100.0
240373,,100.0,100.0,100.0,,,,100.0,100.0
240376,,,,,100.0,100.0,100.0,,100.0
240380,0.0,100.0,100.0,100.0,,,,100.0,94.1
240388,,,,,100.0,100.0,100.0,,100.0
241304,,,,,100.0,100.0,100.0,,100.0
241308,,,,,100.0,100.0,100.0,,100.0
241316,100.0,100.0,100.0,100.0,,,,100.0,100.0
24B000,,,,,100.0,100.0,,,100.0
24N000,,,,,100.0,100.0,100.0,,100.0
250304,,,,,100.0,100.0,100.0,,100.0
250306,,,,,100.0,100.0,100.0,,100.0
250308,,,,,100.0,100.0,100.0,,100.0
250312,,,,,100.0,100.0,100.0,,100.0
250314,,100.0,100.0,100.0,,,,100.0,100.0
250316,,,,,100.0,100.0,100.0,,100.0
250320,,,,,100.0,100.0,100.0,,100.0
250321,,100.0,100.0,100.0,,,,100.0,100.0
250324,,,,,100.0,100.0,100.0,,100.0
250328,,,,,100.0,100.0,100.0,,100.0
250332,,,,,100.0,100.0,100.0,,100.0
250336,,,,,100.0,100.0,100.0,,100.0
250340,100.0,100.0,100.0,100.0,,,,100.0,100.0
250344,,,,,100.0,100.0,100.0,,100.0
250348,,,,,100.0,100.0,100.0,,100.0
250350,,,,,100.0,100.0,100.0,,100.0
250356,100.0,100.0,100.0,100.0,,,,100.0,100.0
250360,,,,,100.0,100.0,100.0,,100.0
250362,,,,,100.0,100.0,100.0,,100.0
250364,,,,,100.0,100.0,100.0,,100.0
250368,,,,,100.0,100.0,100.0,,100.0
250372,100.0,100.0,100.0,100.0,,,,100.0,100.0
250376,,,,,100.0,100.0,100.0,,100.0
250378,,,,,100.0,100.0,100.0,,100.0
250380,,,,,100.0,100.0,100.0,,100.0
260306,,,,,100.0,100.0,100.0,,100.0
260308,,,,,100.0,100.0,100.0,,100.0
260310,,,,,100.0,100.0,100.0,,100.0
260312,,,,,100.0,100.0,,,100.0
260316,,,,,100.0,100.0,,,100.0
260318,100.0,100.0,100.0,100.0,,,,100.0,100.0
260320,,,,,100.0,100.0,100.0,,100.0
260321,,,,,100.0,100.0,100.0,,100.0
260322,100.0,100.0,100.0,100.0,,,,71.4,92.9
260325,100.0,100.0,100.0,100.0,,,,100.0,100.0
260326,,,,,100.0,100.0,100.0,,100.0
260332,,,,,100.0,100.0,100.0,,100.0
260336,,,,,100.0,100.0,100.0,,100.0
260338,,,,,100.0,100.0,100.0,,100.0
260340,,,,,100.0,100.0,100.0,,100.0
260342,,,,,100.0,100.0,100.0,,100.0
260344,,,,,100.0,100.0,100.0,,100.0
260347,,100.0,100.0,100.0,,,,100.0,100.0
260348,,,,,100.0,100.0,100.0,,100.0
260352,,,,,100.0,100.0,100.0,,100.0
260354,,100.0,100.0,100.0,,,,100.0,100.0
260356,,,,,100.0,100.0,100.0,,100.0
260357,100.0,100.0,100.0,100.0,,,,100.0,100.0
260358,,,,,85.7,71.4,100.0,,83.3
260359,100.0,100.0,100.0,100.0,,,,100.0,100.0
260361,,,,,100.0,100.0,100.0,,100.0
260362,,,,,100.0,100.0,100.0,,100.0
260364,,,,,100.0,100.0,100.0,,100.0
260365,,,,,100.0,100.0,100.0,,100.0
260366,,,,,100.0,100.0,100.0,,100.0
260367,,,,,100.0,100.0,100.0,,100.0
260368,,,,,100.0,100.0,100.0,,100.0
260369,,,,,100.0,100.0,100.0,,100.0
260370,,,,,100.0,100.0,100.0,,100.0
260371,,,,,100.0,100.0,,,100.0
260372,,,,,100.0,100.0,100.0,,100.0
260373,,,,,100.0,100.0,100.0,,100.0
260374,,0.0,100.0,100.0,,,,0.0,50.0
260375,,,,,100.0,100.0,100.0,,100.0
260380,,,,,100.0,100.0,100.0,,100.0
260382,,,,,100.0,100.0,100.0,,100.0
260383,,,,,100.0,100.0,100.0,,100.0
260386,,,,,100.0,100.0,100.0,,100.0
260388,,100.0,100.0,100.0,,,,100.0,100.0
260396,,,,,100.0,100.0,100.0,,100.0
260397,,,,,100.0,100.0,100.0,,100.0
260398,,,,,100.0,100.0,100.0,,100.0
260400,,,,,100.0,100.0,100.0,,100.0
260401,,,,,100.0,100.0,100.0,,100.0
260402,,,,,100.0,100.0,100.0,,100.0
260403,,,,,100.0,100.0,100.0,,100.0
260404,,,,,100.0,100.0,100.0,,100.0
260405,,,,,100.0,100.0,100.0,,100.0
260406,,,,,100.0,100.0,100.0,,100.0
260407,,,,,100.0,100.0,100.0,,100.0
260408,75.0,100.0,100.0,100.0,,,,100.0,96.7
260410,,,,,100.0,100.0,100.0,,100.0
260411,,100.0,100.0,100.0,,,,100.0,100.0
260413,,,,,100.0,100.0,100.0,,100.0
260414,,,,,100.0,100.0,100.0,,100.0
260415,,,,,100.0,100.0,100.0,,100.0
260416,,,,,100.0,100.0,100.0,,100.0
260417,,,,,100.0,100.0,100.0,,100.0
260418,,,,,100.0,100.0,100.0,,100.0
260419,,,,,100.0,100.0,100.0,,100.0
260424,33.3,100.0,100.0,100.0,,,,83.3,87.5
260425,,,,,100.0,100.0,100.0,,100.0
260426,,,,,100.0,100.0,100.0,,100.0
260427,100.0,100.0,100.0,100.0,,,,85.7,96.9
260428,,,,,100.0,100.0,100.0,,100.0
260430,,,,,100.0,100.0,100.0,,100.0
260434,,,,,100.0,100.0,100.0,,100.0
260440,,,,,100.0,100.0,100.0,,100.0
260444,,,,,100.0,100.0,100.0,,100.0
260446,0.0,80.0,80.0,100.0,,,,100.0,75.0
260448,,,,,100.0,100.0,100.0,,100.0
260449,,0.0,0.0,100.0,,,,,33.3
260450,,,,,100.0,100.0,100.0,,100.0
260452,,,,,100.0,100.0,100.0,,100.0
260454,,,,,100.0,100.0,100.0,,100.0
260455,100.0,80.0,71.4,100.0,,,,100.0,88.0
260459,,,,,100.0,100.0,100.0,,100.0
260700,,100.0,100.0,100.0,,,,100.0,100.0
26B000,,,,,100.0,100.0,100.0,,100.0
26C000,,,,,100.0,100.0,100.0,,100.0
270304,,,,,100.0,100.0,,,100.0
270306,50.0,100.0,100.0,100.0,,,,100.0,93.3
270308,,,,,100.0,100.0,100.0,,100.0
270309,,,,,100.0,100.0,100.0,,100.0
270310,,,,,100.0,100.0,100.0,,100.0
270311,,100.0,100.0,100.0,,,,100.0,100.0
270312,,,,,100.0,100.0,,,100.0
270316,,,,,100.0,100.0,100.0,,100.0
270318,,,,,100.0,100.0,100.0,,100.0
270320,,,,,100.0,100.0,100.0,,100.0
280302,,,,,100.0,100.0,100.0,,100.0
280304,,100.0,100.0,100.0,100.0,100.0,100.0,100.0,100.0
280308,,,,,100.0,100.0,100.0,,100.0
280310,,,,,100.0,100.0,100.0,,100.0
280312,,,,,100.0,100.0,100.0,,100.0
280316,,100.0,100.0,100.0,,,,100.0,100.0
280320,,,,,100.0,100.0,100.0,,100.0
280324,,,,,100.0,100.0,100.0,,100.0
280328,,,,,100.0,100.0,100.0,,100.0
280330,,33.3,100.0,100.0,,,,100.0,83.3
290302,,,,,100.0,100.0,100.0,,100.0
290306,,,,,100.0,100.0,100.0,,100.0
290307,,,,,100.0,100.0,100.0,,100.0
290308,100.0,100.0,100.0,100.0,,,,100.0,100.0
290309,,,,,100.0,100.0,75.0,,95.0
290312,,,,,100.0,100.0,100.0,,100.0
290314,,100.0,,100.0,,,,0.0,66.7
290316,,,,,100.0,100.0,100.0,,100.0
290320,,,,,100.0,100.0,100.0,,100.0
290322,,,,,100.0,100.0,100.0,,100.0
290324,100.0,100.0,75.0,100.0,,,,100.0,94.7
290328,,,,,100.0,100.0,100.0,,100.0
290330,,,,,100.0,100.0,100.0,,100.0
290332,,,,,100.0,100.0,100.0,,100.0
290333,,,,,100.0,100.0,100.0,,100.0
290334,,,,,100.0,100.0,100.0,,100.0
290336,100.0,100.0,100.0,100.0,,,,100.0,100.0
290344,,,,,100.0,100.0,100.0,,100.0
290348,100.0,100.0,100.0,100.0,,,,100.0,100.0
290349,,,100.0,,,,,,100.0
290350,,,,,100.0,100.0,100.0,,100.0
290351,,,,,100.0,100.0,100.0,,100.0
290352,,,,,100.0,100.0,100.0,,100.0
290356,,,,,100.0,100.0,100.0,,100.0
290364,,,,,100.0,100.0,,,100.0
290365,100.0,100.0,100.0,100.0,,,,100.0,100.0
290366,,,,,100.0,100.0,100.0,,100.0
290367,,,,,100.0,100.0,100.0,,100.0
290375,,,,,100.0,100.0,100.0,,100.0
290376,,,,,100.0,100.0,100.0,,100.0
290380,,,,,100.0,100.0,100.0,,100.0
290384,,,,,100.0,100.0,100.0,,100.0
290388,100.0,100.0,100.0,100.0,,,,100.0,100.0
290389,,100.0,100.0,100.0,,,,100.0,100.0
291308,,,,,100.0,100.0,100.0,,100.0
291332,,,,,100.0,100.0,100.0,,100.0
291336,66.7,100.0,100.0,100.0,,,,100.0,95.0
291340,,,,,100.0,100.0,100.0,,100.0
291352,,,,,100.0,100.0,100.0,,100.0
292316,,,,,100.0,100.0,100.0,,100.0
292318,,,,,100.0,100.0,,,100.0
292320,,,,,100.0,100.0,100.0,,100.0
292324,100.0,100.0,100.0,100.0,,,,100.0,100.0
298202,,,,,0.0,0.0,,,0.0
300308,,,,,100.0,100.0,100.0,,100.0
300310,,,,,100.0,100.0,100.0,,100.0
300312,100.0,100.0,100.0,100.0,,,,100.0,100.0
300314,,100.0,100.0,100.0,,,,100.0,100.0
300320,,,,,100.0,100.0,100.0,,100.0
300325,,,,,100.0,100.0,100.0,,100.0
300326,,,,,100.0,100.0,100.0,,100.0
300328,,,,,100.0,100.0,100.0,,100.0
300330,,,,,100.0,100.0,100.0,,100.0
300336,,,,,100.0,100.0,100.0,,100.0
300337,,,,,100.0,100.0,100.0,,100.0
310304,,,,,100.0,100.0,100.0,,100.0
310308,,,,,100.0,100.0,100.0,,100.0
310330,,,,,100.0,100.0,100.0,,100.0
310336,,,,,100.0,100.0,100.0,,100.0
310338,,100.0,100.0,100.0,,,,100.0,100.0
310344,100.0,100.0,100.0,100.0,,,,100.0,100.0
310352,100.0,100.0,100.0,100.0,,,,100.0,100.0
310356,,,,,100.0,100.0,100.0,,100.0
310360,,,,,100.0,100.0,100.0,,100.0
310364,100.0,100.0,100.0,100.0,100.0,100.0,100.0,100.0,100.0
310384,,,,,100.0,100.0,100.0,,100.0
310388,,,,,100.0,100.0,100.0,,100.0
310392,80.0,100.0,100.0,100.0,,,,60.0,88.0
320304,,,,,100.0,100.0,100.0,,100.0
320306,,,,,100.0,100.0,100.0,,100.0
320308,,,,,100.0,100.0,100.0,,100.0
320309,,100.0,100.0,100.0,,,,100.0,100.0
320310,,,,,100.0,100.0,100.0,,100.0
320312,100.0,100.0,100.0,100.0,,,,100.0,100.0
320313,,,,,100.0,100.0,100.0,,100.0
320314,,0.0,100.0,100.0,100.0,100.0,100.0,0.0,91.3
320315,,,,,100.0,100.0,100.0,,100.0
320316,,,,,100.0,100.0,100.0,,100.0
320317,100.0,100.0,100.0,100.0,,,,100.0,100.0
320318,,,,,100.0,100.0,100.0,,100.0
320319,,,,,100.0,100.0,100.0,,100.0
320320,,,,,100.0,100.0,100.0,,100.0
320322,,100.0,100.0,100.0,,,,0.0,70.0
320323,,100.0,100.0,100.0,100.0,100.0,100.0,100.0,100.0
320324,,,,,100.0,100.0,100.0,,100.0
320325,0.0,83.3,66.7,100.0,,,,100.0,77.8
320327,,,,,100.0,100.0,100.0,,100.0
320328,,,,,100.0,100.0,100.0,,100.0
320332,,,,,100.0,100.0,100.0,,100.0
320338,,,,,100.0,100.0,100.0,,100.0
320339,,,,,100.0,100.0,100.0,,100.0
320340,,,,,100.0,100.0,100.0,,100.0
320341,,,0.0,,100.0,100.0,,,85.7
320342,,,,,100.0,100.0,100.0,,100.0
320343,,,,,100.0,100.0,100.0,,100.0
320344,,,,,100.0,100.0,100.0,,100.0
320346,,,,,100.0,100.0,100.0,,100.0
320347,,,,,100.0,100.0,100.0,,100.0
320348,,,,,100.0,100.0,100.0,,100.0
320352,,,,,100.0,100.0,100.0,,100.0
320353,,100.0,,100.0,,,,100.0,100.0
320354,,,,,100.0,100.0,100.0,,100.0
320355,,,,,100.0,100.0,100.0,,100.0
320356,100.0,100.0,100.0,100.0,,,,100.0,100.0
320360,,,,,100.0,100.0,100.0,,100.0
320362,,,,,100.0,100.0,100.0,,100.0
320363,,,,,100.0,100.0,100.0,,100.0
320364,,,,,100.0,100.0,100.0,,100.0
320365,100.0,100.0,57.1,100.0,,,,14.3,71.0
320366,,,,,100.0,100.0,100.0,,100.0
320367,,,,,100.0,100.0,100.0,,100.0
320368,100.0,100.0,83.3,100.0,,,,0.0,75.0
320369,,,,,100.0,100.0,100.0,,100.0
320370,,,,,100.0,100.0,100.0,,100.0
320372,,,,,100.0,100.0,100.0,,100.0
320374,,,,,100.0,100.0,100.0,,100.0
320376,,,,,100.0,100.0,100.0,,100.0
320388,,,,,100.0,100.0,100.0,,100.0
320400,,,,,100.0,100.0,100.0,,100.0
320701,,100.0,100.0,100.0,,,,100.0,100.0
32A000,,,,,100.0,100.0,100.0,,100.0
32B000,,,,,100.0,100.0,100.0,,100.0
32C000,,,,,100.0,100.0,100.0,,100.0
32D000,,,,,100.0,100.0,100.0,,100.0
32H000,,,,,100.0,100.0,100.0,,100.0
32K000,,,,,100.0,100.0,100.0,,100.0
32L000,,100.0,100.0,100.0,100.0,100.0,100.0,50.0,96.4
32M000,,,,,100.0,100.0,100.0,,100.0
32N000,,100.0,100.0,100.0,,,,100.0,100.0
32P000,,,,,100.0,100.0,100.0,,100.0
32Q000,,,,,100.0,100.0,100.0,,100.0
32R000,,,,,100.0,100.0,100.0,,100.0
32S000,,,,,100.0,100.0,100.0,,100.0
330304,,,,,100.0,100.0,100.0,,100.0
330308,,,,,100.0,100.0,100.0,,100.0
330312,,,,,100.0,100.0,100.0,,100.0
330326,,100.0,100.0,100.0,,,,100.0,100.0
330328,,100.0,100.0,100.0,,,,100.0,100.0
330332,,,,,100.0,100.0,100.0,,100.0
330334,,,,,100.0,100.0,,,100.0
330340,,,,,100.0,100.0,100.0,,100.0
330344,,,,,100.0,100.0,100.0,,100.0
330348,,,,,100.0,100.0,100.0,,100.0
330350,100.0,100.0,100.0,100.0,,,,100.0,100.0
330354,,,,,100.0,100.0,100.0,,100.0
330358,100.0,100.0,100.0,100.0,,,,100.0,100.0
330360,,,,,100.0,100.0,100.0,,100.0
33A000,,100.0,33.3,100.0,100.0,100.0,100.0,100.0,91.7
340308,,,,,100.0,100.0,100.0,,100.0
340311,100.0,100.0,100.0,100.0,,,,100.0,100.0
340314,,,,,100.0,100.0,100.0,,100.0
340320,,,,,100.0,100.0,100.0,,100.0
340326,,,,,100.0,100.0,100.0,,100.0
340330,,100.0,75.0,100.0,,,,100.0,94.1
340334,,,,,100.0,100.0,100.0,,100.0
340336,,,100.0,,,,,,100.0
340348,,,,,100.0,100.0,100.0,,100.0
340350,,,,,100.0,100.0,100.0,,100.0
340351,,,,,100.0,100.0,100.0,,100.0
340354,,,,,100.0,100.0,100.0,,100.0
340362,,100.0,100.0,100.0,,,,100.0,100.0
340364,100.0,100.0,100.0,100.0,,,,100.0,100.0
340366,,,,,100.0,100.0,100.0,,100.0
340368,,,,,100.0,100.0,100.0,,100.0
340372,,,,,100.0,100.0,85.7,,95.7
340376,,,,,100.0,100.0,100.0,,100.0
340380,,,,,100.0,100.0,100.0,,100.0
340382,100.0,100.0,85.7,100.0,,,,57.1,86.7
340384,,,,,100.0,100.0,100.0,,100.0
340385,,,,,0.0,0.0,0.0,,0.0
340390,,,,,100.0,100.0,100.0,,100.0
340392,,,,,100.0,100.0,100.0,,100.0
340400,,,,,100.0,100.0,100.0,,100.0
340403,,,,,100.0,100.0,100.0,,100.0
340406,,,,,100.0,100.0,100.0,,100.0
340416,,,,,100.0,100.0,100.0,,100.0
340420,,,,,100.0,100.0,100.0,,100.0
340424,,,,,100.0,100.0,100.0,,100.0
340426,,,,,100.0,100.0,100.0,,100.0
340427,,,,,25.0,75.0,,,50.0
340428,,,,,100.0,100.0,100.0,,100.0
340430,,,,,100.0,100.0,100.0,,100.0
340432,,,,,100.0,100.0,100.0,,100.0
340436,,,,,83.3,100.0,100.0,,93.3
340440,,,,,100.0,100.0,100.0,,100.0
340442,,,,,100.0,100.0,100.0,,100.0
340446,,100.0,,100.0,,,,100.0,100.0
340447,,,,,100.0,100.0,100.0,,100.0
340448,,,,,100.0,100.0,100.0,,100.0
340452,,,,,100.0,100.0,100.0,,100.0
340453,,,,,100.0,100.0,100.0,,100.0
340454,100.0,100.0,100.0,100.0,,,,83.3,96.4
340457,,,,,100.0,100.0,100.0,,100.0
340460,100.0,100.0,100.0,100.0,,,,33.3,84.0
340462,,,,,100.0,100.0,100.0,,100.0
340464,,,,,100.0,100.0,100.0,,100.0
340472,,,,,100.0,100.0,100.0,,100.0
340476,,,,,100.0,100.0,100.0,,100.0
340480,,,100.0,,100.0,85.7,100.0,,95.0
340486,100.0,100.0,85.7,100.0,,,,57.1,86.2
340488,100.0,100.0,100.0,100.0,100.0,100.0,100.0,100.0,100.0
340490,,,,,100.0,100.0,100.0,,100.0
340492,,,,,100.0,100.0,100.0,,100.0
340494,,,,,100.0,100.0,100.0,,100.0
340495,100.0,100.0,100.0,100.0,,,,83.3,96.2
340496,100.0,100.0,100.0,100.0,,,,57.1,88.9
340504,,,,,100.0,100.0,100.0,,100.0
340508,,,,,100.0,100.0,100.0,,100.0
340512,,,,,100.0,100.0,100.0,,100.0
340514,,,,,100.0,100.0,100.0,,100.0
340516,,,,,100.0,100.0,100.0,,100.0
340520,,,,,100.0,100.0,100.0,,100.0
340528,,,,,100.0,100.0,100.0,,100.0
340530,,,,,100.0,100.0,100.0,,100.0
340532,,,,,100.0,100.0,100.0,,100.0
340536,,,,,100.0,100.0,100.0,,100.0
340540,,,,,100.0,100.0,100.0,,100.0
340542,50.0,100.0,100.0,80.0,,,,100.0,90.5
340544,,,,,100.0,100.0,100.0,,100.0
340548,,,,,100.0,100.0,100.0,,100.0
340556,100.0,100.0,100.0,100.0,,,,100.0,100.0
340560,,,,,100.0,100.0,100.0,,100.0
340564,,,,,100.0,100.0,100.0,,100.0
340568,,100.0,100.0,100.0,60.0,100.0,100.0,100.0,90.5
34B000,,100.0,,100.0,100.0,100.0,100.0,100.0,100.0
34D000,,,,,100.0,100.0,100.0,,100.0
34F000,,,,,100.0,100.0,100.0,,100.0
34G000,,,,,100.0,100.0,100.0,,100.0
34H000,,100.0,100.0,100.0,100.0,100.0,100.0,100.0,100.0
350304,,,,,100.0,100.0,100.0,,100.0
350308,100.0,100.0,83.3,100.0,,,,100.0,95.8
350310,,,,,100.0,100.0,100.0,,100.0
350312,,,,,100.0,100.0,100.0,,100.0
350316,,,,,100.0,100.0,100.0,,100.0
350317,,100.0,100.0,100.0,,,,100.0,100.0
350318,,,,,100.0,100.0,100.0,,100.0
350321,100.0,100.0,100.0,100.0,,,,100.0,100.0
350324,,,,,100.0,100.0,100.0,,100.0
350330,,,,,100.0,100.0,100.0,,100.0
350331,,,,,100.0,100.0,100.0,,100.0
350332,,,,,100.0,100.0,100.0,,100.0
350336,100.0,100.0,100.0,100.0,,,,100.0,100.0
350338,,,,,100.0,100.0,100.0,,100.0
350339,,,,,100.0,100.0,100.0,,100.0
350340,,,,,100.0,100.0,100.0,,100.0
35A000,,,,,100.0,100.0,100.0,,100.0
35B000,,,,,100.0,100.0,,,100.0
360310,75.0,100.0,100.0,100.0,,,,100.0,96.6
360320,,,,,100.0,100.0,100.0,,100.0
360324,,,,,100.0,100.0,100.0,,100.0
360332,,,,,100.0,100.0,100.0,,100.0
360336,100.0,100.0,100.0,100.0,,,,0.0,81.3
360337,,100.0,100.0,100.0,,,,100.0,100.0
360339,,,,,100.0,100.0,100.0,,100.0
360340,,,,,100.0,100.0,100.0,,100.0
360344,,,,,100.0,100.0,100.0,,100.0
360348,,,,,100.0,100.0,100.0,,100.0
360352,,,,,100.0,100.0,100.0,,100.0
360360,100.0,100.0,100.0,100.0,,,,100.0,100.0
360364,,,,,100.0,100.0,,,100.0
360372,,,,,25.0,25.0,0.0,,22.2
360376,,,,,100.0,100.0,100.0,,100.0
360378,100.0,100.0,100.0,100.0,,,,80.0,95.7
360380,,,,,100.0,100.0,100.0,,100.0
360390,100.0,100.0,100.0,100.0,,,,100.0,100.0
360392,,,,,100.0,100.0,100.0,,100.0
360394,,,,,100.0,100.0,,,100.0
360396,100.0,100.0,100.0,100.0,,,,100.0,100.0
360400,,,,,100.0,100.0,100.0,,100.0
360408,,,,,100.0,100.0,100.0,,100.0
360418,100.0,100.0,100.0,100.0,,,,100.0,100.0
360420,,,,,100.0,100.0,100.0,,100.0
360426,,,,,100.0,100.0,100.0,,100.0
360428,100.0,100.0,100.0,100.0,,,,0.0,78.6
360431,,,,,100.0,100.0,100.0,,100.0
360432,,,,,100.0,100.0,100.0,,100.0
360436,,,,,100.0,100.0,100.0,,100.0
360438,,,,,100.0,100.0,100.0,,100.0
360440,,,,,100.0,100.0,100.0,,100.0
360448,,,,,100.0,100.0,,,100.0
360456,,,,,100.0,100.0,100.0,,100.0
360464,,,,,100.0,100.0,100.0,,100.0
360468,,,,,100.0,100.0,100.0,,100.0
360470,66.7,60.0,100.0,100.0,,,,80.0,83.3
360478,,,,,100.0,100.0,100.0,,100.0
360480,,,,,100.0,100.0,100.0,,100.0
360482,,,,,100.0,100.0,100.0,,100.0
360488,,,,,100.0,100.0,100.0,,100.0
360490,,,,,100.0,100.0,100.0,,100.0
360492,,,,,100.0,100.0,100.0,,100.0
360494,100.0,100.0,100.0,100.0,,,,100.0,100.0
360498,,,,,100.0,100.0,100.0,,100.0
360500,,,,,100.0,100.0,100.0,,100.0
360504,,,,,100.0,100.0,100.0,,100.0
360510,,,,,100.0,100.0,100.0,,100.0
360514,,,,,100.0,100.0,100.0,,100.0
360520,,,,,100.0,100.0,100.0,,100.0
360526,,,,,100.0,100.0,100.0,,100.0
36B000,,100.0,100.0,100.0,100.0,100.0,100.0,100.0,100.0
36C000,,100.0,100.0,100.0,100.0,100.0,100.0,100.0,100.0
370304,,,,,100.0,100.0,100.0,,100.0
370308,,,,,100.0,100.0,100.0,,100.0
370312,100.0,100.0,100.0,100.0,,,,100.0,100.0
370316,,,,,100.0,100.0,100.0,,100.0
370324,,,,,100.0,100.0,100.0,,100.0
380306,,,,,100.0,100.0,100.0,,100.0
380308,100.0,100.0,100.0,100.0,,,,100.0,100.0
380310,,,,,100.0,100.0,100.0,,100.0
390309,,,,,100.0,100.0,100.0,,100.0
390311,,,,,100.0,100.0,100.0,,100.0
390312,,,,,100.0,100.0,100.0,,100.0
390314,,,,,100.0,100.0,,,100.0
390316,,,,,100.0,100.0,100.0,,100.0
390320,,,,,100.0,100.0,100.0,,100.0
390322,100.0,100.0,100.0,100.0,,,,100.0,100.0
390323,,100.0,100.0,100.0,,,,100.0,100.0
390324,100.0,100.0,100.0,100.0,,,,100.0,100.0
390331,,,,,100.0,100.0,100.0,,100.0
390333,,,,,100.0,100.0,100.0,,100.0
390334,,,,,100.0,100.0,100.0,,100.0
390336,,,,,100.0,100.0,100.0,,100.0
390352,0.0,100.0,100.0,100.0,,,,100.0,89.5
390360,,,,,100.0,100.0,100.0,,100.0
390362,,,,,100.0,100.0,100.0,,100.0
390364,,,,,100.0,100.0,100.0,,100.0
390368,,,,,100.0,100.0,100.0,,100.0
390700,,50.0,100.0,100.0,,,,100.0,87.5
39A000,,0.0,100.0,100.0,100.0,100.0,100.0,100.0,90.0
39B000,,100.0,100.0,100.0,100.0,100.0,100.0,100.0,100.0
400308,100.0,100.0,100.0,100.0,,,,100.0,100.0
400312,,,,,100.0,100.0,100.0,,100.0
400315,,100.0,100.0,100.0,,,,100.0,100.0
400318,,,,,100.0,100.0,100.0,,100.0
400332,,,,,100.0,100.0,,,100.0
410304,,,,,100.0,100.0,100.0,,100.0
410307,,,,,100.0,100.0,100.0,,100.0
410310,,,,,100.0,100.0,100.0,,100.0
410311,,,,,100.0,100.0,100.0,,100.0
410313,,,,,100.0,100.0,100.0,,100.0
410316,,,,,100.0,100.0,66.7,,90.0
410319,0.0,0.0,100.0,33.3,,,,0.0,26.7
410322,,,,,100.0,100.0,100.0,,100.0
410325,,,,,100.0,100.0,100.0,,100.0
410326,,100.0,100.0,100.0,,,,100.0,100.0
410328,,,,,100.0,100.0,100.0,,100.0
410331,,,,,100.0,100.0,100.0,,100.0
410334,,,,,100.0,100.0,100.0,,100.0
410337,,,,,100.0,100.0,100.0,,100.0
410340,,,,,100.0,100.0,100.0,,100.0
410341,,,,,100.0,100.0,100.0,,100.0
410343,,,,,100.0,100.0,100.0,,100.0
410346,,,,,100.0,100.0,100.0,,100.0
410349,,,,,100.0,100.0,100.0,,100.0
410355,100.0,100.0,66.7,100.0,,,,40.0,77.3
410358,100.0,66.7,85.7,50.0,,,,83.3,74.1
410361,,,,,100.0,100.0,100.0,,100.0
410364,,,,,83.3,100.0,100.0,,93.3
410366,,,,,100.0,100.0,100.0,,100.0
410367,,,,,87.5,100.0,100.0,,95.8
410370,,,,,100.0,100.0,100.0,,100.0
410373,,,,,100.0,100.0,100.0,,100.0
410376,,,,,100.0,100.0,100.0,,100.0
410382,,,,,100.0,100.0,100.0,,100.0
410385,,,,,100.0,100.0,100.0,,100.0
410388,,,,,100.0,100.0,100.0,,100.0
410390,,100.0,,0.0,,,,100.0,66.7
410391,,100.0,,100.0,100.0,100.0,100.0,100.0,100.0
410394,100.0,83.3,100.0,100.0,,,,83.3,92.0
410395,,100.0,100.0,100.0,,,,100.0,100.0
410397,,,,,100.0,100.0,100.0,,100.0
410398,,,0.0,,100.0,100.0,100.0,,93.3
410399,,100.0,,100.0,,,,100.0,100.0
410400,,,,,100.0,100.0,100.0,,100.0
410401,,100.0,100.0,100.0,,,,100.0,100.0
410402,,,,,100.0,100.0,100.0,,100.0
410403,,,,,100.0,100.0,100.0,,100.0
410406,75.0,87.5,100.0,100.0,,,,62.5,86.1
410407,,100.0,100.0,100.0,,,,100.0,100.0
410408,,100.0,100.0,100.0,,,,100.0,100.0
410409,,,,,100.0,100.0,100.0,,100.0
410412,,,,,100.0,100.0,100.0,,100.0
410415,,,,,100.0,100.0,100.0,,100.0
410418,,,,,100.0,100.0,100.0,,100.0
410421,,,,,100.0,100.0,100.0,,100.0
410423,,,,,100.0,100.0,100.0,,100.0
410424,,,,,100.0,100.0,100.0,,100.0
410427,,,,,100.0,100.0,100.0,,100.0
410430,,,,,100.0,100.0,100.0,,100.0
410436,,,,,100.0,100.0,100.0,,100.0
410437,,,,,100.0,100.0,100.0,,100.0
410439,,,,,100.0,100.0,100.0,,100.0
410442,,,,,87.5,87.5,100.0,,90.5
410448,,,,,100.0,100.0,100.0,,100.0
410451,,,,,100.0,100.0,100.0,,100.0
410454,,,,,100.0,100.0,100.0,,100.0
410457,,,,,100.0,100.0,,,100.0
410460,,,,,100.0,100.0,100.0,,100.0
410461,,,,,100.0,100.0,100.0,,100.0
410462,,,,,100.0,100.0,100.0,,100.0
410463,,,,,100.0,100.0,100.0,,100.0
410466,,,,,100.0,100.0,100.0,,100.0
410469,,,,,100.0,100.0,100.0,,100.0
410472,,,,,100.0,100.0,100.0,,100.0
410478,,,,,100.0,100.0,100.0,,100.0
410481,,,,,100.0,100.0,100.0,,100.0
410483,,,100.0,,,,,,100.0
410484,100.0,100.0,100.0,83.3,,,,16.7,77.8
410486,,,,,100.0,100.0,100.0,,100.0
410487,,,,,100.0,100.0,100.0,,100.0
410488,,,,,100.0,100.0,100.0,,100.0
410489,100.0,100.0,100.0,100.0,,,,75.0,94.1
410490,100.0,83.3,100.0,100.0,,,,100.0,96.2
410491,,,,,100.0,100.0,100.0,,100.0
410493,,,,,100.0,100.0,100.0,,100.0
410496,,,,,100.0,100.0,100.0,,100.0
410499,,,,,100.0,100.0,100.0,,100.0
410502,,,,,100.0,100.0,100.0,,100.0
410505,,,,,100.0,100.0,100.0,,100.0
410508,100.0,87.5,25.0,87.5,,,,62.5,69.4
410511,,,,,100.0,100.0,100.0,,100.0
410514,,,,,100.0,100.0,100.0,,100.0
410517,,,,,75.0,100.0,100.0,,90.9
410522,,,,,100.0,100.0,100.0,,100.0
410523,,,,,100.0,100.0,100.0,,100.0
410529,100.0,75.0,100.0,87.5,,,,28.6,77.1
410530,,,,,100.0,100.0,100.0,,100.0
410532,,,,,100.0,100.0,100.0,,100.0
410535,,,,,100.0,100.0,100.0,,100.0
410538,,,,,100.0,100.0,100.0,,100.0
410541,,,,,100.0,100.0,100.0,,100.0
410542,,,,,100.0,100.0,100.0,,100.0
410544,0.0,57.1,100.0,28.6,,,,0.0,40.0
410545,100.0,100.0,100.0,100.0,,,,100.0,100.0
410547,100.0,100.0,100.0,100.0,,,,80.0,95.7
410550,,,,,100.0,100.0,100.0,,100.0
410553,,,,,100.0,100.0,100.0,,100.0
410556,100.0,100.0,71.4,100.0,,,,85.7,90.6
410559,,,,,100.0,100.0,100.0,,100.0
410562,100.0,100.0,100.0,100.0,,,,100.0,100.0
410565,,,,,100.0,100.0,100.0,,100.0
410568,,,,,100.0,100.0,100.0,,100.0
410569,,100.0,100.0,100.0,,,,100.0,100.0
410571,,,,,100.0,100.0,100.0,,100.0
410574,,,,,100.0,100.0,100.0,,100.0
410577,,,,,100.0,100.0,100.0,,100.0
410578,,,,,100.0,100.0,100.0,,100.0
410579,,100.0,100.0,100.0,,,,100.0,100.0
410580,,,,,100.0,100.0,100.0,,100.0
410583,,,,,100.0,100.0,100.0,,100.0
410586,,,,,100.0,100.0,100.0,,100.0
410589,,100.0,100.0,100.0,,,,100.0,100.0
410592,,,,,100.0,100.0,100.0,,100.0
410595,100.0,83.3,100.0,100.0,,,,50.0,84.0
410598,,,,,100.0,100.0,100.0,,100.0
41B000,,,,,100.0,100.0,100.0,,100.0
41C000,,,,,100.0,100.0,100.0,,100.0
41D000,,,,,100.0,100.0,100.0,,100.0
41F000,,100.0,100.0,100.0,100.0,100.0,100.0,100.0,100.0
41G000,,100.0,100.0,100.0,100.0,100.0,100.0,100.0,100.0
41H000,,,,,100.0,100.0,100.0,,100.0
41J000,,,,,100.0,100.0,100.0,,100.0
41K000,,100.0,100.0,100.0,,,,66.7,91.7
41L000,,,,,100.0,100.0,100.0,,100.0
420304,,,,,100.0,100.0,100.0,,100.0
420316,,,,,100.0,100.0,,,100.0
420324,,,,,100.0,100.0,100.0,,100.0
420328,,,,,100.0,100.0,100.0,,100.0
420336,,,,,100.0,100.0,100.0,,100.0
420340,,,,,100.0,100.0,100.0,,100.0
420346,0.0,100.0,100.0,100.0,,,,100.0,85.7
420348,,,,,100.0,100.0,,,100.0
420358,100.0,100.0,100.0,100.0,,,,100.0,100.0
420376,,,,,75.0,75.0,100.0,,81.8
421304,,,,,100.0,100.0,100.0,,100.0
421306,,,,,100.0,100.0,100.0,,100.0
421316,100.0,100.0,100.0,100.0,,,,100.0,100.0
421328,,,,,83.3,100.0,100.0,,93.3
422310,,100.0,100.0,100.0,,,,100.0,100.0
422314,,,,,100.0,100.0,,,100.0
422315,,100.0,100.0,100.0,,,,0.0,77.8
422318,,,,,100.0,100.0,100.0,,100.0
42A000,,,,,100.0,100.0,100.0,,100.0
430308,,,,,100.0,100.0,100.0,,100.0
430312,,,,,100.0,100.0,100.0,,100.0
430316,,,,,100.0,100.0,100.0,,100.0
430320,,,,,100.0,100.0,100.0,,100.0
430328,,,,,100.0,100.0,100.0,,100.0
430330,,,,,100.0,100.0,100.0,,100.0
430332,,,,,100.0,100.0,100.0,,100.0
430336,,,,,100.0,100.0,100.0,,100.0
430341,,,100.0,,,,,,100.0
430344,,,,,100.0,100.0,,,100.0
430345,,0.0,,100.0,100.0,100.0,,,83.3
430346,100.0,85.7,100.0,100.0,,,,71.4,90.3
430347,,,,,100.0,100.0,100.0,,100.0
430348,,,,,100.0,100.0,100.0,,100.0
430349,,,,,100.0,100.0,100.0,,100.0
430351,,,,,100.0,100.0,100.0,,100.0
430352,,,,,100.0,100.0,100.0,,100.0
430358,,,,,100.0,100.0,100.0,,100.0
430369,,,,,100.0,100.0,100.0,,100.0
430370,,,,,100.0,100.0,100.0,,100.0
430371,100.0,83.3,100.0,83.3,,,,100.0,93.3
430376,,,,,100.0,100.0,100.0,,100.0
430378,100.0,100.0,100.0,100.0,,,,100.0,100.0
430380,,,,,100.0,100.0,100.0,,100.0
430384,100.0,100.0,100.0,100.0,,,,100.0,100.0
430386,,,,,100.0,100.0,100.0,,100.0
43C000,,,,,100.0,100.0,100.0,,100.0
440314,,,,,100.0,100.0,100.0,,100.0
440318,,,,,100.0,100.0,100.0,,100.0
440320,,,,,100.0,100.0,100.0,,100.0
440328,,,,,100.0,100.0,100.0,,100.0
440332,,,,,100.0,100.0,100.0,,100.0
440346,,,100.0,,,,,,100.0
440348,,,,,100.0,100.0,100.0,,100.0
440349,,,,,100.0,100.0,100.0,,100.0
440350,,,,,100.0,100.0,100.0,,100.0
440364,,,,,100.0,100.0,100.0,,100.0
440368,,,,,100.0,100.0,100.0,,100.0
440378,100.0,100.0,100.0,100.0,,,,100.0,100.0
440390,66.7,75.0,100.0,100.0,,,,100.0,88.9
440396,,,,,100.0,100.0,100.0,,100.0
44A000,,,,,100.0,100.0,100.0,,100.0
450301,,,,,100.0,100.0,100.0,,100.0
450302,,,,,100.0,100.0,100.0,,100.0
450306,,,,,100.0,100.0,100.0,,100.0
450307,,,,,100.0,100.0,100.0,,100.0
450308,,,,,100.0,100.0,100.0,,100.0
450316,100.0,100.0,80.0,100.0,,,,80.0,90.9
450322,,,,,100.0,100.0,100.0,,100.0
450324,,,,,100.0,100.0,100.0,,100.0
450328,,,,,100.0,100.0,100.0,,100.0
450332,,,,,100.0,100.0,100.0,,100.0
450333,,,,,100.0,100.0,100.0,,100.0
450334,0.0,100.0,100.0,100.0,,,,100.0,86.7
450335,,,,,100.0,100.0,100.0,,100.0
450336,,,,,100.0,100.0,100.0,,100.0
450339,,,,,100.0,100.0,100.0,,100.0
450340,,,,,100.0,100.0,100.0,,100.0
450341,0.0,100.0,100.0,100.0,,,,100.0,87.0
450342,,,,,100.0,100.0,100.0,,100.0
450343,,100.0,50.0,100.0,,,,0.0,60.0
450344,,,,,100.0,100.0,100.0,,100.0
450346,,,,,100.0,100.0,100.0,,100.0
450352,100.0,100.0,100.0,100.0,,,,100.0,100.0
450354,,100.0,100.0,100.0,,,,100.0,100.0
45A000,,,,,100.0,100.0,100.0,,100.0
45B000,,,,,100.0,100.0,,,100.0
460308,,,,,100.0,100.0,100.0,,100.0
460312,,,,,100.0,100.0,,,100.0
460318,,,,,100.0,100.0,75.0,,92.9
460320,100.0,100.0,100.0,100.0,,,,66.7,93.3
460322,,,100.0,,,,,,100.0
460332,,,,,100.0,100.0,100.0,,100.0
470310,,,,,100.0,100.0,100.0,,100.0
470312,100.0,100.0,100.0,100.0,,,,62.5,91.2
470316,,,,,100.0,100.0,100.0,,100.0
470320,,,,,100.0,100.0,100.0,,100.0
470328,,,,,100.0,100.0,100.0,,100.0
470330,,,,,100.0,100.0,100.0,,100.0
470332,,,,,100.0,100.0,100.0,,100.0
470336,,,,,100.0,100.0,100.0,,100.0
470340,,,,,100.0,100.0,100.0,,100.0
470346,,,,,100.0,100.0,100.0,,100.0
470441,,,,,100.0,100.0,100.0,,100.0
470442,,,,,100.0,100.0,100.0,,100.0
470443,,100.0,100.0,100.0,,,,100.0,100.0
480306,,,,,100.0,100.0,100.0,,100.0
480316,,,,,100.0,100.0,,,100.0
480318,,100.0,100.0,100.0,100.0,100.0,,100.0,100.0
490308,,,,,100.0,100.0,100.0,,100.0
490310,,100.0,,0.0,,,,0.0,33.3
490312,,,,,100.0,100.0,100.0,,100.0
490316,,,,,100.0,100.0,100.0,,100.0
490318,,,,,100.0,100.0,100.0,,100.0
490319,,,,,100.0,100.0,100.0,,100.0
490320,,100.0,100.0,100.0,,,,100.0,100.0
490324,,,,,100.0,100.0,100.0,,100.0
490326,,,,,100.0,100.0,100.0,,100.0
490327,,,,,100.0,100.0,100.0,,100.0
490332,,,,,100.0,100.0,100.0,,100.0
490335,100.0,100.0,80.0,100.0,,,,75.0,89.5
490336,,,,,100.0,100.0,100.0,,100.0
490337,,,,,100.0,100.0,100.0,,100.0
490338,,,,,100.0,100.0,100.0,,100.0
490344,,,,,100.0,100.0,100.0,,100.0
490345,,,,,100.0,100.0,100.0,,100.0
490346,100.0,100.0,100.0,100.0,,,,100.0,100.0
490347,,,,,100.0,100.0,100.0,,100.0
490348,,,,,100.0,100.0,100.0,,100.0
490349,,,,,100.0,100.0,100.0,,100.0
490350,,0.0,,100.0,66.7,66.7,,,60.0
490352,,,,,100.0,100.0,100.0,,100.0
490354,33.3,100.0,80.0,100.0,,,,20.0,69.6
490355,,100.0,100.0,100.0,,,,100.0,100.0
490356,,,,,100.0,100.0,100.0,,100.0
490360,,,,,100.0,100.0,100.0,,100.0
490362,100.0,80.0,100.0,100.0,,,,100.0,95.7
490363,,,,,100.0,100.0,100.0,,100.0
490364,,,,,100.0,100.0,100.0,,100.0
490366,,,,,100.0,100.0,100.0,,100.0
490368,,,,,100.0,100.0,100.0,,100.0
490380,100.0,100.0,100.0,100.0,,,,100.0,100.0
490384,,,,,100.0,100.0,100.0,,100.0
490390,,,,,100.0,100.0,100.0,,100.0
491303,,,,,100.0,100.0,100.0,,100.0
491306,,,,,100.0,100.0,100.0,,100.0
491308,,,,,100.0,100.0,100.0,,100.0
491312,33.3,100.0,100.0,100.0,,,,50.0,81.5
491316,,,,,100.0,100.0,,,100.0
491318,,,,,100.0,100.0,,,100.0
491320,,,,,100.0,100.0,,,100.0
49B000,,,,,100.0,100.0,100.0,,100.0
49D000,,,,,100.0,100.0,,,100.0
49E000,,100.0,100.0,100.0,100.0,100.0,100.0,100.0,100.0
49F000,,,100.0,,100.0,100.0,100.0,,100.0
49G000,,,,,100.0,100.0,100.0,,100.0
500302,,,,,100.0,100.0,,,100.0
500304,,,,,100.0,100.0,100.0,,100.0
500314,,,,,100.0,100.0,100.0,,100.0
500316,,,,,100.0,100.0,,,100.0
500323,,100.0,,100.0,,,,100.0,100.0
500324,,,,,100.0,100.0,,,100.0
500332,,,,,100.0,100.0,100.0,,100.0
500337,,,,,100.0,100.0,100.0,,100.0
500340,100.0,100.0,100.0,100.0,,,,100.0,100.0
50A000,,,,,100.0,100.0,100.0,,100.0
50Z000,,,,,100.0,100.0,,,100.0
510308,,,,,100.0,100.0,,,100.0
510310,,,,,100.0,100.0,100.0,,100.0
510324,100.0,100.0,100.0,100.0,,,,66.7,92.9
510325,,,100.0,,,,,,100.0
510326,,,,,100.0,100.0,100.0,,100.0
510327,100.0,100.0,100.0,100.0,,,,66.7,92.6
510328,,,,,100.0,100.0,100.0,,100.0
510329,,,,,100.0,100.0,100.0,,100.0
510330,,,,,100.0,100.0,100.0,,100.0
510332,,,,,100.0,100.0,100.0,,100.0
510333,100.0,100.0,100.0,100.0,,,,100.0,100.0
510334,,,,,100.0,100.0,100.0,,100.0
510336,,,,,100.0,100.0,100.0,,100.0
510340,,,,,100.0,100.0,100.0,,100.0
510342,,,,,100.0,100.0,100.0,,100.0
510343,,,,,100.0,100.0,100.0,,100.0
510344,,,,,100.0,100.0,100.0,,100.0
510356,,,,,100.0,100.0,100.0,,100.0
510358,,,,,100.0,100.0,100.0,,100.0
510359,,,,,100.0,100.0,100.0,,100.0
510360,,,,,100.0,100.0,100.0,,100.0
510364,,,,,100.0,100.0,100.0,,100.0
510367,,100.0,100.0,100.0,,,,100.0,100.0
510368,100.0,60.0,100.0,100.0,,,,100.0,90.9
510372,,,,,100.0,100.0,100.0,,100.0
510373,,,,,100.0,100.0,100.0,,100.0
510374,,,,,100.0,100.0,100.0,,100.0
510376,100.0,100.0,100.0,100.0,100.0,100.0,100.0,100.0,100.0
510377,,,,,100.0,100.0,100.0,,100.0
510378,,,,,100.0,100.0,100.0,,100.0
510379,,,,,100.0,100.0,100.0,,100.0
510382,,,,,100.0,100.0,,,100.0
510388,,,,,100.0,100.0,,,100.0
510390,,,,,100.0,100.0,100.0,,100.0
510396,,,,,100.0,100.0,100.0,,100.0
510397,,,,,100.0,100.0,100.0,,100.0
510399,100.0,100.0,100.0,100.0,,,,85.7,96.8
510402,100.0,100.0,100.0,100.0,,,,80.0,96.0
510404,,,,,100.0,100.0,100.0,,100.0
510406,100.0,100.0,100.0,100.0,,,,83.3,96.6
510408,,,,,100.0,100.0,100.0,,100.0
510410,,,,,100.0,100.0,100.0,,100.0
510411,,,,,100.0,100.0,100.0,,100.0
510412,,,,,100.0,100.0,100.0,,100.0
510414,,,,,100.0,100.0,100.0,,100.0
51A000,,100.0,100.0,100.0,100.0,100.0,100.0,100.0,100.0
520304,,,,,100.0,100.0,,,100.0
520308,,,,,100.0,100.0,,,100.0
520320,100.0,100.0,100.0,100.0,,,,50.0,90.9
520324,,,,,100.0,100.0,100.0,,100.0
520328,,,,,100.0,100.0,,,100.0
520336,,,,,100.0,100.0,,,100.0
530302,,,,,100.0,100.0,100.0,,100.0
530308,,,,,100.0,100.0,100.0,,100.0
530312,,,,,100.0,100.0,100.0,,100.0
530314,,,,,100.0,100.0,100.0,,100.0
530320,,,,,100.0,100.0,100.0,,100.0
530335,,100.0,100.0,100.0,,,,100.0,100.0
530336,100.0,71.4,85.7,100.0,,,,85.7,87.9
530340,,,,,100.0,100.0,100.0,,100.0
530341,,,,,100.0,100.0,100.0,,100.0
530343,100.0,100.0,66.7,100.0,,,,100.0,92.0
530346,,,,,100.0,100.0,100.0,,100.0
530354,,,,,100.0,100.0,100.0,,100.0
530356,,,,,100.0,100.0,100.0,,100.0
540304,,,,,100.0,100.0,100.0,,100.0
540308,,,,,100.0,100.0,100.0,,100.0
540312,,,,,100.0,100.0,100.0,,100.0
540315,100.0,100.0,100.0,100.0,,,,100.0,100.0
540316,,,,,100.0,100.0,100.0,,100.0
540317,,100.0,100.0,100.0,,,,100.0,100.0
540318,,,,,100.0,100.0,,,100.0
540320,,,,,100.0,100.0,100.0,,100.0
540324,100.0,100.0,100.0,100.0,,,,100.0,100.0
540325,,,,,100.0,100.0,100.0,,100.0
540326,,,,,100.0,100.0,100.0,,100.0
540328,,,,,100.0,100.0,100.0,,100.0
540330,,,,,100.0,100.0,100.0,,100.0
540336,66.7,100.0,100.0,100.0,,,,100.0,95.7
540338,,,,,100.0,100.0,100.0,,100.0
540340,,,,,100.0,100.0,100.0,,100.0
540344,,,,,100.0,100.0,100.0,,100.0
54A000,,,,,100.0,100.0,100.0,,100.0
550314,,,,,100.0,100.0,100.0,,100.0
550316,,,,,100.0,100.0,,,100.0
550320,0.0,100.0,100.0,100.0,,,,66.7,78.6
550322,,,,,100.0,100.0,100.0,,100.0
550324,,,,,100.0,100.0,100.0,,100.0
550328,,,,,100.0,100.0,100.0,,100.0
550332,100.0,100.0,100.0,100.0,,,,100.0,100.0
550334,,,,,100.0,100.0,100.0,,100.0
550336,,,,,100.0,100.0,100.0,,100.0
550340,,,,,100.0,100.0,100.0,,100.0
550342,,,,,100.0,100.0,100.0,,100.0
550344,100.0,100.0,100.0,100.0,,,,100.0,100.0
550349,,,,,100.0,100.0,100.0,,100.0
550350,,,,,100.0,100.0,100.0,,100.0
550356,,,,,100.0,100.0,100.0,,100.0
550360,,,,,100.0,100.0,,,100.0
550362,,,,,100.0,100.0,100.0,,100.0
550364,,,,,100.0,100.0,100.0,,100.0
550368,100.0,100.0,100.0,100.0,,,,0.0,80.0
550372,,,,,100.0,100.0,100.0,,100.0
55A000,,100.0,100.0,100.0,100.0,100.0,100.0,100.0,100.0
560304,,,,,100.0,100.0,,,100.0
560316,,,,,100.0,100.0,,,100.0
560320,100.0,100.0,100.0,100.0,,,,100.0,100.0
560324,,100.0,100.0,0.0,100.0,100.0,100.0,100.0,93.3
560328,,,,,100.0,100.0,,,100.0
560329,,,100.0,,,,,,100.0
560330,,,,,100.0,100.0,100.0,,100.0
560331,,,,,100.0,100.0,100.0,,100.0
560332,,,,,100.0,100.0,,,100.0
560338,,,,,100.0,100.0,,,100.0
570306,,,,,100.0,100.0,100.0,,100.0
570312,,,,,100.0,100.0,,,100.0
570317,,100.0,100.0,100.0,,,,100.0,100.0
570318,100.0,100.0,100.0,100.0,,,,100.0,100.0
570319,,,,,100.0,100.0,100.0,,100.0
570320,,,,,100.0,100.0,100.0,,100.0
580312,,,,,100.0,100.0,100.0,,100.0
580316,,,,,100.0,100.0,100.0,,100.0
580320,,,,,100.0,100.0,,,100.0
580324,,,,,100.0,100.0,100.0,,100.0
580344,100.0,100.0,100.0,100.0,,,,100.0,100.0
580350,,,,,100.0,100.0,100.0,,100.0
580356,,,,,100.0,100.0,100.0,,100.0
580368,100.0,75.0,100.0,75.0,,,,75.0,83.3
580372,,,,,100.0,100.0,100.0,,100.0
58B000,,100.0,100.0,100.0,100.0,100.0,100.0,0.0,85.7
590306,,,,,100.0,100.0,100.0,,100.0
590310,,,,,100.0,100.0,100.0,,100.0
590316,,,,,100.0,100.0,100.0,,100.0
590320,,,,,100.0,100.0,100.0,,100.0
590328,,100.0,100.0,100.0,,,,100.0,100.0
590330,100.0,100.0,100.0,100.0,,,,100.0,100.0
590332,,,,,100.0,100.0,100.0,,100.0
590336,,,,,100.0,100.0,100.0,,100.0
590340,,,,,100.0,100.0,100.0,,100.0
590344,,,,,100.0,100.0,100.0,,100.0
590352,,,,,100.0,100.0,100.0,,100.0
590356,,,,,100.0,100.0,100.0,,100.0
590393,,,,,100.0,100.0,100.0,,100.0
600300,,,,,100.0,100.0,100.0,,100.0
600301,,,,,100.0,100.0,100.0,,100.0
600302,100.0,37.5,100.0,25.0,,,,87.5,64.7
600305,,,,,100.0,100.0,100.0,,100.0
600308,,,,,100.0,100.0,100.0,,100.0
600311,,,,,80.0,100.0,100.0,,92.3
600312,100.0,100.0,100.0,100.0,,,,83.3,96.2
600313,,,,,100.0,100.0,100.0,,100.0
600314,,,,,100.0,100.0,100.0,,100.0
600316,,,,,100.0,100.0,100.0,,100.0
600317,,,,,100.0,100.0,100.0,,100.0
600318,,,,,100.0,100.0,100.0,,100.0
600319,,,,,100.0,100.0,100.0,,100.0
600322,,,,,100.0,100.0,100.0,,100.0
600328,,,,,100.0,100.0,100.0,,100.0
600329,,,,,100.0,100.0,100.0,,100.0
600333,,,,,100.0,100.0,85.7,,95.2
600334,,100.0,,100.0,,,,100.0,100.0
600335,,,,,100.0,100.0,100.0,,100.0
600336,,,,,100.0,100.0,100.0,,100.0
600338,,,,,100.0,100.0,100.0,,100.0
600341,,100.0,100.0,100.0,100.0,100.0,100.0,100.0,100.0
600344,,,,,100.0,100.0,100.0,,100.0
600345,,,,,100.0,100.0,100.0,,100.0
600346,,,,,100.0,100.0,100.0,,100.0
600349,,,,,100.0,100.0,100.0,,100.0
600351,,,,,100.0,100.0,100.0,,100.0
600352,,,,,100.0,100.0,100.0,,100.0
600353,,,,,100.0,100.0,100.0,,100.0
600357,,,,,100.0,100.0,100.0,,100.0
600361,75.0,100.0,100.0,100.0,,,,100.0,97.0
600362,,,,,100.0,100.0,100.0,,100.0
600364,,100.0,100.0,100.0,,,,100.0,100.0
600365,,,,,100.0,100.0,100.0,,100.0
600366,,,,,100.0,100.0,100.0,,100.0
600367,,,,,100.0,100.0,100.0,,100.0
600368,,,,,100.0,100.0,100.0,,100.0
600369,,,,,100.0,100.0,100.0,,100.0
600374,,,,,100.0,100.0,100.0,,100.0
600377,0.0,100.0,75.0,100.0,,,,71.4,81.3
600379,,,,,100.0,100.0,100.0,,100.0
600381,,,,,100.0,100.0,100.0,,100.0
600382,,,,,100.0,100.0,100.0,,100.0
600383,,,,,100.0,100.0,100.0,,100.0
600384,,,,,100.0,100.0,100.0,,100.0
600385,,,,,100.0,100.0,100.0,,100.0
600386,,100.0,100.0,100.0,,,,100.0,100.0
600392,,,,,100.0,100.0,100.0,,100.0
600394,,,,,100.0,100.0,100.0,,100.0
600397,0.0,33.3,100.0,0.0,,,,33.3,39.3
600398,,,,,100.0,100.0,100.0,,100.0
600399,,,,,100.0,100.0,85.7,,95.7
600404,,100.0,,100.0,,,,100.0,100.0
600405,0.0,0.0,0.0,83.3,,,,0.0,19.2
600406,,,,,100.0,100.0,100.0,,100.0
600408,,,,,100.0,100.0,100.0,,100.0
600409,,,,,100.0,100.0,100.0,,100.0
600410,,,,,100.0,100.0,100.0,,100.0
600411,,,,,100.0,100.0,100.0,,100.0
600412,,,,,100.0,100.0,100.0,,100.0
600413,,,,,100.0,100.0,,,100.0
600414,,,,,83.3,83.3,100.0,,86.7
600415,75.0,83.3,66.7,83.3,,,,16.7,64.3
600416,,,,,100.0,100.0,100.0,,100.0
600418,,,,,100.0,100.0,100.0,,100.0
600420,,,,,100.0,100.0,100.0,,100.0
600422,,,,,100.0,100.0,100.0,,100.0
600424,,,,,100.0,100.0,100.0,,100.0
600426,100.0,100.0,100.0,100.0,,,,85.7,97.1
600428,,,,,100.0,100.0,100.0,,100.0
600429,,,,,100.0,100.0,100.0,,100.0
600431,,,,,100.0,100.0,100.0,,100.0
600432,,,,,100.0,100.0,100.0,,100.0
600433,,,,,100.0,100.0,100.0,,100.0
600434,,,,,100.0,100.0,100.0,,100.0
600435,,,,,100.0,100.0,,,100.0
600436,,,,,100.0,100.0,100.0,,100.0
600437,,,,,100.0,100.0,100.0,,100.0
600438,,,,,100.0,100.0,100.0,,100.0
600439,,,0.0,,0.0,0.0,0.0,,0.0
600440,,,,,100.0,100.0,100.0,,100.0
600442,,,,,100.0,100.0,100.0,,100.0
600443,,0.0,,0.0,,,,100.0,33.3
600444,,,,,100.0,100.0,100.0,,100.0
600445,100.0,16.7,87.5,66.7,,,,57.1,63.3
600446,,,,,100.0,100.0,100.0,,100.0
600447,,,,,100.0,100.0,100.0,,100.0
600448,,,,,85.7,85.7,100.0,,90.0
600449,,,,,100.0,100.0,100.0,,100.0
600450,,,,,100.0,100.0,100.0,,100.0
600451,,,,,100.0,100.0,100.0,,100.0
600453,,,,,100.0,100.0,100.0,,100.0
600454,,,,,100.0,100.0,,,100.0
600455,,,,,100.0,100.0,100.0,,100.0
600457,66.7,100.0,100.0,100.0,,,,50.0,85.2
600459,,,,,100.0,100.0,100.0,,100.0
600461,,,,,0.0,0.0,,,0.0
600462,,,,,100.0,100.0,100.0,,100.0
600463,,,,,100.0,100.0,100.0,,100.0
600464,,,,,100.0,100.0,100.0,,100.0
600466,0.0,100.0,28.6,100.0,,,,66.7,66.7
600468,,,,,100.0,100.0,100.0,,100.0
600471,,,,,100.0,100.0,100.0,,100.0
600474,,,,,100.0,100.0,100.0,,100.0
600475,,,,,100.0,100.0,100.0,,100.0
600478,,,,,100.0,100.0,100.0,,100.0
600479,,,,,100.0,100.0,100.0,,100.0
600480,0.0,83.3,100.0,100.0,,,,33.3,71.4
600481,,,,,100.0,100.0,100.0,,100.0
600482,,100.0,100.0,100.0,100.0,100.0,100.0,100.0,100.0
600484,,,,,100.0,100.0,100.0,,100.0
600485,,,,,100.0,100.0,100.0,,100.0
600488,,,,,100.0,100.0,100.0,,100.0
600489,,,,,100.0,100.0,100.0,,100.0
600491,,,,,100.0,100.0,100.0,,100.0
600492,,,,,100.0,100.0,100.0,,100.0
600493,,,,,100.0,100.0,100.0,,100.0
600494,,,,,100.0,100.0,100.0,,100.0
600496,100.0,100.0,100.0,100.0,,,,100.0,100.0
600497,,,,,100.0,100.0,100.0,,100.0
600498,,100.0,0.0,100.0,,,,0.0,40.0
600499,,100.0,50.0,100.0,,,,0.0,62.5
600500,,,,,100.0,100.0,100.0,,100.0
600501,,,,,100.0,100.0,100.0,,100.0
600503,,,,,100.0,100.0,100.0,,100.0
600507,,,,,100.0,100.0,100.0,,100.0
600508,100.0,100.0,85.7,100.0,,,,100.0,96.3
600509,,,,,100.0,100.0,100.0,,100.0
600512,,,,,100.0,100.0,100.0,,100.0
600513,,,,,100.0,100.0,100.0,,100.0
600514,,,,,100.0,100.0,100.0,,100.0
600515,,,,,100.0,100.0,100.0,,100.0
600516,,,,,100.0,100.0,100.0,,100.0
600517,,,,,100.0,100.0,100.0,,100.0
600518,,,,,100.0,100.0,100.0,,100.0
600519,,,,,100.0,100.0,100.0,,100.0
600520,,,,,100.0,100.0,100.0,,100.0
600521,,,,,100.0,100.0,100.0,,100.0
600522,,,,,100.0,100.0,100.0,,100.0
600527,,,,,100.0,100.0,100.0,,100.0
600530,,,,,100.0,100.0,100.0,,100.0
600532,,,,,100.0,100.0,100.0,,100.0
600534,,,,,100.0,100.0,100.0,,100.0
600535,100.0,85.7,100.0,100.0,,,,100.0,96.9
600537,,,,,100.0,100.0,100.0,,100.0
600538,,,,,100.0,100.0,85.7,,96.0
600545,,,,,100.0,100.0,100.0,,100.0
600546,,,,,100.0,100.0,100.0,,100.0
600549,,,,,100.0,100.0,100.0,,100.0
600550,,,,,100.0,100.0,100.0,,100.0
600553,,,,,100.0,100.0,100.0,,100.0
600557,,,,,100.0,100.0,100.0,,100.0
600558,,,,,100.0,100.0,100.0,,100.0
600562,,,,,100.0,100.0,100.0,,100.0
600565,,,,,100.0,100.0,100.0,,100.0
600566,,,,,100.0,100.0,100.0,,100.0
600567,100.0,100.0,100.0,100.0,,,,50.0,90.9
600571,,,,,100.0,100.0,100.0,,100.0
600574,,,,,100.0,100.0,100.0,,100.0
600576,0.0,100.0,40.0,50.0,,,,0.0,40.0
600577,,,,,100.0,100.0,100.0,,100.0
600579,0.0,66.7,85.7,16.7,,,,66.7,53.6
600582,,,,,100.0,100.0,100.0,,100.0
600586,,,,,100.0,100.0,100.0,,100.0
600587,,,,,100.0,100.0,100.0,,100.0
600588,,,,,100.0,100.0,100.0,,100.0
600589,,,,,100.0,100.0,100.0,,100.0
600590,,,,,100.0,100.0,100.0,,100.0
600592,0.0,0.0,100.0,16.7,,,,33.3,32.1
600594,,100.0,,100.0,,,,100.0,100.0
600693,0.0,25.0,100.0,25.0,,,,100.0,61.1
600694,0.0,100.0,80.0,100.0,,,,60.0,81.0
600695,0.0,0.0,0.0,0.0,,,,0.0,0.0
600696,0.0,0.0,66.7,0.0,,,,33.3,23.1
600697,0.0,75.0,100.0,100.0,,,,75.0,81.3
60B000,,100.0,100.0,100.0,100.0,100.0,100.0,100.0,100.0
60D000,,100.0,100.0,100.0,100.0,100.0,100.0,100.0,100.0
60F000,,,,,100.0,100.0,100.0,,100.0
60G000,,100.0,100.0,100.0,100.0,100.0,100.0,66.7,96.3
60I000,,100.0,100.0,100.0,100.0,100.0,100.0,100.0,100.0
60J000,,,,,100.0,100.0,100.0,,100.0
60K000,,0.0,0.0,100.0,100.0,100.0,100.0,100.0,84.6
60L000,,,,,100.0,100.0,100.0,,100.0
60M000,,,,,100.0,100.0,100.0,,100.0
60N000,,,,,100.0,100.0,,,100.0
60P000,,,,,100.0,100.0,,,100.0
60Q000,,,,,100.0,100.0,100.0,,100.0
60S000,,100.0,50.0,100.0,100.0,100.0,100.0,100.0,95.0
60U000,,33.3,0.0,100.0,,,,0.0,36.4
60V000,,0.0,100.0,100.0,100.0,100.0,,100.0,84.6
60Y000,,,,,100.0,100.0,100.0,,100.0
610302,,,,,100.0,100.0,100.0,,100.0
610310,,,,,100.0,100.0,100.0,,100.0
610320,,,,,100.0,100.0,,,100.0
610326,,,,,100.0,100.0,100.0,,100.0
610332,,,100.0,,,,,,100.0
610334,100.0,100.0,100.0,100.0,,,,100.0,100.0
61J000,,,,,100.0,100.0,,,100.0
61K000,,,,,100.0,100.0,,,100.0
61M000,,,,,100.0,100.0,100.0,,100.0
61N000,,,,,100.0,100.0,100.0,,100.0
61P000,,,,,100.0,100.0,,,100.0
61Q000,,,,,100.0,100.0,100.0,,100.0
61R000,,,,,100.0,100.0,100.0,,100.0
61U000,,,,,100.0,100.0,100.0,,100.0
620312,,,,,100.0,100.0,100.0,,100.0
620314,,,,,100.0,100.0,100.0,,100.0
620316,50.0,100.0,100.0,100.0,,,,100.0,94.4
620318,,,,,100.0,100.0,100.0,,100.0
620324,,,,,100.0,100.0,100.0,,100.0
620330,,,,,100.0,100.0,100.0,,100.0
620334,,,,,100.0,100.0,100.0,,100.0
620339,,,,,100.0,100.0,100.0,,100.0
620340,100.0,100.0,100.0,100.0,,,,100.0,100.0
620350,,,100.0,,,,,,100.0
630308,,,,,100.0,100.0,100.0,,100.0
630312,,,,,100.0,100.0,100.0,,100.0
630316,,,,,100.0,100.0,100.0,,100.0
630317,,,,,100.0,100.0,100.0,,100.0
630320,,,,,100.0,100.0,100.0,,100.0
630324,,,,,100.0,100.0,100.0,,100.0
630328,,,,,100.0,100.0,100.0,,100.0
630331,,,,,100.0,100.0,100.0,,100.0
630332,100.0,100.0,100.0,100.0,,,,100.0,100.0
630336,66.7,100.0,83.3,100.0,,,,100.0,92.6
630342,,,,,100.0,100.0,100.0,,100.0
630348,,,,,100.0,100.0,100.0,,100.0
630350,,,,,100.0,100.0,100.0,,100.0
630356,,,,,100.0,100.0,100.0,,100.0
630360,100.0,100.0,80.0,100.0,,,,100.0,94.7
630364,,,,,100.0,100.0,100.0,,100.0
630368,,,,,100.0,100.0,100.0,,100.0
630373,,,,,100.0,100.0,100.0,,100.0
630374,,,,,100.0,100.0,100.0,,100.0
630376,,,,,100.0,100.0,100.0,,100.0
63A000,,,,,100.0,100.0,100.0,,100.0
63B000,,,,,100.0,100.0,100.0,,100.0
640304,,,,,100.0,100.0,100.0,,100.0
640306,,,,,100.0,100.0,100.0,,100.0
640308,,,,,100.0,100.0,100.0,,100.0
640316,,,,,100.0,100.0,,,100.0
640320,,,,,100.0,100.0,100.0,,100.0
640324,,,,,100.0,100.0,100.0,,100.0
640326,,,,,100.0,100.0,100.0,,100.0
640328,,,,,100.0,100.0,100.0,,100.0
640329,,,,,100.0,100.0,100.0,,100.0
640332,,,,,100.0,100.0,100.0,,100.0
640334,,,,,100.0,100.0,100.0,,100.0
640335,,,,,100.0,100.0,100.0,,100.0
640336,,,,,100.0,100.0,100.0,,100.0
640346,100.0,100.0,100.0,100.0,,,,100.0,100.0
640347,,100.0,100.0,100.0,,,,100.0,100.0
640348,,,,,100.0,100.0,100.0,,100.0
640350,100.0,100.0,80.0,100.0,,,,100.0,95.8
640358,,,,,100.0,100.0,100.0,,100.0
640361,100.0,100.0,100.0,100.0,,,,100.0,100.0
640362,,,,,100.0,100.0,100.0,,100.0
640364,100.0,100.0,100.0,100.0,,,,100.0,100.0
640376,,,,,100.0,100.0,100.0,,100.0
640384,,,,,100.0,100.0,100.0,,100.0
640396,,,,,100.0,100.0,100.0,,100.0
64A000,,0.0,100.0,100.0,100.0,100.0,100.0,100.0,88.9
650304,,,,,100.0,100.0,100.0,,100.0
650308,,,,,100.0,100.0,100.0,,100.0
650309,,,,,100.0,100.0,100.0,,100.0
650310,,,,,100.0,100.0,100.0,,100.0
650312,,,,,100.0,100.0,100.0,,100.0
650316,,,,,100.0,100.0,100.0,,100.0
650323,,,,,100.0,100.0,100.0,,100.0
650324,,,,,100.0,100.0,100.0,,100.0
650325,,,,,100.0,100.0,100.0,,100.0
650326,100.0,100.0,100.0,100.0,,,,100.0,100.0
650327,100.0,100.0,100.0,100.0,,,,83.3,96.3
650328,,,,,100.0,100.0,100.0,,100.0
650332,,,,,100.0,100.0,100.0,,100.0
650338,,,,,100.0,100.0,100.0,,100.0
650339,,,,,100.0,100.0,100.0,,100.0
650340,,100.0,100.0,100.0,,,,100.0,100.0
650341,,,,,100.0,100.0,100.0,,100.0
650342,100.0,100.0,100.0,100.0,,,,100.0,100.0
650343,,,,,100.0,100.0,100.0,,100.0
650345,,,,,100.0,100.0,,,100.0
650346,,,,,100.0,100.0,100.0,,100.0
650348,,,,,100.0,100.0,100.0,,100.0
650350,,,,,100.0,100.0,100.0,,100.0
650351,,,,,100.0,100.0,100.0,,100.0
650352,100.0,100.0,100.0,100.0,,,,16.7,80.0
650353,,,,,100.0,100.0,100.0,,100.0
650354,,,,,100.0,100.0,,,100.0
650356,,,,,100.0,100.0,100.0,,100.0
650362,,,,,100.0,100.0,100.0,,100.0
650364,,,,,100.0,100.0,100.0,,100.0
650366,,,,,100.0,100.0,100.0,,100.0
650368,,,,,100.0,100.0,100.0,,100.0
650380,,,,,100.0,100.0,100.0,,100.0
650384,,,,,100.0,100.0,100.0,,100.0
650392,,,,,100.0,100.0,100.0,,100.0
650394,,100.0,100.0,100.0,,,,100.0,100.0
650400,,,,,100.0,100.0,100.0,,100.0
650404,,,,,100.0,100.0,100.0,,100.0
650408,,,,,100.0,100.0,100.0,,100.0
650409,,,,,100.0,100.0,100.0,,100.0
65A000,,,,,100.0,100.0,100.0,,100.0
65B000,,,,,100.0,100.0,,,100.0
65C000,,,,,100.0,100.0,,,100.0
65D000,,,,,100.0,100.0,100.0,,100.0
65F000,,,,,100.0,100.0,100.0,,100.0
65G000,,,,,100.0,100.0,,,100.0
660306,,,,,100.0,100.0,,,100.0
660308,,,,,100.0,80.0,100.0,,92.3
660320,,,,,100.0,100.0,,,100.0
660325,,,,,100.0,100.0,100.0,,100.0
660336,0.0,100.0,100.0,100.0,,,,66.7,78.6
660360,,,,,100.0,100.0,,,100.0
660400,,100.0,,100.0,,,,100.0,100.0
66A000,,100.0,100.0,100.0,100.0,100.0,100.0,100.0,100.0
670304,,,,,100.0,100.0,100.0,,100.0
670308,,,,,100.0,100.0,100.0,,100.0
670310,,,,,100.0,100.0,100.0,,100.0
670312,,,,,100.0,100.0,100.0,,100.0
670314,,,,,100.0,100.0,,,100.0
670318,,,,,100.0,100.0,100.0,,100.0
670320,100.0,100.0,100.0,100.0,,,,100.0,100.0
670321,,,,,100.0,100.0,100.0,,100.0
670322,,,,,100.0,100.0,100.0,,100.0
670323,,,,,100.0,100.0,100.0,,100.0
670324,100.0,100.0,100.0,100.0,,,,100.0,100.0
670325,,,,,100.0,100.0,100.0,,100.0
670329,,,,,100.0,100.0,100.0,,100.0
670330,,,,,100.0,100.0,100.0,,100.0
670331,,,,,100.0,100.0,100.0,,100.0
670332,,,,,100.0,100.0,100.0,,100.0
670333,100.0,100.0,100.0,100.0,,,,100.0,100.0
670335,,,,,100.0,100.0,100.0,,100.0
670336,,,,,100.0,100.0,100.0,,100.0
670338,,,,,100.0,100.0,100.0,,100.0
670339,,,,,100.0,100.0,100.0,,100.0
670340,100.0,100.0,100.0,100.0,,,,100.0,100.0
670341,,,,,100.0,100.0,100.0,,100.0
670342,,,,,100.0,100.0,100.0,,100.0
670343,,,,,100.0,100.0,100.0,,100.0
670344,100.0,100.0,100.0,100.0,,,,100.0,100.0
670345,,,,,100.0,100.0,100.0,,100.0
670346,,,,,100.0,100.0,100.0,,100.0
670347,,,,,100.0,100.0,100.0,,100.0
670350,,,,,100.0,100.0,100.0,,100.0
670351,,,,,100.0,100.0,100.0,,100.0
670352,100.0,100.0,100.0,100.0,,,,100.0,100.0
670356,,,,,100.0,100.0,100.0,,100.0
670364,100.0,100.0,100.0,100.0,,,,100.0,100.0
67B000,,,,,100.0,100.0,,,100.0
680304,,,,,100.0,100.0,100.0,,100.0
680308,,,,,100.0,100.0,100.0,,100.0
680310,100.0,100.0,100.0,100.0,,,,100.0,100.0
680312,,,,,100.0,100.0,100.0,,100.0
680316,,,,,100.0,100.0,100.0,,100.0
680324,,,,,100.0,100.0,100.0,,100.0
680327,,,,,100.0,100.0,100.0,,100.0
680328,,,,,100.0,100.0,100.0,,100.0
680329,,,,,100.0,100.0,100.0,,100.0
680330,,,,,100.0,100.0,100.0,,100.0
680332,100.0,100.0,100.0,100.0,,,,50.0,88.5
680336,,,,,100.0,100.0,100.0,,100.0
681300,,,,,100.0,100.0,100.0,,100.0
681304,,,,,100.0,100.0,100.0,,100.0
681305,,100.0,100.0,100.0,,,,100.0,100.0
681308,0.0,100.0,100.0,100.0,,,,0.0,75.9
681309,,,,,100.0,100.0,100.0,,100.0
681310,,,,,100.0,100.0,100.0,,100.0
681311,,,,,100.0,100.0,100.0,,100.0
681312,,,,,100.0,100.0,100.0,,100.0
681314,100.0,80.0,75.0,80.0,,,,60.0,75.0
681316,,,,,100.0,100.0,100.0,,100.0
681320,,,,,100.0,100.0,100.0,,100.0
681322,,,,,100.0,100.0,100.0,,100.0
681324,,,,,100.0,100.0,100.0,,100.0
681326,,,,,100.0,100.0,100.0,,100.0
681330,,,,,100.0,100.0,100.0,,100.0
681332,,,,,100.0,100.0,100.0,,100.0
681334,,,,,100.0,100.0,100.0,,100.0
681336,,,,,100.0,100.0,100.0,,100.0
68A000,,,100.0,,100.0,100.0,100.0,,100.0
68C000,,,,,100.0,100.0,100.0,,100.0
690312,,,,,100.0,100.0,100.0,,100.0
690316,,,,,100.0,100.0,100.0,,100.0
690320,100.0,100.0,100.0,100.0,,,,100.0,100.0
69A000,,100.0,,100.0,100.0,100.0,100.0,100.0,100.0
700306,,,,,100.0,100.0,100.0,,100.0
700308,,,,,100.0,100.0,100.0,,100.0
700314,,,,,100.0,100.0,100.0,,100.0
700316,,,,,100.0,100.0,100.0,,100.0
700317,100.0,100.0,100.0,100.0,,,,100.0,100.0
700318,,,,,100.0,100.0,100.0,,100.0
700319,100.0,100.0,100.0,100.0,,,,100.0,100.0
700320,,,,,100.0,100.0,100.0,,100.0
700322,,,,,100.0,100.0,100.0,,100.0
700324,,,,,100.0,100.0,100.0,,100.0
700328,,,,,100.0,100.0,100.0,,100.0
70A000,,100.0,100.0,100.0,100.0,100.0,100.0,100.0,100.0
710312,,,,,100.0,100.0,100.0,,100.0
710316,,,,,100.0,100.0,100.0,,100.0
710318,,,,,100.0,100.0,100.0,,100.0
710320,,,,,100.0,100.0,100.0,,100.0
710321,66.7,100.0,100.0,100.0,,,,100.0,95.2
710323,,,,,100.0,100.0,100.0,,100.0
710324,,,,,100.0,100.0,100.0,,100.0
710326,100.0,100.0,100.0,100.0,,,,100.0,100.0
710327,,100.0,100.0,100.0,,,,100.0,100.0
710328,,,,,100.0,100.0,100.0,,100.0
710332,,,,,100.0,100.0,100.0,,100.0
710342,100.0,100.0,100.0,100.0,,,,100.0,100.0
710344,,,,,100.0,100.0,100.0,,100.0
710346,,,,,100.0,100.0,100.0,,100.0
710347,,,,,100.0,100.0,100.0,,100.0
710348,,,,,100.0,100.0,100.0,,100.0
720312,,,,,80.0,100.0,100.0,,92.9
720316,100.0,100.0,100.0,100.0,,,,100.0,100.0
720320,,,,,80.0,100.0,100.0,,93.3
730332,,,,,100.0,100.0,100.0,,100.0
730334,,,,,100.0,100.0,100.0,,100.0
730340,,,,,100.0,100.0,100.0,,100.0
730344,,,,,100.0,100.0,100.0,,100.0
730348,,,,,100.0,100.0,100.0,,100.0
730350,,,100.0,,,,,,100.0
730352,25.0,100.0,100.0,100.0,,,,100.0,88.0
730354,,,,,100.0,100.0,100.0,,100.0
730356,,,,,100.0,100.0,100.0,,100.0
730360,,,,,100.0,100.0,100.0,,100.0
730368,,,,,100.0,100.0,100.0,,100.0
73A000,,,,,100.0,100.0,100.0,,100.0
73B000,,100.0,100.0,100.0,100.0,100.0,100.0,100.0,100.0
740302,,,,,100.0,100.0,100.0,,100.0
740304,,,,,100.0,100.0,100.0,,100.0
740308,,,,,100.0,100.0,100.0,,100.0
740309,100.0,100.0,100.0,100.0,,,,100.0,100.0
740310,,,,,100.0,100.0,100.0,,100.0
740320,,,,,100.0,100.0,100.0,,100.0
740324,,,,,100.0,100.0,100.0,,100.0
740330,,,,,100.0,100.0,100.0,,100.0
740332,,,,,100.0,100.0,100.0,,100.0
740333,100.0,66.7,83.3,83.3,,,,100.0,85.7
740334,,,,,100.0,100.0,100.0,,100.0
740336,,,,,100.0,100.0,100.0,,100.0
740337,,,,,100.0,100.0,100.0,,100.0
740338,,,,,100.0,100.0,100.0,,100.0
740340,,,,,100.0,100.0,100.0,,100.0
740344,100.0,80.0,75.0,80.0,,,,20.0,68.2
740352,,,,,100.0,100.0,100.0,,100.0
740358,,,,,100.0,100.0,100.0,,100.0
740362,,,,,100.0,100.0,80.0,,95.7
740366,100.0,80.0,80.0,80.0,,,,0.0,66.7
740368,,,,,100.0,100.0,100.0,,100.0
740374,100.0,83.3,100.0,83.3,,,,83.3,88.9
740375,,,,,100.0,100.0,100.0,,100.0
740376,,,,,100.0,100.0,100.0,,100.0
740379,,,,,100.0,100.0,100.0,,100.0
740380,,,,,100.0,100.0,100.0,,100.0
740386,,,,,100.0,100.0,100.0,,100.0
740388,100.0,100.0,100.0,100.0,,,,100.0,100.0
740390,,,,,100.0,100.0,100.0,,100.0
740396,,,,,100.0,100.0,100.0,,100.0
740400,,,,,100.0,100.0,100.0,,100.0
740402,,,,,100.0,100.0,100.0,,100.0
740404,,,,,100.0,100.0,100.0,,100.0
740500,,100.0,100.0,100.0,,,,100.0,100.0
74B000,,,,,100.0,100.0,100.0,,100.0
74C000,,,,,100.0,100.0,100.0,,100.0
74Z000,,,,,0.0,100.0,,,50.0
750304,,,,,100.0,100.0,100.0,,100.0
750314,,,,,100.0,100.0,100.0,,100.0
750318,66.7,100.0,100.0,100.0,,,,100.0,93.3
750319,,,,,100.0,100.0,100.0,,100.0
750320,,,,,100.0,100.0,,,100.0
750328,,,,,100.0,100.0,,,100.0
760304,,,,,100.0,100.0,100.0,,100.0
760308,,,,,100.0,100.0,,,100.0
760316,,,,,100.0,100.0,100.0,,100.0
760318,100.0,100.0,100.0,100.0,,,,50.0,89.5
760320,,,,,100.0,100.0,100.0,,100.0
760324,,,,,100.0,100.0,100.0,,100.0
760328,,,,,100.0,100.0,100.0,,100.0
760329,,,,,100.0,100.0,100.0,,100.0
760330,,,,,100.0,100.0,100.0,,100.0
760331,,,,,100.0,100.0,100.0,,100.0
760332,,,,,100.0,100.0,100.0,,100.0
760336,,,,,100.0,100.0,100.0,,100.0
760338,,,,,100.0,100.0,100.0,,100.0
760339,100.0,100.0,100.0,100.0,,,,100.0,100.0
760340,,,,,100.0,100.0,100.0,,100.0
760344,,,,,100.0,100.0,,,100.0
760348,100.0,100.0,100.0,100.0,,,,100.0,100.0
760352,,,,,100.0,100.0,100.0,,100.0
760354,,100.0,100.0,100.0,,,,100.0,100.0
760356,,,,,100.0,100.0,100.0,,100.0
760357,,,,,100.0,100.0,100.0,,100.0
760358,100.0,100.0,100.0,100.0,,,,100.0,100.0
760359,,,,,100.0,100.0,100.0,,100.0
760360,,,,,100.0,100.0,100.0,,100.0
760364,,,,,100.0,100.0,100.0,,100.0
760368,,,,,100.0,100.0,100.0,,100.0
760376,,,,,100.0,100.0,100.0,,100.0
760378,,,,,100.0,100.0,100.0,,100.0
760380,100.0,100.0,100.0,100.0,,,,100.0,100.0
760382,,,,,100.0,100.0,100.0,,100.0
760388,100.0,100.0,100.0,100.0,,,,66.7,92.9
761304,100.0,85.7,100.0,100.0,,,,100.0,96.7
761308,,,,,100.0,100.0,100.0,,100.0
761312,,,,,100.0,100.0,100.0,,100.0
761320,,,,,100.0,100.0,100.0,,100.0
761321,,,,,100.0,100.0,100.0,,100.0
761328,,,,,100.0,100.0,100.0,,100.0
761332,,,,,100.0,100.0,100.0,,100.0
761336,,,,,100.0,100.0,100.0,,100.0
76A000,,100.0,100.0,100.0,100.0,100.0,100.0,100.0,100.0
770310,,,,,100.0,100.0,100.0,,100.0
770316,,,,,100.0,100.0,100.0,,100.0
770318,,,,,100.0,100.0,100.0,,100.0
770328,,,,,100.0,100.0,100.0,,100.0
770340,,,,,100.0,100.0,100.0,,100.0
770344,,,,,100.0,100.0,100.0,,100.0
770346,,,,,100.0,100.0,100.0,,100.0
770348,100.0,100.0,100.0,100.0,,,,83.3,96.4
770349,,100.0,100.0,100.0,,,,100.0,100.0
770360,,,,,100.0,100.0,100.0,,100.0
770364,,,,,100.0,100.0,66.7,,93.3
770368,,,,,100.0,100.0,100.0,,100.0
770370,,,,,100.0,100.0,100.0,,100.0
780320,,,,,100.0,100.0,100.0,,100.0
780322,,,,,100.0,100.0,,,100.0
780324,,,,,100.0,100.0,100.0,,100.0
780325,75.0,100.0,100.0,100.0,,,,100.0,95.8
780326,,,,,100.0,100.0,100.0,,100.0
780328,,,,,100.0,100.0,,,100.0
780329,,,,,100.0,100.0,,,100.0
780330,,,,,100.0,100.0,100.0,,100.0
780336,,,,,100.0,100.0,100.0,,100.0
780340,,,,,100.0,100.0,,,100.0
780341,,,,,100.0,100.0,80.0,,95.2
780342,0.0,85.7,88.9,85.7,,,,42.9,65.7
780344,,,,,100.0,100.0,100.0,,100.0
780352,,,,,100.0,100.0,100.0,,100.0
780356,,,,,100.0,100.0,100.0,,100.0
780360,,,,,100.0,100.0,100.0,,100.0
780364,,,,,100.0,100.0,100.0,,100.0
780368,,,,,100.0,100.0,100.0,,100.0
780374,,,,,100.0,100.0,,,100.0
780376,,,,,100.0,100.0,100.0,,100.0
780384,,,,,100.0,100.0,100.0,,100.0
780385,,100.0,100.0,100.0,,,,100.0,100.0
780390,,,,,100.0,100.0,,,100.0
780391,100.0,100.0,60.0,100.0,,,,100.0,88.9
780392,,,,,100.0,100.0,100.0,,100.0
780393,,,,,100.0,100.0,100.0,,100.0
780394,,,,,100.0,100.0,,,100.0
780396,,,,,100.0,100.0,100.0,,100.0
780398,,,,,100.0,100.0,,,100.0
780400,,,,,100.0,100.0,100.0,,100.0
780401,100.0,100.0,100.0,100.0,,,,100.0,100.0
780402,0.0,100.0,100.0,100.0,,,,0.0,66.7
780403,,,,,100.0,100.0,100.0,,100.0
780407,,,,,100.0,100.0,,,100.0
780408,,,,,100.0,100.0,100.0,,100.0
780410,,,,,100.0,100.0,100.0,,100.0
780412,,,,,100.0,100.0,100.0,,100.0
780416,,,,,100.0,100.0,100.0,,100.0
780417,,,,,100.0,100.0,,,100.0
780418,,,,,100.0,100.0,,,100.0
780420,0.0,66.7,100.0,100.0,,,,66.7,70.6
78A000,,,,,100.0,100.0,100.0,,100.0
78B000,,,,,100.0,100.0,100.0,,100.0
790302,,,,,100.0,100.0,100.0,,100.0
790310,,,,,100.0,100.0,100.0,,100.0
790314,100.0,100.0,100.0,100.0,,,,50.0,88.9
790318,,,,,100.0,100.0,100.0,,100.0
790322,,,,,100.0,100.0,100.0,,100.0
790327,,,,,100.0,100.0,100.0,,100.0
790330,,,,,100.0,100.0,100.0,,100.0
790334,,,,,100.0,100.0,100.0,,100.0
790344,,,,,100.0,100.0,100.0,,100.0
790347,,,,,100.0,100.0,100.0,,100.0
790350,,,,,100.0,100.0,100.0,,100.0
790354,100.0,100.0,100.0,100.0,,,,75.0,95.0
790358,,,,,100.0,100.0,100.0,,100.0
790362,,,,,100.0,100.0,100.0,,100.0
790366,100.0,100.0,100.0,100.0,,,,100.0,100.0
790374,,,,,100.0,100.0,100.0,,100.0
790378,100.0,75.0,100.0,100.0,,,,60.0,84.2
790379,,100.0,100.0,100.0,,,,100.0,100.0
790380,,,,,100.0,100.0,100.0,,100.0
790386,,,,,100.0,100.0,100.0,,100.0
790390,,,,,100.0,100.0,100.0,,100.0
790394,,,,,100.0,100.0,100.0,,100.0
790398,,,,,100.0,100.0,100.0,,100.0
790402,,,,,100.0,100.0,100.0,,100.0
79A000,,,,,100.0,100.0,100.0,,100.0
800308,,,0.0,,0.0,0.0,,,0.0
800312,,,,,100.0,100.0,100.0,,100.0
800314,,,,,100.0,100.0,100.0,,100.0
800315,,,,,100.0,100.0,100.0,,100.0
800316,,,,,100.0,100.0,100.0,,100.0
800320,,,,,100.0,100.0,100.0,,100.0
800324,,,,,100.0,100.0,100.0,,100.0
800328,,,,,100.0,100.0,100.0,,100.0
800340,100.0,100.0,75.0,100.0,,,,100.0,93.8
800346,,,,,100.0,100.0,100.0,,100.0
800347,,,,,100.0,100.0,100.0,,100.0
800348,,,,,100.0,100.0,100.0,,100.0
800352,,,,,100.0,100.0,100.0,,100.0
800356,,,,,100.0,100.0,100.0,,100.0
800358,,,,,100.0,100.0,100.0,,100.0
800359,,,,,100.0,100.0,100.0,,100.0
800360,,,,,100.0,100.0,100.0,,100.0
800361,66.7,100.0,100.0,100.0,,,,100.0,94.7
800362,,,,,100.0,100.0,100.0,,100.0
800363,,,,,100.0,100.0,100.0,,100.0
800364,,,,,100.0,100.0,100.0,,100.0
800366,,,,,100.0,100.0,100.0,,100.0
800368,,,,,100.0,100.0,100.0,,100.0
800372,,,,,100.0,100.0,100.0,,100.0
800373,,,,,100.0,100.0,100.0,,100.0
800376,100.0,100.0,80.0,100.0,,,,25.0,77.8
800377,,,,,100.0,100.0,100.0,,100.0
800392,,,,,100.0,100.0,100.0,,100.0
800394,,100.0,100.0,100.0,,,,100.0,100.0
800396,100.0,100.0,100.0,100.0,,,,100.0,100.0
800398,,,,,100.0,100.0,100.0,,100.0
800400,100.0,100.0,100.0,100.0,,,,80.0,95.0
800408,100.0,100.0,100.0,100.0,,,,100.0,100.0
800410,,,,,100.0,100.0,100.0,,100.0
800412,,,,,100.0,100.0,100.0,,100.0
810324,100.0,100.0,100.0,100.0,,,,100.0,100.0
810326,,,,,100.0,100.0,100.0,,100.0
810328,,,,,100.0,100.0,100.0,,100.0
810336,,,,,100.0,100.0,100.0,,100.0
810340,100.0,100.0,100.0,100.0,,,,100.0,100.0
810342,,,,,100.0,100.0,100.0,,100.0
810344,,,,,100.0,100.0,100.0,,100.0
810350,,,,,100.0,100.0,100.0,,100.0
810360,,,,,100.0,100.0,100.0,,100.0
810364,,,,,100.0,100.0,100.0,,100.0
810370,,,,,100.0,100.0,100.0,,100.0
810378,,,,,100.0,100.0,100.0,,100.0
810384,0.0,100.0,100.0,100.0,,,,100.0,90.5
810385,,100.0,100.0,100.0,,,,100.0,100.0
810386,,100.0,,100.0,,,,,100.0
810388,,,,,100.0,100.0,100.0,,100.0
810396,,,,,100.0,100.0,100.0,,100.0
810400,,,,,100.0,100.0,,,100.0
81A000,,100.0,100.0,100.0,100.0,100.0,100.0,100.0,100.0
81B000,,100.0,,100.0,100.0,100.0,100.0,100.0,100.0
820312,,,,,100.0,100.0,100.0,,100.0
820320,,,,,100.0,100.0,100.0,,100.0
820324,,100.0,100.0,100.0,,,,100.0,100.0
820340,,,,,100.0,100.0,100.0,,100.0
820346,,,,,100.0,100.0,100.0,,100.0
820347,,,,,100.0,100.0,100.0,,100.0
820348,100.0,100.0,100.0,100.0,,,,100.0,100.0
820349,100.0,100.0,100.0,100.0,,,,100.0,100.0
820350,,,,,100.0,100.0,100.0,,100.0
820352,100.0,100.0,100.0,100.0,,,,75.0,94.4
820354,,,,,100.0,100.0,100.0,,100.0
820364,,,,,100.0,100.0,100.0,,100.0
820370,,,,,100.0,100.0,100.0,,100.0
820372,,,,,100.0,100.0,100.0,,100.0
820376,,,,,100.0,100.0,100.0,,100.0
820384,,,,,100.0,100.0,,,100.0
820385,,,,,100.0,100.0,100.0,,100.0
820388,100.0,100.0,100.0,100.0,,,,100.0,100.0
821304,,,,,100.0,100.0,,,100.0
821308,100.0,100.0,100.0,100.0,,,,100.0,100.0
821320,,,,,100.0,100.0,100.0,,100.0
821330,,,,,100.0,100.0,100.0,,100.0
830304,,,,,100.0,100.0,100.0,,100.0
830312,,,,,100.0,100.0,100.0,,100.0
830320,,,,,100.0,100.0,100.0,,100.0
830328,,,,,100.0,100.0,100.0,,100.0
830336,,,,,100.0,100.0,100.0,,100.0
830343,25.0,100.0,100.0,100.0,,,,100.0,89.3
830348,,100.0,100.0,100.0,,,,100.0,100.0
830349,,,,,100.0,100.0,100.0,,100.0
830356,,,,,100.0,100.0,100.0,,100.0
830360,,,,,100.0,100.0,100.0,,100.0
830364,,,,,100.0,100.0,100.0,,100.0
840302,0.0,100.0,100.0,100.0,,,,100.0,89.5
840303,,,,,100.0,100.0,100.0,,100.0
840304,,,,,100.0,100.0,100.0,,100.0
840308,,,,,100.0,100.0,100.0,,100.0
840310,,,,,100.0,100.0,100.0,,100.0
840312,,,,,100.0,100.0,100.0,,100.0
840316,,,,,100.0,100.0,100.0,,100.0
840320,,,,,100.0,100.0,100.0,,100.0
840324,,,,,100.0,100.0,100.0,,100.0
840328,,,,,100.0,100.0,100.0,,100.0
840332,100.0,100.0,100.0,100.0,,,,100.0,100.0
840336,,,,,100.0,100.0,100.0,,100.0
840342,,,,,100.0,100.0,100.0,,100.0
840344,,,,,100.0,100.0,100.0,,100.0
840350,,,,,100.0,100.0,100.0,,100.0
840356,100.0,100.0,100.0,100.0,,,,100.0,100.0
840358,,,,,100.0,100.0,100.0,,100.0
840360,,,,,100.0,100.0,100.0,,100.0
840361,,100.0,100.0,100.0,,,,0.0,75.0
840368,100.0,100.0,100.0,100.0,,,,100.0,100.0
84B000,,100.0,100.0,100.0,100.0,100.0,100.0,100.0,100.0
850304,,,,,100.0,100.0,100.0,,100.0
850312,,,,,100.0,100.0,100.0,,100.0
850314,,,,,100.0,100.0,100.0,,100.0
850316,,,,,100.0,100.0,100.0,,100.0
850320,,,,,100.0,100.0,100.0,,100.0
850324,,,,,100.0,100.0,,,100.0
850328,,,,,100.0,100.0,,,100.0
850332,100.0,100.0,100.0,100.0,,,,100.0,100.0
850336,,,,,100.0,100.0,,,100.0
850338,,,,,100.0,100.0,100.0,,100.0
850340,,,,,100.0,100.0,100.0,,100.0
850342,,,,,100.0,100.0,100.0,,100.0
850348,,,,,100.0,100.0,,,100.0
850350,,,,,100.0,100.0,100.0,,100.0
850352,100.0,100.0,66.7,100.0,,,,100.0,92.9
850354,,,,,100.0,100.0,100.0,,100.0
850356,,,,,100.0,100.0,100.0,,100.0
850358,100.0,100.0,100.0,100.0,,,,100.0,100.0
850360,,100.0,100.0,100.0,,,,100.0,100.0
860302,,,,,100.0,100.0,100.0,,100.0
860306,,,,,100.0,100.0,100.0,,100.0
860308,,,,,100.0,100.0,100.0,,100.0
860312,,,,,100.0,100.0,100.0,,100.0
860316,100.0,100.0,100.0,100.0,,,,100.0,100.0
860320,,,,,100.0,100.0,100.0,,100.0
860324,,,,,100.0,100.0,100.0,,100.0
860326,,,,,83.3,83.3,100.0,,86.7
860330,,,,,100.0,100.0,100.0,,100.0
860332,,,,,100.0,100.0,100.0,,100.0
860336,33.3,100.0,100.0,100.0,,,,100.0,90.0
860339,,,,,100.0,100.0,100.0,,100.0
860340,,,,,100.0,100.0,100.0,,100.0
860344,,,,,100.0,100.0,100.0,,100.0
860348,,,,,100.0,100.0,100.0,,100.0
860352,75.0,75.0,100.0,100.0,,,,100.0,90.0
860354,,100.0,100.0,100.0,,,,100.0,100.0
860356,,,,,100.0,100.0,100.0,,100.0
860360,,,,,100.0,100.0,100.0,,100.0
861304,,,,,100.0,100.0,100.0,,100.0
861308,100.0,100.0,100.0,100.0,,,,100.0,100.0
861312,,,,,100.0,100.0,100.0,,100.0
862310,,,,,100.0,100.0,100.0,,100.0
862312,100.0,100.0,100.0,100.0,,,,100.0,100.0
862316,,,,,100.0,100.0,100.0,,100.0
86T000,,0.0,100.0,100.0,100.0,100.0,100.0,100.0,89.5
870314,100.0,100.0,100.0,100.0,,,,100.0,100.0
870318,,,,,100.0,100.0,100.0,,100.0
870320,,,,,100.0,100.0,100.0,,100.0
870324,,,,,100.0,100.0,100.0,,100.0
87A000,,,,,100.0,100.0,100.0,,100.0
880304,,,,,100.0,100.0,100.0,,100.0
880308,100.0,100.0,100.0,100.0,,,,100.0,100.0
880312,,,,,100.0,100.0,100.0,,100.0
880318,,,,,100.0,100.0,100.0,,100.0
880320,,100.0,,100.0,,,,100.0,100.0
880324,,,,,100.0,100.0,100.0,,100.0
880328,0.0,100.0,100.0,100.0,,,,100.0,85.7
880330,,,,,100.0,100.0,100.0,,100.0
880336,,,,,100.0,100.0,,,100.0
88A000,,,,,100.0,100.0,100.0,,100.0
890304,,100.0,100.0,100.0,,,,100.0,100.0
890306,,,,,100.0,100.0,100.0,,100.0
890308,,,,,100.0,100.0,100.0,,100.0
900302,,,,,100.0,100.0,100.0,,100.0
900303,,,,,100.0,100.0,100.0,,100.0
900304,,,,,100.0,100.0,100.0,,100.0
900305,,,,,100.0,100.0,100.0,,100.0
900306,,,,,100.0,100.0,100.0,,100.0
900307,,,,,100.0,100.0,100.0,,100.0
900308,,,,,100.0,100.0,100.0,,100.0
900310,,,,,100.0,100.0,100.0,,100.0
900311,100.0,100.0,100.0,100.0,,,,100.0,100.0
900312,,,,,100.0,100.0,100.0,,100.0
900314,,,,,100.0,100.0,100.0,,100.0
900316,100.0,100.0,100.0,100.0,,,,100.0,100.0
900318,,,,,100.0,100.0,100.0,,100.0
900320,,,,,100.0,100.0,100.0,,100.0
900328,,,,,100.0,100.0,100.0,,100.0
900332,,,,,100.0,100.0,100.0,,100.0
900334,,,,,100.0,100.0,100.0,,100.0
900336,75.0,100.0,100.0,100.0,,,,80.0,92.6
900340,,,,,100.0,100.0,100.0,,100.0
900341,,,,,100.0,100.0,100.0,,100.0
900342,100.0,100.0,100.0,100.0,,,,83.3,96.3
900343,,,,,100.0,100.0,100.0,,100.0
900344,100.0,100.0,100.0,100.0,,,,100.0,100.0
900346,,,,,100.0,100.0,83.3,,95.5
900347,,,,,100.0,100.0,100.0,,100.0
900348,100.0,100.0,100.0,100.0,,,,100.0,100.0
900350,,,,,100.0,100.0,100.0,,100.0
900351,,,,,100.0,100.0,100.0,,100.0
900352,,,,,100.0,100.0,100.0,,100.0
900353,,,,,100.0,100.0,100.0,,100.0
900354,,,,,100.0,100.0,100.0,,100.0
900356,,,,,100.0,100.0,100.0,,100.0
900358,,,,,100.0,100.0,100.0,,100.0
900360,100.0,80.0,100.0,80.0,,,,20.0,73.9
900362,,,,,100.0,100.0,100.0,,100.0
900363,,,,,100.0,100.0,100.0,,100.0
900364,,,,,100.0,100.0,100.0,,100.0
900366,100.0,100.0,100.0,100.0,,,,100.0,100.0
900367,,100.0,100.0,100.0,,,,100.0,100.0
900368,,,,,100.0,100.0,100.0,,100.0
900370,,,,,100.0,100.0,100.0,,100.0
900372,,,,,100.0,100.0,100.0,,100.0
900376,,,,,100.0,100.0,100.0,,100.0
900377,100.0,100.0,100.0,100.0,,,,100.0,100.0
900378,,,,,100.0,100.0,100.0,,100.0
900380,,,,,100.0,100.0,100.0,,100.0
900384,,,,,100.0,100.0,100.0,,100.0
900388,,,,,100.0,100.0,75.0,,94.4
900391,,,,,100.0,100.0,100.0,,100.0
900393,100.0,100.0,100.0,100.0,,,,100.0,100.0
90A000,,100.0,100.0,100.0,100.0,100.0,100.0,100.0,100.0
90B000,,,,,100.0,100.0,,,100.0
90C000,,,,,100.0,100.0,100.0,,100.0
910304,,,,,100.0,100.0,100.0,,100.0
910308,,,,,100.0,100.0,100.0,,100.0
910311,,,,,100.0,100.0,100.0,,100.0
910314,,,,,100.0,100.0,100.0,,100.0
910316,,,,,85.7,100.0,33.3,,82.4
910320,,,,,85.7,85.7,0.0,,70.6
910340,,,,,100.0,100.0,,,100.0
910346,,,,,100.0,100.0,100.0,,100.0
910356,,,,,100.0,100.0,,,100.0
910360,,,,,100.0,100.0,100.0,,100.0
910364,0.0,80.0,100.0,100.0,,,,0.0,60.0
910368,,0.0,0.0,100.0,,,,0.0,16.7
910370,0.0,100.0,100.0,100.0,,,,33.3,76.9
910376,,,,,100.0,100.0,100.0,,100.0
910380,,,,,100.0,100.0,100.0,,100.0
910382,,100.0,100.0,100.0,,,,100.0,100.0
910384,,,,,100.0,100.0,100.0,,100.0
91A000,,,100.0,,100.0,100.0,100.0,,100.0
91B000,,100.0,100.0,100.0,100.0,100.0,100.0,100.0,100.0
920302,,,,,100.0,100.0,100.0,,100.0
920303,,,,,100.0,100.0,100.0,,100.0
920304,,,,,100.0,100.0,100.0,,100.0
920306,,,,,100.0,100.0,100.0,,100.0
920307,,,,,100.0,100.0,100.0,,100.0
920308,,,,,100.0,100.0,100.0,,100.0
920312,,,,,100.0,100.0,100.0,,100.0
920316,100.0,14.3,100.0,0.0,,,,57.1,46.7
920317,100.0,100.0,100.0,100.0,,,,83.3,96.4
920318,100.0,87.5,100.0,25.0,,,,25.0,62.9
920320,,,,,100.0,100.0,100.0,,100.0
920325,,,,,100.0,100.0,100.0,,100.0
920326,,,,,100.0,100.0,100.0,,100.0
920327,,,,,100.0,100.0,100.0,,100.0
920328,,,,,100.0,100.0,100.0,,100.0
920329,,,,,100.0,100.0,100.0,,100.0
920332,,,,,100.0,100.0,100.0,,100.0
920334,,,,,100.0,100.0,100.0,,100.0
920336,,,,,100.0,100.0,100.0,,100.0
920340,,,,,100.0,100.0,100.0,,100.0
920342,,,,,100.0,100.0,100.0,,100.0
920344,,,,,100.0,100.0,100.0,,100.0
920348,100.0,57.1,57.1,85.7,,,,71.4,71.0
920352,,,,,100.0,100.0,100.0,,100.0
920356,,,,,100.0,100.0,100.0,,100.0
920358,,,,,100.0,100.0,100.0,,100.0
920360,,,,,100.0,100.0,100.0,,100.0
920362,,,,,100.0,100.0,100.0,,100.0
920364,,,,,100.0,100.0,100.0,,100.0
920368,100.0,28.6,100.0,0.0,,,,0.0,42.4
920369,,,,,100.0,100.0,100.0,,100.0
920370,,,,,100.0,100.0,100.0,,100.0
920376,,,,,100.0,100.0,100.0,,100.0
920380,,,,,100.0,100.0,100.0,,100.0
920381,,,,,0.0,0.0,0.0,,0.0
920384,,,,,100.0,100.0,100.0,,100.0
920388,,,,,100.0,100.0,100.0,,100.0
920390,,,,,100.0,100.0,100.0,,100.0
920391,,,,,100.0,100.0,100.0,,100.0
920393,,,,,100.0,100.0,100.0,,100.0
920394,,,,,100.0,100.0,100.0,,100.0
920396,,,,,100.0,100.0,100.0,,100.0
920398,,,,,100.0,100.0,100.0,,100.0
920399,,,,,100.0,100.0,100.0,,100.0
920400,,,,,100.0,100.0,100.0,,100.0
920402,,,,,100.0,100.0,100.0,,100.0
920403,,,,,100.0,100.0,100.0,,100.0
920404,,,,,100.0,100.0,100.0,,100.0
920408,,,,,100.0,100.0,85.7,,95.2
920410,,,,,100.0,100.0,85.7,,95.2
920411,100.0,100.0,100.0,100.0,,,,83.3,96.7
920412,100.0,87.5,87.5,100.0,,,,37.5,80.6
920413,,,,,100.0,100.0,100.0,,100.0
920414,,,,,100.0,100.0,100.0,,100.0
920415,,,,,100.0,100.0,100.0,,100.0
920416,,,,,100.0,100.0,100.0,,100.0
920417,,,,,100.0,100.0,100.0,,100.0
920420,,,,,100.0,100.0,100.0,,100.0
920424,,,,,100.0,100.0,83.3,,95.5
920428,100.0,100.0,100.0,100.0,,,,100.0,100.0
920436,100.0,57.1,87.5,71.4,,,,14.3,63.6
920438,,,,,100.0,100.0,100.0,,100.0
920439,,,,,100.0,100.0,100.0,,100.0
920440,,,,,100.0,100.0,100.0,,100.0
920441,100.0,100.0,100.0,87.5,,,,100.0,97.1
920442,,,,,100.0,100.0,100.0,,100.0
920443,,,,,100.0,100.0,100.0,,100.0
920444,,,,,100.0,100.0,100.0,,100.0
920445,100.0,83.3,100.0,100.0,,,,50.0,85.7
920446,,,,,100.0,100.0,100.0,,100.0
920447,,,,,100.0,100.0,100.0,,100.0
920448,,,,,100.0,100.0,100.0,,100.0
920449,,,,,100.0,100.0,100.0,,100.0
920450,,,,,100.0,100.0,100.0,,100.0
920451,,,,,100.0,100.0,100.0,,100.0
920452,,,,,100.0,100.0,100.0,,100.0
920453,,,,,100.0,100.0,100.0,,100.0
920454,,,,,100.0,100.0,100.0,,100.0
920455,0.0,83.3,100.0,83.3,,,,50.0,73.1
920456,,,,,100.0,100.0,100.0,,100.0
920457,,,,,100.0,100.0,100.0,,100.0
920458,,,,,100.0,100.0,83.3,,95.8
920459,,,,,100.0,100.0,100.0,,100.0
920460,,,,,100.0,100.0,100.0,,100.0
920464,,,,,100.0,100.0,100.0,,100.0
920466,25.0,28.6,85.7,14.3,,,,14.3,34.4
920467,,,,,100.0,100.0,100.0,,100.0
920468,,,,,100.0,100.0,100.0,,100.0
920469,,,,,100.0,100.0,100.0,,100.0
920470,,,,,100.0,100.0,100.0,,100.0
920471,,,,,100.0,100.0,100.0,,100.0
920472,,,,,100.0,100.0,100.0,,100.0
920473,100.0,100.0,66.7,71.4,,,,57.1,75.0
920474,,,,,100.0,100.0,100.0,,100.0
920476,,,,,100.0,100.0,100.0,,100.0
920480,,,,,100.0,100.0,100.0,,100.0
920484,,,,,100.0,100.0,100.0,,100.0
920488,,,,,100.0,100.0,100.0,,100.0
920492,,,,,100.0,100.0,100.0,,100.0
920494,,,,,100.0,100.0,100.0,,100.0
920495,100.0,100.0,100.0,42.9,,,,57.1,76.7
920496,,,,,100.0,100.0,100.0,,100.0
920500,100.0,57.1,100.0,42.9,,,,28.6,62.5
920501,,,,,100.0,100.0,100.0,,100.0
920502,,,,,100.0,100.0,100.0,,100.0
920504,,,,,100.0,100.0,100.0,,100.0
920506,,,,,100.0,100.0,100.0,,100.0
920508,,,,,100.0,100.0,100.0,,100.0
920512,,,,,100.0,100.0,85.7,,95.2
920514,,,,,100.0,100.0,100.0,,100.0
920516,,,,,100.0,100.0,100.0,,100.0
920520,,,,,100.0,100.0,100.0,,100.0
920521,,,,,100.0,100.0,100.0,,100.0
920522,,,,,100.0,100.0,100.0,,100.0
920523,,,,,100.0,100.0,100.0,,100.0
920524,,,,,100.0,100.0,100.0,,100.0
920525,,,,,100.0,100.0,100.0,,100.0
920526,100.0,100.0,100.0,100.0,,,,71.4,93.9
920528,,,100.0,,,,,,100.0
920529,,,,,100.0,100.0,100.0,,100.0
920530,,,,,100.0,100.0,100.0,,100.0
920531,,,,,100.0,100.0,100.0,,100.0
920532,,,,,100.0,100.0,100.0,,100.0
920533,,,,,100.0,100.0,100.0,,100.0
920536,,,,,100.0,100.0,100.0,,100.0
920540,,,,,100.0,100.0,100.0,,100.0
920542,,,,,100.0,100.0,100.0,,100.0
920543,,,,,100.0,100.0,100.0,,100.0
920544,,,,,100.0,100.0,100.0,,100.0
920545,,,,,100.0,100.0,100.0,,100.0
920546,100.0,71.4,85.7,14.3,,,,42.9,59.4
920547,,,,,100.0,100.0,100.0,,100.0
920548,,,,,100.0,100.0,100.0,,100.0
920549,,,,,100.0,100.0,100.0,,100.0
920550,,,,,100.0,100.0,100.0,,100.0
920551,,,,,100.0,100.0,100.0,,100.0
920552,100.0,28.6,100.0,0.0,,,,42.9,46.7
920554,,,,,100.0,100.0,100.0,,100.0
920556,,0.0,0.0,0.0,,,,0.0,0.0
920557,,,,,100.0,100.0,100.0,,100.0
920560,,,,,100.0,100.0,100.0,,100.0
920562,100.0,0.0,28.6,66.7,,,,0.0,32.1
920564,,,,,100.0,100.0,100.0,,100.0
920568,,,,,100.0,100.0,100.0,,100.0
920569,,,,,100.0,100.0,100.0,,100.0
920570,,,,,100.0,100.0,100.0,,100.0
920571,,,,,100.0,100.0,100.0,,100.0
920572,,,,,100.0,100.0,100.0,,100.0
920576,,,,,100.0,100.0,100.0,,100.0
920580,,,,,100.0,100.0,100.0,,100.0
920581,100.0,100.0,100.0,100.0,,,,100.0,100.0
920582,,100.0,100.0,100.0,,,,100.0,100.0
920583,,100.0,100.0,100.0,,,,100.0,100.0
920584,,,,,100.0,100.0,100.0,,100.0
920585,,100.0,,100.0,100.0,100.0,100.0,100.0,100.0
920586,,100.0,,100.0,100.0,100.0,100.0,100.0,100.0
920588,100.0,100.0,100.0,83.3,,,,16.7,76.9
920592,,,,,100.0,100.0,100.0,,100.0
920593,,,,,100.0,100.0,100.0,,100.0
920594,,,,,100.0,100.0,100.0,,100.0
920595,100.0,83.3,83.3,50.0,,,,16.7,61.5
920596,,,,,100.0,100.0,100.0,,100.0
920597,,,,,100.0,100.0,100.0,,100.0
920598,,,,,100.0,100.0,100.0,,100.0
920599,,,,,100.0,100.0,100.0,,100.0
920600,,,,,100.0,100.0,100.0,,100.0
920601,,,,,100.0,100.0,100.0,,100.0
920604,,,,,100.0,100.0,100.0,,100.0
920606,,,,,100.0,100.0,100.0,,100.0
920607,,,,,100.0,100.0,100.0,,100.0
920608,,,,,100.0,100.0,100.0,,100.0
920614,,,,,100.0,100.0,100.0,,100.0
920616,,,,,100.0,100.0,100.0,,100.0
920618,,,,,100.0,100.0,100.0,,100.0
920620,,,,,100.0,100.0,100.0,,100.0
920624,,,,,100.0,100.0,100.0,,100.0
920626,,,,,100.0,100.0,100.0,,100.0
920628,,,,,100.0,100.0,100.0,,100.0
920632,,,,,100.0,100.0,100.0,,100.0
920636,,,,,100.0,100.0,100.0,,100.0
92B000,,,,,100.0,100.0,100.0,,100.0
92D000,,,,,100.0,100.0,100.0,,100.0
92E000,,,,,100.0,100.0,100.0,,100.0
92F000,,100.0,100.0,100.0,100.0,100.0,100.0,100.0,100.0
92G000,,100.0,100.0,100.0,100.0,100.0,100.0,100.0,100.0
92K000,,100.0,100.0,100.0,,,,100.0,100.0
92L000,,,,,100.0,100.0,100.0,,100.0
92M000,,,,,100.0,100.0,100.0,,100.0
92N000,,,,,100.0,100.0,,,100.0
92P000,,100.0,100.0,100.0,100.0,100.0,100.0,100.0,100.0
92Q000,,,,,100.0,100.0,,,100.0
92R000,,,,,100.0,100.0,100.0,,100.0
92S000,,,,,100.0,100.0,100.0,,100.0
92T000,,100.0,100.0,100.0,100.0,100.0,100.0,100.0,100.0
92U000,,100.0,100.0,100.0,,,,100.0,100.0
92V000,,,,,100.0,100.0,100.0,,100.0
92W000,,,,,100.0,100.0,100.0,,100.0
92Y000,,,,,100.0,100.0,100.0,,100.0
930330,,,,,100.0,100.0,100.0,,100.0
930340,,,,,100.0,100.0,100.0,,100.0
930344,,,,,100.0,100.0,,,100.0
930348,,,,,100.0,100.0,100.0,,100.0
930352,100.0,100.0,100.0,100.0,,,,100.0,100.0
930354,,,,,100.0,100.0,100.0,,100.0
93A000,,,,,100.0,100.0,,,100.0
93J000,,,,,100.0,100.0,,,100.0
93L000,,0.0,0.0,0.0,,,,0.0,0.0
93M000,,,,,100.0,100.0,100.0,,100.0
93N000,,,,,100.0,100.0,100.0,,100.0
940306,,,,,100.0,100.0,,,100.0
940308,,,,,100.0,100.0,,,100.0
940314,,,,,100.0,100.0,100.0,,100.0
940316,,100.0,100.0,100.0,,,,100.0,100.0
940328,,,,,100.0,100.0,100.0,,100.0
94Z000,0.0,100.0,100.0,100.0,,,,100.0,71.4
950308,,,,,100.0,100.0,100.0,,100.0
950312,,,,,100.0,100.0,100.0,,100.0
950316,,,,,100.0,100.0,100.0,,100.0
950320,,,,,100.0,100.0,100.0,,100.0
950322,,,,,100.0,100.0,100.0,,100.0
950324,,,,,100.0,100.0,100.0,,100.0
950328,,,,,100.0,100.0,100.0,,100.0
950332,,,,,100.0,100.0,100.0,,100.0
950336,100.0,100.0,100.0,100.0,,,,100.0,100.0
950338,100.0,100.0,100.0,100.0,,,,100.0,100.0
95A000,,,,,100.0,100.0,100.0,,100.0
960312,,,,,100.0,100.0,100.0,,100.0
960314,,,,,100.0,100.0,,,100.0
960316,,,,,100.0,100.0,,,100.0
960318,,,,,100.0,100.0,100.0,,100.0
960324,100.0,100.0,100.0,100.0,,,,100.0,100.0
960326,,,,,100.0,100.0,100.0,,100.0
960329,,,,,100.0,100.0,100.0,,100.0
960330,100.0,100.0,100.0,100.0,,,,100.0,100.0
960331,,,,,100.0,100.0,100.0,,100.0
960332,,,,,100.0,100.0,,,100.0
960334,,,,,100.0,100.0,100.0,,100.0
960335,,100.0,100.0,100.0,,,,66.7,91.7
960336,,,,,100.0,100.0,,,100.0
960338,,,,,100.0,100.0,100.0,,100.0
960340,,,,,100.0,100.0,100.0,,100.0
960344,,,,,100.0,100.0,,,100.0
960348,,,,,100.0,100.0,100.0,,100.0
960360,,,,,100.0,100.0,100.0,,100.0
960370,,,,,100.0,100.0,100.0,,100.0
960372,100.0,100.0,100.0,100.0,,,,100.0,100.0
960374,,,,,100.0,100.0,100.0,,100.0
960380,100.0,100.0,100.0,100.0,,,,50.0,88.9
960382,,,,,100.0,100.0,,,100.0
960386,100.0,100.0,100.0,100.0,,,,50.0,88.9
960387,,,,,100.0,100.0,100.0,,100.0
960388,,,,,100.0,100.0,100.0,,100.0
960450,,,,,100.0,100.0,100.0,,100.0
960454,,,,,100.0,100.0,100.0,,100.0
960488,,,,,100.0,100.0,,,100.0
960490,,100.0,100.0,100.0,,,,100.0,100.0
960700,,100.0,100.0,100.0,100.0,100.0,100.0,100.0,100.0
96C000,,,,,100.0,100.0,100.0,,100.0
96F000,,,,,100.0,100.0,100.0,,100.0
970308,,,,,100.0,100.0,100.0,,100.0
970310,,,,,100.0,100.0,100.0,,100.0
970312,,,,,100.0,100.0,100.0,,100.0
970315,,,,,100.0,100.0,100.0,,100.0
970320,100.0,100.0,100.0,100.0,,,,100.0,100.0
970322,,,,,100.0,100.0,100.0,,100.0
970337,,,,,100.0,100.0,100.0,,100.0
970340,,,,,100.0,100.0,100.0,,100.0
970344,,,,,100.0,100.0,100.0,,100.0
970348,,,,,100.0,100.0,100.0,,100.0
970352,,,,,100.0,100.0,100.0,,100.0
970356,100.0,100.0,100.0,100.0,,,,100.0,100.0
970358,,,,,100.0,100.0,100.0,,100.0
970360,,,,,100.0,100.0,100.0,,100.0
970368,,,,,100.0,100.0,,,100.0
970370,,,,,100.0,100.0,100.0,,100.0
970376,,,,,100.0,100.0,,,100.0
970388,100.0,100.0,100.0,100.0,,,,100.0,100.0
970389,,,,,100.0,100.0,100.0,,100.0
970390,100.0,100.0,100.0,100.0,,,,100.0,100.0
970392,,,,,100.0,100.0,100.0,,100.0
970393,,100.0,100.0,100.0,,,,100.0,100.0
97D000,,,,,100.0,100.0,100.0,,100.0
980306,,,,,100.0,100.0,,,100.0
980308,,,,,100.0,100.0,100.0,,100.0
980317,,,,,100.0,100.0,100.0,,100.0
980318,100.0,100.0,40.0,100.0,,,,20.0,70.8
980320,,,,,100.0,100.0,100.0,,100.0
980324,,,,,100.0,100.0,100.0,,100.0
980336,100.0,100.0,100.0,100.0,,,,100.0,100.0
980338,,,,,100.0,100.0,100.0,,100.0
980340,,,,,100.0,100.0,100.0,,100.0
980342,100.0,100.0,100.0,100.0,,,,100.0,100.0
980344,,,,,100.0,100.0,100.0,,100.0
980348,,,,,100.0,100.0,100.0,,100.0
980352,,,,,100.0,100.0,100.0,,100.0
980356,,,,,100.0,100.0,100.0,,100.0
980357,,,,,100.0,100.0,100.0,,100.0
980360,,,,,100.0,100.0,100.0,,100.0
980364,,,,,100.0,100.0,100.0,,100.0
980380,,,,,100.0,100.0,100.0,,100.0
980384,,,,,100.0,100.0,100.0,,100.0
980388,,,,,100.0,100.0,100.0,,100.0
980390,,,,,100.0,100.0,100.0,,100.0
980392,,,,,100.0,100.0,100.0,,100.0
980396,,,,,100.0,100.0,100.0,,100.0
980397,,,100.0,,,,,,100.0
980398,,100.0,100.0,100.0,,,,100.0,100.0
980400,,,,,100.0,100.0,100.0,,100.0
98A000,,,,,100.0,100.0,100.0,,100.0
98B000,,0.0,100.0,100.0,100.0,100.0,100.0,100.0,94.4
990304,,,,,100.0,100.0,100.0,,100.0
990308,,,,,100.0,100.0,100.0,,100.0
990312,,,,,100.0,100.0,100.0,,100.0
990316,,,,,100.0,100.0,100.0,,100.0
990320,,,,,100.0,100.0,100.0,,100.0
990321,,,,,100.0,100.0,100.0,,100.0
990322,100.0,100.0,100.0,100.0,,,,100.0,100.0
990324,,,,,100.0,100.0,100.0,,100.0
990325,,,,,100.0,100.0,100.0,,100.0
990326,33.3,100.0,75.0,100.0,,,,75.0,78.9
990328,,,,,100.0,100.0,100.0,,100.0
990332,,100.0,100.0,100.0,,,,100.0,100.0
990336,,,,,100.0,100.0,100.0,,100.0
995304,,,,,100.0,100.0,,,100.0
995312,,,,,100.0,100.0,100.0,,100.0
995316,,,,,100.0,100.0,100.0,,100.0
995320,,,,,100.0,100.0,,,100.0
995324,,,,,100.0,100.0,100.0,,100.0
995328,,,,,100.0,100.0,100.0,,100.0
995330,100.0,100.0,100.0,100.0,,,,100.0,100.0
995336,,,,,100.0,100.0,,,100.0
NC-SEA,80.0,100.0,100.0,100.0,100.0,100.0,100.0,80.0,95.0
