agency_code,pct_enrolled_ENROLL_ALL_COLLEGE,pct_enrolled_ENROLL_AM7_COLLEGE,pct_enrolled_ENROLL_AS7_COLLEGE,pct_enrolled_ENROLL_BL7_COLLEGE,pct_enrolled_ENROLL_EDS_COLLEGE,pct_enrolled_ENROLL_FEM_COLLEGE,pct_enrolled_ENROLL_HI7_COLLEGE,pct_enrolled_ENROLL_MALE_COLLEGE,pct_enrolled_ENROLL_MU7_COLLEGE,pct_enrolled_ENROLL_PI7_COLLEGE,pct_enrolled_ENROLL_SWD_COLLEGE,pct_enrolled_ENROLL_WH7_COLLEGE
010303,0.705882353,,,0.05882352900000001,0.205882353,0.441176471,0.05882352900000001,0.264705882,0.088235294,,,0.5
010324,0.637992832,,,0.103942652,0.136200717,0.34767025100000004,0.071684588,0.290322581,,,,0.405017921
010348,0.50273224,,,0.153005465,0.306010929,0.333333333,0.169398907,0.169398907,,,,0.136612022
010360,0.407643312,,,0.229299363,0.286624204,0.280254777,0.140127389,0.127388535,,,,
010388,0.598784195,,,,0.11550152,0.310030395,0.051671733,0.288753799,,,,0.489361702
010396,0.687719298,,,0.224561404,0.259649123,0.4,0.084210526,0.287719298,,,,0.319298246
010400,0.6176470589999999,,,0.075163399,0.088235294,0.336601307,,0.281045752,,,,0.483660131
010LEA,0.5975842339999999,,,0.12460267,0.181182454,0.340750159,0.079465989,0.256834075,,,,0.355371901
01B000,0.805555556,,,0.166666667,0.111111111,0.583333333,,0.222222222,,,0.083333333,0.583333333
01C000,0.6904761909999999,,,,0.238095238,0.404761905,,0.28571428600000004,,,,0.6190476189999999
01D000,0.529411765,,,,0.088235294,0.35294117700000005,,0.176470588,,,0.05882352900000001,0.470588235
020302,0.579881657,,,,0.13905325400000002,0.307692308,,0.272189349,,,,0.488165681
020LEA,0.579881657,,,,0.13905325400000002,0.307692308,,0.272189349,,,,0.488165681
030304,0.563106796,,,,0.203883495,0.310679612,0.058252427,0.252427185,,,,0.495145631
030LEA,0.563106796,,,,0.203883495,0.310679612,0.058252427,0.252427185,,,,0.495145631
040304,0.384615385,,,0.115384615,,0.307692308,,0.076923077,,,,0.269230769
040305,0.15789473699999998,,,0.15789473699999998,,0.052631579000000005,,0.105263158,,,,
040306,0.434782609,,,0.32173913,,0.269565217,,0.165217391,,,,0.060869565
040LEA,0.418848168,,,0.261780105,,0.261780105,,0.157068063,,,,0.115183246
050302,0.603524229,,,,0.215859031,0.374449339,,0.22907489,,,,0.54185022
050LEA,0.603524229,,,,0.215859031,0.374449339,,0.22907489,,,,0.54185022
060302,0.669642857,,,,0.276785714,0.375,0.053571429,0.294642857,,,,0.607142857
060334,0.125,,,,0.125,,,0.125,,,,0.125
060700,0.95,,,,0.363636364,0.590909091,0.181818182,0.409090909,,,,0.727272727
060LEA,0.690140845,,,,0.281690141,0.387323944,0.070422535,0.302816901,,,,0.598591549
06B000,0.857142857,,,0.14285714300000002,,0.571428571,,0.28571428600000004,,,,0.7142857140000001
070310,0.205128205,,,0.17948718,,0.102564103,,0.102564103,,,,
070311,0.514285714,,,0.085714286,0.228571429,0.28571428600000004,0.05714285700000001,0.228571429,,,,0.371428571
070330,0.740384615,,,0.086538462,0.230769231,0.365384615,,0.375,,,,0.605769231
070339,0.5301204820000001,,,0.21686747,0.289156627,0.289156627,,0.240963855,,,,0.21686747
070342,0.569306931,,,0.193069307,0.257425743,0.336633663,0.064356436,0.232673267,,,,0.29207920800000003
070LEA,0.56587473,,,0.164146868,0.233261339,0.311015119,,0.25485961100000004,,,,0.33261339100000004
080311,0.5121951220000001,,,0.31707317100000004,,0.390243902,,0.12195122,,,,0.17073170699999998
080312,0.353535354,,,0.313131313,,0.131313131,,0.222222222,,,,
080LEA,0.4853801170000001,,,0.397660819,,0.257309942,,0.228070175,,,,0.052631579000000005
090330,0.582822086,,,0.257668712,,0.33742331299999995,0.055214724000000014,0.245398773,,,,0.214723926
090368,0.523529412,,,0.129411765,,0.258823529,0.05882352900000001,0.264705882,,,,0.294117647
090LEA,0.552552553,,,0.192192192,,0.297297297,0.057057057,0.255255255,,,,0.255255255
09A000,0.4,,,0.4,0.4,0.4,,,,,,
100307,0.7361111109999999,,,0.083333333,0.208333333,0.347222222,0.083333333,0.388888889,,,,0.5555555560000001
100326,0.5384615389999999,,,0.166666667,0.230769231,0.27777777800000003,,0.260683761,,,,0.299145299
100334,0.615671642,,,0.067164179,0.208955224,0.395522388,,0.220149254,,,,0.5074626870000001
100348,0.581081081,,,0.067567568,0.20608108100000005,0.385135135,,0.195945946,,,,0.45945946
100LEA,0.577008929,,,0.092633929,0.208705357,0.347098214,,0.229910714,,,,0.427455357
110303,0.102040816,,,,0.081632653,0.102040816,,,,,,
110304,0.61038961,,,,0.12987013,0.340909091,,0.26948052,,,,0.493506494
110322,0.68,,,,0.22,0.44,0.1,0.24,,,,0.58
110323,0.4,,,,0.06,0.3,,0.1,,,,0.34
110336,0.629032258,,,,0.17204301100000002,0.317204301,0.053763441,0.311827957,,,,0.532258065
110340,0.479865772,,,0.050335571,0.17449664399999998,0.27181208100000004,0.080536913,0.208053691,,,,0.32214765100000003
110352,0.615384615,,,,0.223776224,0.332167832,0.052447553,0.283216783,,,,0.517482518
110380,0.616600791,,,,0.102766798,0.387351779,,0.229249012,,,,0.549407115
110416,0.705722071,,,0.084468665,0.141689373,0.392370572,,0.313351499,,,,0.51226158
110LEA,0.594477531,,,,0.153762859,0.337845154,0.050893341,0.256632377,,,,0.470492691
111302,0.591093117,,,0.113360324,0.133603239,0.32388664,,0.267206478,0.060728745,,,0.380566802
111700,0.8059701490000001,,,0.059701493,0.074626866,0.5074626870000001,,0.29850746300000003,,,,0.671641791
111LEA,0.636942675,,,0.101910828,0.121019108,0.363057325,,0.27388535,,,,0.442675159
11C000,0.9,0.1,0.1,,,0.5,,0.4,,,,0.7
120308,0.08510638300000001,,,,0.063829787,,,0.08510638300000001,,,,
120310,0.7857142859999999,,0.14285714300000002,0.089285714,0.267857143,0.571428571,0.089285714,0.214285714,,,,0.428571429
120314,0.476683938,,,,0.160621762,0.269430052,,0.20725388600000005,,,,0.404145078
120318,0.60251046,,,0.09623431,0.213389121,0.29707113,,0.30543933100000004,,,,0.376569038
120346,0.674418605,,,,0.180232558,0.36627907,,0.308139535,,,,0.546511628
120370,0.564102564,,,,0.17435897399999994,0.292307692,0.112820513,0.271794872,,,,0.394871795
120LEA,0.561674009,,,,0.181718062,0.30286343600000004,,0.258810573,,,,0.399779736
130307,0.8105263159999999,,,0.194736842,0.144736842,0.402631579,0.052631579000000005,0.407894737,,,,0.489473684
130310,0.566197183,,,0.149295775,0.183098592,0.304225352,0.053521127,0.261971831,,,,0.318309859
130314,0.6714801440000001,,,0.17328519899999995,0.252707581,0.433212996,0.086642599,0.238267148,,,,0.379061372
130316,0.633440515,,,0.154340836,0.192926045,0.350482315,0.061093248,0.282958199,,,,0.401929261
130324,0.559322034,,,,0.141242938,0.35593220299999995,,0.203389831,,,,0.491525424
130326,0.663157895,,,0.143859649,0.245614035,0.336842105,0.098245614,0.32631579,,,,0.4
130332,0.779411765,,,0.13725490199999998,0.088235294,0.404411765,,0.375,,,,0.56372549
130333,0.380952381,,,,0.111111111,0.253968254,,0.126984127,,,,0.26984127
130350,0.7894736840000001,,0.087719298,0.15789473699999998,0.333333333,0.543859649,0.122807018,0.245614035,,,,0.403508772
130LEA,0.677475141,,,0.145265889,0.17596195399999998,0.372243839,0.059230437,0.305231301,,,,0.432338954
132304,0.486646884,,,0.160237389,,0.258160237,0.068249258,0.228486647,,,,0.210682493
132LEA,0.486646884,,,0.160237389,,0.258160237,0.068249258,0.228486647,,,,0.210682493
13A000,0.68,,,0.12,0.08,0.2,0.12,0.48,,,0.08,0.4
140305,0.590163934,,,,0.180327869,0.344262295,,0.245901639,,,,0.491803279
140309,0.8214285709999999,,,,0.321428571,0.488095238,0.107142857,0.333333333,,,,0.654761905
140348,0.597087379,,,0.111650485,0.237864078,0.286407767,,0.310679612,,,,0.3980582520000001
140386,0.528610354,,,,0.130790191,0.286103542,,0.242506812,,,,0.490463215
140390,0.492753623,,,0.057971015,0.256038647,0.25120773,0.053140097,0.241545894,,,,0.362318841
140LEA,0.566486487,,,,0.203243243,0.300540541,,0.265945946,,,,0.456216216
150304,0.637168142,,,0.10619469,0.132743363,0.318584071,,0.318584071,,,,0.5044247789999999
150350,0.7142857140000001,,,0.095238095,0.095238095,0.6190476189999999,,0.095238095,,,,0.571428571
150LEA,0.6492537310000001,,,0.104477612,0.12686567199999998,0.365671642,,0.28358209,,,,0.514925373
160313,0.609022556,,,0.082706767,0.180451128,0.338345865,,0.270676692,,,0.082706767,0.481203008
160314,0.7428571429999999,,,,0.104761905,0.4,0.061904762,0.342857143,,,,0.642857143
160344,0.658436214,,,0.06584362099999999,0.156378601,0.378600823,,0.279835391,,,,0.497942387
160LEA,0.677474403,,,0.051194539,0.14334471,0.377133106,,0.300341297,,,,0.546075085
170316,0.5443786979999999,,,0.284023669,0.284023669,0.278106509,,0.266272189,,,,0.236686391
170LEA,0.5443786979999999,,,0.284023669,0.284023669,0.278106509,,0.266272189,,,,0.236686391
180308,0.60199005,,,,0.129353234,0.29850746300000003,,0.303482587,,,,0.517412935
180320,0.468503937,,0.059055118,,0.212598425,0.267716535,0.051181102,0.200787402,,,,0.31496063
180325,0.583333333,,0.166666667,0.05952381,0.190476191,0.369047619,0.071428571,0.214285714,,,,0.28571428600000004
180340,0.6007905139999999,,0.059288538,,0.14229249,0.304347826,,0.296442688,,,,0.486166008
180348,0.650655022,,,,0.187772926,0.362445415,,0.288209607,,,,0.484716157
180376,0.58245614,,,,0.15087719300000002,0.30877193,0.063157895,0.273684211,,,,0.442105263
180LEA,0.577981651,,0.050458716,,0.166666667,0.31116208,,0.266819572,,,,0.434250765
181318,0.324324324,,,,,0.216216216,0.081081081,0.108108108,,,,0.189189189
181322,0.64159292,,,0.092920354,0.172566372,0.3672566370000001,0.101769912,0.274336283,,,,0.402654867
181LEA,0.596958175,,,0.08365019,0.14828897300000002,0.346007605,0.098859316,0.25095057,,,,0.372623574
182316,0.51010101,,,0.050505051,0.191919192,0.262626263,0.060606061,0.247474748,,,,0.313131313
182700,0.764705882,,,,0.13725490199999998,0.450980392,0.078431373,0.31372549,0.05882352900000001,,,0.607843137
182LEA,0.56,,,,0.18,0.3,0.064,0.26,,,,0.3720000000000001
190310,0.194444444,,,0.111111111,0.13888888900000002,0.111111111,0.055555556,0.083333333,,,,
190316,0.77,,,,0.21,0.47,,0.3,,,0.05,0.69
190336,0.548611111,,,0.076388889,0.326388889,0.305555556,0.236111111,0.243055556,,,,0.208333333
190342,0.737864078,,,0.097087379,0.116504854,0.427184466,,0.310679612,,,0.055016181,0.553398058
190LEA,0.663837012,,,0.083191851,0.185059423,0.385398981,0.088285229,0.27843803100000003,,,,0.458404075
19A000,0.837209302,,,,,0.511627907,,0.325581395,,,,0.744186047
19B000,0.8636363640000001,,,,0.06818181799999999,0.454545455,,0.409090909,0.090909091,,,0.704545455
200308,0.6603773589999999,,,,0.301886793,0.396226415,,0.264150943,,,0.075471698,0.622641509
200314,0.6,,,,0.225,0.3,,0.3,,,0.05,0.6
200322,0.145833333,,,,0.083333333,0.104166667,,,,,,0.083333333
200328,0.653061225,,,,0.255102041,0.295918367,,0.35714285700000004,,,0.06122449,0.6122448979999999
200350,0.774193548,,,,0.161290323,0.451612903,,0.322580645,0.064516129,,,0.677419355
200LEA,0.57037037,,,,0.218518519,0.3,,0.27037037,,,0.051851852,0.525925926
210312,0.636363636,,,0.242424242,0.272727273,0.356060606,,0.28030303,,,,0.333333333
210LEA,0.636363636,,,0.242424242,0.272727273,0.356060606,,0.28030303,,,,0.333333333
220310,0.6338028170000001,,,,0.197183099,0.366197183,,0.267605634,,,0.056338028,0.6056338029999999
220LEA,0.6338028170000001,,,,0.197183099,0.366197183,,0.267605634,,,0.056338028,0.6056338029999999
230312,0.558823529,,,0.130252101,0.260504202,0.289915966,,0.268907563,,,,0.386554622
230322,0.660714286,,,0.125,0.339285714,0.321428571,,0.339285714,,,,0.428571429
230324,0.541935484,,,0.119354839,0.129032258,0.287096774,,0.25483871,,,,0.3935483870000001
230330,0.162162162,,,0.081081081,,0.054054054,,0.108108108,,,,0.081081081
230350,0.666666667,,,0.12794612800000002,0.215488216,0.34006734,,0.326599327,,,,0.484848485
230359,0.125,,,,,,,0.125,,,0.125,0.125
230361,0.654761905,,,0.25,0.321428571,0.297619048,,0.35714285700000004,,,,0.35119047600000003
230LEA,0.586175943,,,0.141831239,0.215439856,0.295332137,,0.29084380600000004,,,,0.3994614
240334,0.529411765,0.18487395,,0.159663866,,0.35294117700000005,,0.176470588,,,,0.168067227
240371,0.5635359120000001,,,0.071823204,,0.325966851,,0.23756906100000005,,,,0.425414365
240373,0.523809524,,,0.095238095,,0.452380952,0.095238095,0.071428571,,,,0.333333333
240380,0.48245614,,,0.175438597,,0.245614035,,0.236842105,,,,0.280701754
240LEA,0.530701754,0.052631579000000005,,0.122807018,,0.324561404,,0.20614035100000005,,,,0.31359649100000003
241312,0.222222222,,,0.222222222,,0.222222222,,,,,,
241316,0.670886076,,,0.22784810100000005,,0.379746835,,0.291139241,,,,0.373417722
241LEA,0.646706587,,,0.22754491,,0.371257485,,0.275449102,,,,0.35329341299999995
24B000,0.454545455,,,,0.363636364,0.363636364,0.090909091,0.090909091,0.090909091,,,0.272727273
250314,0.666666667,,,0.128205128,0.102564103,0.435897436,,0.230769231,,,,0.487179487
250321,0.55,,,0.1,0.15,0.325,0.05,0.225,,,,0.4
250340,0.594488189,,,0.153543307,0.216535433,0.267716535,,0.326771654,,,,0.346456693
250356,0.6,,,0.147368421,0.168421053,0.363157895,,0.236842105,,,,0.37631579
250372,0.5067264570000001,,,0.121076233,0.210762332,0.29147982100000003,,0.215246637,,,,0.340807175
250LEA,0.576923077,,,0.139957265,0.188034188,0.321581197,,0.25534188,,,,0.365384615
260318,0.703196347,,,0.210045662,0.134703196,0.417808219,0.111872146,0.285388128,,,,0.283105023
260322,0.395256917,,,0.23715415,0.316205534,0.23715415,0.051383399,0.158102767,,,,0.067193676
260325,0.594086022,,,0.129032258,0.228494624,0.333333333,,0.260752688,,,,0.36827957
260347,0.843137255,,,0.431372549,0.35294117700000005,0.568627451,0.117647059,0.274509804,0.078431373,,,0.19607843100000005
260354,0.882352941,,,0.35294117700000005,0.37254902,0.588235294,0.215686275,0.294117647,0.117647059,,,0.19607843100000005
260357,0.5074626870000001,,,0.134328358,0.134328358,0.265671642,0.059701493,0.241791045,,,,0.250746269
260359,0.53030303,,,0.424242424,0.353535354,0.328282828,,0.202020202,,,,
260374,0.068965517,,,0.068965517,0.051724138,,,,,,,
260388,0.7466666670000001,,,0.226666667,0.186666667,0.44,0.093333333,0.306666667,0.053333333,,0.066666667,0.34666666700000004
260408,0.582840237,,,0.272189349,0.215976331,0.334319527,,0.24852071,0.056213018,,,0.207100592
260411,0.68,,,0.493333333,0.24,0.413333333,0.053333333,0.266666667,0.066666667,,,0.066666667
260424,0.456193354,,,0.296072508,0.250755287,0.250755287,0.072507553,0.205438067,,,,
260427,0.521197008,,,0.204488778,0.241895262,0.306733167,0.05985037400000001,0.21446384,,,,0.199501247
260446,0.706666667,,0.053333333,0.233333333,0.233333333,0.35666666700000005,0.05,0.35,0.053333333,,,0.313333333
260455,0.376425856,,,0.239543726,0.228136882,0.205323194,,0.171102662,,,,0.053231939000000006
260700,0.838709677,,,0.387096774,0.451612903,0.580645161,0.225806452,0.258064516,,,,0.193548387
260LEA,0.559383754,,,0.236414566,0.226330532,0.320448179,0.06162465,0.238935574,,,,0.194957983
270306,0.409961686,,,,0.061302682,0.29118774,,0.118773946,,,,0.333333333
270311,0.708333333,,,,0.104166667,0.5,,0.208333333,0.083333333,,,0.583333333
270LEA,0.45631068,,,,0.067961165,0.32362459600000004,,0.132686084,,,,0.372168285
280304,0.5555555560000001,,,,0.266666667,0.377777778,,0.177777778,,,,0.533333333
280306,0.2,,,,,0.133333333,0.066666667,0.066666667,,,,0.133333333
280316,0.688073395,,,0.055045872,0.183486239,0.449541284,0.064220184,0.23853211,,,,0.541284404
280330,0.691428571,,,,0.114285714,0.354285714,,0.337142857,,,,0.634285714
280LEA,0.651162791,,,,0.151162791,0.377906977,,0.273255814,,,,0.5697674420000001
290308,0.624338624,,,,0.206349206,0.35978836,,0.264550265,,,,0.566137566
290314,0.161290323,,,,0.08064516099999999,0.08064516099999999,,0.08064516099999999,,,,0.14516129
290315,0.684210526,,,,0.105263158,0.473684211,,0.210526316,,,,0.684210526
290324,0.548387097,,,,0.155913979,0.311827957,,0.23655914,,,,0.505376344
290336,0.72761194,,,,0.089552239,0.425373134,0.067164179,0.302238806,,,,0.611940299
290348,0.703296703,,,,0.129120879,0.384615385,,0.318681319,,,,0.629120879
290365,0.515789474,,,,0.15789473699999998,0.294736842,,0.221052632,,,,0.494736842
290388,0.736842105,,,,0.138157895,0.414473684,,0.322368421,,,,0.697368421
290389,0.405405405,,,,0.081081081,0.297297297,0.081081081,0.108108108,0.081081081,,,0.243243243
290LEA,0.630434783,,,,0.134057971,0.35942029,,0.271014493,,,,0.563768116
291336,0.468531469,,,0.167832168,,0.230769231,0.125874126,0.237762238,,,,0.132867133
291LEA,0.45890411,,,0.16438356199999998,,0.226027397,0.123287671,0.232876712,,,,0.130136986
292324,0.4,,,0.21600000000000005,,0.248,0.07200000000000001,0.152,,,,0.07200000000000001
292LEA,0.4,,,0.21600000000000005,,0.248,0.07200000000000001,0.152,,,,0.07200000000000001
300312,0.642679901,,,,0.131513648,0.330024814,,0.312655087,,,,0.540942928
300314,0.8,,,,0.314285714,0.457142857,0.2,0.342857143,0.05714285700000001,,,0.542857143
300LEA,0.653758542,,,,0.14578587699999998,0.339407745,,0.314350797,,,,0.539863326
310338,0.677419355,,,0.096774194,0.064516129,0.451612903,0.35483871,0.225806452,,,0.096774194,0.225806452
310344,0.577540107,,,0.08556149699999999,,0.342245989,0.117647059,0.235294118,,,,0.363636364
310352,0.534246575,,,0.198630137,,0.335616438,0.191780822,0.198630137,,,,0.109589041
310364,0.6,,,0.093333333,,0.36,0.12,0.24,,,,0.36
310392,0.52,,,0.2,,0.28,0.08800000000000001,0.24,,,,0.208
310LEA,0.562056738,,,0.14184397199999998,,0.335106383,0.14361702099999998,0.226950355,,,,0.255319149
320309,0.788235294,,0.05882352900000001,0.611764706,0.4,0.435294118,0.082352941,0.35294117700000005,,,,
320312,0.6511056510000001,,,0.250614251,0.137592138,0.326781327,0.073710074,0.324324324,,,,0.255528256
320314,0.6,,,0.363636364,0.236363636,0.418181818,0.090909091,0.181818182,,,0.054545455,0.145454546
320317,0.8059701490000001,,,0.52238806,0.29850746300000003,0.641791045,0.194029851,0.164179105,,,,0.059701493
320322,0.2,,,0.141176471,0.117647059,0.15294117699999998,,,,,,
320323,0.76056338,,0.056338028,0.253521127,0.201877934,0.5023474179999999,0.098591549,0.258215962,,,,0.328638498
320325,0.528985507,,,0.489130435,0.202898551,0.34057971,,0.188405797,,,,
320353,0.813333333,,0.053333333,0.266666667,0.093333333,0.546666667,0.186666667,0.266666667,,,,0.28
320356,0.570032573,,,0.293159609,0.237785016,0.32247557,0.094462541,0.247557003,,,,0.149837134
320365,0.559036145,,,0.212048193,0.171084337,0.26506024100000003,0.08674698800000001,0.293975904,,,,0.221686747
320368,0.347826087,,,0.297101449,0.173913044,0.152173913,,0.195652174,,,,
320701,0.7142857140000001,,,0.642857143,0.303571429,0.321428571,0.053571429,0.392857143,,,0.053571429,
320LEA,0.581786793,,,0.31333621100000003,0.193353474,0.328010358,0.075960294,0.253776435,,,,0.153215365
32D000,0.5476190479999999,,,0.380952381,,0.261904762,,0.28571428600000004,,,,0.083333333
32L000,0.747126437,,,0.103448276,0.126436782,0.344827586,,0.402298851,,,0.068965517,0.5862068970000001
32N000,0.923913044,,0.119565217,0.173913044,0.108695652,0.380434783,0.076086957,0.543478261,0.065217391,,0.097826087,0.489130435
330326,0.7692307690000001,,,0.115384615,0.192307692,0.461538462,0.115384615,0.307692308,,,,0.5384615389999999
330328,0.466666667,,,0.4,,0.244444444,,0.222222222,,,,
330350,0.505555556,,,0.25,,0.272222222,,0.233333333,,,,0.216666667
330358,0.511811024,,,0.299212598,,0.322834646,0.078740158,0.188976378,,,,0.102362205
330LEA,0.521164021,,,0.275132275,,0.298941799,,0.222222222,,,,0.177248677
33A000,0.701754386,,,0.228070175,0.350877193,0.403508772,,0.298245614,0.070175439,,0.070175439,0.333333333
340311,0.7328244279999999,,,0.33587786299999994,0.167938931,0.236641221,0.06870229,0.496183206,,,,0.290076336
340330,0.35,,,0.3,,0.175,,0.175,,,0.066666667,
340362,0.708333333,,0.0625,0.104166667,,0.520833333,0.125,0.1875,0.0625,,,0.35416666700000005
340364,0.598152425,,,0.143187067,0.143187067,0.318706698,,0.279445728,,,,0.387990762
340382,0.55027933,,,0.17877095,0.17597765399999998,0.30726257,0.081005587,0.24301676,,,,0.248603352
340446,0.765957447,,,0.234042553,,0.553191489,,0.212765958,,,,0.468085106
340454,0.7016574590000001,,,0.23756906100000005,0.185082873,0.375690608,,0.325966851,,,,0.35911602200000003
340460,0.471544716,,,0.199186992,0.276422764,0.276422764,0.13008130099999998,0.195121951,,,,0.117886179
340486,0.405063291,,,0.189873418,0.256329114,0.231012658,0.107594937,0.174050633,,,,0.082278481
340488,0.4,,,0.175,0.4,0.225,0.2,0.175,,,0.05,
340495,0.788461539,,,0.111111111,0.085470086,0.408119658,,0.38034188,,,,0.598290598
340496,0.663341646,,,0.197007481,0.187032419,0.374064838,0.06982543599999999,0.289276808,,,,0.341645885
340542,0.4791666670000001,,,0.125,0.166666667,0.265625,,0.213541667,,,,0.307291667
340556,0.648183556,,,0.095602295,0.095602295,0.3384321220000001,0.066921606,0.309751434,,,,0.41873805
340568,0.64,,,0.58,,0.28,,0.36,,,0.08,
340LEA,0.604836567,,,0.17486048399999998,0.15306936,0.324209407,0.065373372,0.280627159,,,,0.32288068
34B000,0.7894736840000001,,,0.684210526,,0.421052632,0.052631579000000005,0.368421053,,,0.052631579000000005,0.052631579000000005
34D000,0.48,,,0.2,,0.24,0.16,0.24,0.12,,0.16,
34H000,0.685714286,,,,,0.4,,0.28571428600000004,,,0.05714285700000001,0.6
350308,0.4375,,,0.072916667,0.125,0.28125,0.057291667,0.15625,,,,0.296875
350317,0.607142857,,,0.25,0.214285714,0.25,,0.35714285700000004,,,,0.321428571
350321,0.5215517239999999,,,0.142241379,0.112068966,0.314655172,,0.206896552,,,,0.331896552
350336,0.393939394,,,0.143939394,0.196969697,0.28030303,,0.113636364,,,,0.212121212
350LEA,0.4691780820000001,,,0.125,0.140410959,0.292808219,,0.17636986300000002,,,,0.292808219
360310,0.506060606,,,0.2,0.209090909,0.287878788,0.057575758,0.218181818,,,,0.212121212
360336,0.409090909,,,0.084415584,0.194805195,0.253246753,,0.15584415599999998,,,,0.279220779
360337,0.757575758,,,0.151515152,0.212121212,0.454545455,,0.303030303,0.060606061,,,0.545454546
360360,0.55862069,,,,0.179310345,0.296551724,,0.262068966,,,,0.482758621
360372,0.083333333,,,0.083333333,,0.083333333,,,,,0.083333333,
360378,0.548611111,,,0.052083333,0.14236111099999998,0.336805556,,0.211805556,,,,0.434027778
360390,0.5504587160000001,,,0.077981651,0.183486239,0.302752294,,0.247706422,,,,0.426605505
360396,0.654545455,,,0.12,0.174545455,0.363636364,0.054545455,0.290909091,,,,0.436363636
360418,0.7307692309999999,,,0.053846154000000014,0.207692308,0.384615385,,0.346153846,,,,0.576923077
360428,0.320675106,,,0.147679325,0.210970464,0.17721519,0.067510549,0.143459916,,,,0.092827004
360470,0.49137931,,,0.073275862,0.206896552,0.30172413800000003,,0.189655172,,,,0.36637931
360494,0.669527897,,,0.055793991,0.128755365,0.381974249,,0.287553648,,,,0.5407725320000001
360LEA,0.537157758,,,0.099087353,0.18079096100000006,0.307257714,,0.229900044,,,,0.368100826
36B000,0.671641791,,,0.119402985,0.104477612,0.388059702,,0.28358209,,,0.059701493,0.492537313
36C000,0.545454546,,,0.242424242,,0.282828283,,0.262626263,,,,0.232323232
370312,0.627272727,,,0.236363636,0.254545455,0.354545455,,0.272727273,,,0.054545455,0.34545454600000003
370LEA,0.627272727,,,0.236363636,0.254545455,0.354545455,,0.272727273,,,0.054545455,0.34545454600000003
380308,0.58,0.09,,,0.23,0.33,,0.25,,,,0.47
380LEA,0.58,0.09,,,0.23,0.33,,0.25,,,,0.47
390322,0.4625,,,0.13125,0.15625,0.3,,0.1625,,,,0.25
390323,0.75,,,0.166666667,0.222222222,0.4166666670000001,0.083333333,0.333333333,0.083333333,,,0.4166666670000001
390324,0.447552448,,,0.223776224,0.230769231,0.202797203,,0.244755245,,,,0.202797203
390352,0.60619469,,,0.168141593,0.15486725699999998,0.345132743,,0.261061947,,,,0.362831858
390700,0.786516854,,,0.112359551,0.157303371,0.539325843,,0.247191011,,,,0.606741573
390LEA,0.56880734,,,0.163608563,0.17584097899999998,0.333333333,,0.235474006,,,,0.336391437
39B000,0.8,,,0.177777778,0.133333333,0.4,,0.4,,,,0.577777778
400308,0.470319635,,,0.228310502,,0.269406393,0.063926941,0.200913242,,,,0.168949772
400315,0.666666667,,,0.133333333,,0.4,0.2,0.266666667,,,,0.333333333
400LEA,0.493975904,,,0.21686747,,0.285140562,0.080321285,0.208835341,,,,0.18875502
410319,0.601809955,,,0.4751131220000001,,0.36199095,,0.239819005,,,,
410326,0.95,,,0.913043478,,0.95,,,,,,
410355,0.493865031,,,0.444785276,,0.27607362,,0.217791411,,,,
410358,0.460207613,,,0.207612457,0.207612457,0.245674741,,0.214532872,,,,0.166089965
410390,0.735294118,,,0.35294117700000005,0.073529412,0.5,,0.235294118,0.05882352900000001,,,0.264705882
410391,0.95,,0.069767442,0.255813954,0.186046512,0.627906977,0.162790698,0.325581395,,,,0.418604651
410394,0.6756756759999999,,0.051351351,0.183783784,0.162162162,0.389189189,,0.286486487,,,,0.3972972970000001
410395,0.934782609,,0.347826087,0.065217391,0.108695652,0.456521739,,0.47826087,,,,0.434782609
410399,0.727272727,,,0.681818182,0.409090909,0.545454546,,0.181818182,,,,
410401,0.7551020409999999,,,0.183673469,0.204081633,0.489795918,,0.265306123,0.06122449,,,0.469387755
410406,0.589665654,,0.07902735599999999,0.221884499,0.258358663,0.32218845,,0.267477204,,,,0.221884499
410407,0.540540541,,0.162162162,0.162162162,,0.405405405,0.135135135,0.135135135,,,,0.054054054
410408,0.636363636,,,0.303030303,0.303030303,0.363636364,0.121212121,0.272727273,,,0.090909091,0.181818182
410483,0.806451613,,,0.806451613,0.483870968,,,0.806451613,,,,
410484,0.436781609,,,0.233716475,0.233716475,0.26436781600000003,,0.172413793,,,,0.149425287
410489,0.785046729,,,0.118380062,0.08411215,0.398753894,0.052959502,0.386292835,,,,0.5732087229999999
410490,0.815109344,,0.057654076,0.059642147,0.083499006,0.4055666,,0.409542744,,,,0.628230616
410508,0.6803278690000001,,,0.239754098,0.198770492,0.362704918,,0.31762295100000004,,,,0.356557377
410529,0.667621777,,0.080229226,0.212034384,0.223495702,0.41260745,,0.255014327,,,,0.29226361
410544,0.377697842,,,0.284172662,,0.215827338,0.061151079,0.161870504,,,,
410545,0.816326531,,0.14285714300000002,0.469387755,0.448979592,0.428571429,0.102040816,0.387755102,0.081632653,,,
410547,0.631229236,,,0.212624585,0.15946843900000002,0.318936877,,0.312292359,,,0.053156146,0.348837209
410556,0.55078125,,0.08203125,0.25390625,0.37109375,0.28125,0.07421875,0.26953125,,,,0.12109375
410562,0.682795699,,0.086021505,0.22311828,0.166666667,0.360215054,0.061827957,0.322580645,,,,0.282258065
410569,0.88372093,,0.209302326,0.325581395,0.139534884,0.395348837,0.069767442,0.488372093,0.093023256,,,0.186046512
410579,0.8297872340000001,,0.08510638300000001,0.446808511,0.212765958,0.531914894,0.08510638300000001,0.29787234,,,,0.191489362
410589,0.942307692,,,0.211538462,0.134615385,0.673076923,0.057692308,0.269230769,0.057692308,,,0.557692308
410595,0.605351171,,,0.227424749,0.200668896,0.341137124,0.06020066900000001,0.264214047,,,,0.244147157
410LEA,0.638405797,,,0.239673913,0.159782609,0.351811594,,0.286594203,,,,0.279166667
41F000,0.75,,,0.55,0.4,0.2,,0.55,,,0.075,0.15
420346,0.420454546,,,0.386363636,,0.21590909100000005,,0.204545455,,,,
420358,0.370967742,,,0.35483871,,0.274193548,,0.096774194,,,,
420LEA,0.4,,,0.373333333,,0.24,,0.16,,,,
421316,0.581395349,,,0.11627907,0.218604651,0.348837209,,0.23255814,,,,0.427906977
421LEA,0.581395349,,,0.11627907,0.218604651,0.348837209,,0.23255814,,,,0.427906977
422310,0.826086957,,,0.695652174,,0.52173913,,0.304347826,,,,0.086956522
422315,0.625,,,0.6,,0.325,,0.3,,,,
422LEA,0.6984126979999999,,,0.634920635,,0.396825397,,0.301587302,,,,
430346,0.593442623,,,0.118032787,0.203278689,0.35409836100000003,0.081967213,0.239344262,,,,0.367213115
430371,0.518134715,,,0.215025907,0.18134715,0.303108808,0.07253886,0.215025907,,,,0.189119171
430378,0.539792388,,,0.131487889,0.214532872,0.328719723,0.069204152,0.211072664,,,,0.311418685
430384,0.565359477,,,0.140522876,0.209150327,0.339869281,0.065359477,0.225490196,,,,0.323529412
430LEA,0.5520995329999999,,,0.155520995,0.200622084,0.32970451,0.07231726299999999,0.222395023,,,,0.29082426100000003
440326,0.217391304,,,,0.115942029,0.115942029,,0.101449275,,,,0.217391304
440346,0.621621622,,,,0.35135135100000003,0.405405405,,0.216216216,,,,0.567567568
440378,0.627802691,,,,0.174887892,0.295964126,,0.331838565,,,0.071748879,0.582959641
440390,0.679069767,,,,0.181395349,0.386046512,,0.293023256,,,,0.6
440LEA,0.595588235,,,,0.181985294,0.316176471,,0.279411765,,,,0.5422794120000001
450316,0.566210046,,,,0.228310502,0.283105023,0.105022831,0.283105023,,,,0.420091324
450334,0.742647059,,,,0.176470588,0.360294118,0.05882352900000001,0.382352941,0.05882352900000001,,,0.580882353
450341,0.5,,,,0.173228347,0.291338583,0.086614173,0.208661417,,,,0.3661417320000001
450343,0.191780822,,,,,0.054794521,,0.136986301,,,,0.109589041
450352,0.7233201579999999,,,,0.110671937,0.418972332,,0.304347826,,,,0.640316206
450354,0.736842105,,0.052631579000000005,,0.368421053,0.421052632,0.315789474,0.315789474,,,,0.368421053
450LEA,0.593011305,,,,0.165467626,0.31963001,0.077081192,0.273381295,,,,0.460431655
460320,0.6323529410000001,,,0.5514705879999999,,0.375,,0.257352941,,,0.066176471,0.05882352900000001
460322,0.76,,,0.64,,0.68,,0.08,,,,0.08
460340,0.8888888890000001,,0.055555556,0.7222222220000001,,0.444444444,,0.444444444,0.055555556,,,0.055555556
460LEA,0.6759776540000001,,,0.581005587,,0.424581006,,0.251396648,,,0.05027933,0.061452514000000014
470312,0.439909297,,,0.20861678,0.247165533,0.263038549,,0.176870748,,,,0.111111111
470443,0.461538462,,,0.192307692,0.17948718,0.282051282,,0.17948718,,,,0.192307692
470LEA,0.443159923,,,0.206165703,0.23699422,0.265895954,,0.177263969,,,,0.123314066
480316,0.5555555560000001,,,,0.055555556,0.333333333,0.166666667,0.222222222,,,0.111111111,0.388888889
480318,0.428571429,,,0.190476191,,0.238095238,,0.190476191,,,,0.190476191
480LEA,0.487179487,,,0.102564103,,0.282051282,0.102564103,0.205128205,,,0.076923077,0.282051282
490310,0.409090909,,,,,0.181818182,,0.227272727,,,,0.363636364
490320,0.783783784,,,0.108108108,0.135135135,0.45945946,,0.324324324,,,,0.621621622
490335,0.808457711,,,,,0.440298508,,0.368159204,,,,0.718905473
490346,0.54954955,,,,0.103603604,0.301801802,,0.247747748,,,,0.468468469
490354,0.43315508,,,0.13368984,0.13903743300000002,0.192513369,0.064171123,0.240641711,,,,0.203208556
490355,0.78,,,0.22,0.26,0.58,0.06,0.2,,,,0.48
490362,0.737313433,,,0.062686567,0.089552239,0.4,,0.337313433,,,,0.602985075
490380,0.413978495,,,0.064516129,0.155913979,0.231182796,,0.182795699,,,,0.306451613
490LEA,0.5978260870000001,,,0.054347826,0.093350384,0.324168798,,0.273657289,,,,0.478900256
491312,0.669662921,,,0.096629214,0.141573034,0.341573034,,0.328089888,,,,0.501123596
491LEA,0.669662921,,,0.096629214,0.141573034,0.341573034,,0.328089888,,,,0.501123596
49E000,0.905511811,,,,,0.37007874,,0.535433071,,,,0.8188976379999999
500302,0.62962963,,,,,0.444444444,0.111111111,0.185185185,,,,0.518518519
500323,0.551724138,,,,0.275862069,0.344827586,0.068965517,0.206896552,,,,0.413793104
500324,0.127659575,,,,,,,0.08510638300000001,,,,0.08510638300000001
500340,0.635897436,,,,0.184615385,0.307692308,,0.328205128,,,0.056410256,0.517948718
500LEA,0.546979866,,,,0.147651007,0.281879195,,0.265100671,,,,0.439597315
510324,0.559113301,,,0.123152709,0.103448276,0.307881773,,0.251231527,,,,0.354679803
510327,0.636363636,,,0.101928375,0.096418733,0.330578512,0.060606061,0.305785124,,,0.052341598,0.435261708
510333,0.644021739,,,0.067934783,0.057065217,0.350543478,,0.293478261,,,0.054347826,0.516304348
510357,0.835616438,,,0.095890411,0.123287671,0.602739726,0.08219178099999999,0.232876712,,,,0.630136986
510367,0.673076923,,,0.076923077,0.153846154,0.461538462,0.134615385,0.211538462,,,,0.461538462
510368,0.571428571,,,,0.164021164,0.264550265,0.074074074,0.306878307,,,0.052910053,0.444444444
510376,0.56,,,0.056,0.136,0.312,,0.248,,,,0.456
510399,0.455882353,,,0.136029412,0.235294118,0.279411765,0.099264706,0.176470588,,,,0.209558824
510402,0.509493671,,,,0.155063291,0.332278481,0.088607595,0.17721519,,,,0.376582279
510406,0.598746082,,,0.053291536,0.106583072,0.310344828,0.059561129,0.288401254,,,,0.460815047
510LEA,0.581357975,,,0.082362395,0.124949779,0.326637204,0.06508638,0.254720771,,,,0.412615508
51A000,0.6739130440000001,,,0.086956522,0.152173913,0.347826087,0.065217391,0.326086957,0.086956522,,0.065217391,0.434782609
520320,0.397435897,,,0.230769231,,0.192307692,,0.205128205,,,,0.141025641
520LEA,0.397435897,,,0.230769231,,0.192307692,,0.205128205,,,,0.141025641
530335,0.6949152540000001,,0.050847458,0.118644068,0.305084746,0.440677966,0.152542373,0.254237288,,,,0.33898305100000004
530336,0.584352078,,,0.114914425,0.234718826,0.334963325,0.092909536,0.249388753,,,,0.35207824
530343,0.567765568,,,0.120879121,0.249084249,0.289377289,0.095238095,0.278388278,,,,0.315018315
530LEA,0.58310992,,,0.116621984,0.243967828,0.324396783,0.097855228,0.258713137,,,,0.335120643
540315,0.486486487,,,0.4,,0.308108108,,0.178378378,,,,
540317,0.45945946,,,0.162162162,,0.324324324,0.054054054,0.135135135,,,,0.243243243
540324,0.616216216,,,0.2,,0.394594595,,0.221621622,,,,0.367567568
540336,0.5862068970000001,,,0.064039409,,0.369458128,0.068965517,0.216748769,,,,0.438423645
540LEA,0.551053485,,,0.210696921,,0.351701783,,0.199351702,,,,0.28363047
550320,0.671232877,,,,0.159817352,0.351598174,,0.319634703,,,,0.570776256
550332,0.5916230370000001,,,0.115183246,0.293193717,0.335078534,0.13089005199999998,0.25654450300000003,,,,0.287958115
550344,0.613733906,,,,0.115879828,0.34334764,,0.27038626600000004,,,,0.515021459
550368,0.494949495,,,,0.17676767699999998,0.252525253,0.055555556,0.242424242,,,,0.434343434
550LEA,0.5957193820000001,,,,0.181926278,0.322235434,0.058263972,0.27348394800000003,,,,0.458977408
55A000,0.8698630140000001,,,0.075342466,0.116438356,0.45890411,0.054794521,0.410958904,,,0.054794521,0.691780822
560320,0.603773585,,,,0.231132076,0.316037736,,0.287735849,,,,0.54245283
560324,0.696969697,,,,0.242424242,0.454545455,,0.242424242,,,0.060606061,0.636363636
560329,0.512820513,,,,0.205128205,0.282051282,0.076923077,0.230769231,,,,0.41025641
560332,0.375,,,,,0.125,,0.25,,,,0.375
560LEA,0.535168196,,,,0.198776758,0.287461774,,0.247706422,,,,0.47706422
570317,0.5384615389999999,,,,0.051282051,0.307692308,,0.230769231,,,,0.5384615389999999
570318,0.432624114,,,,0.156028369,0.234042553,,0.19858156,,,,0.404255319
570LEA,0.455555556,,,,0.133333333,0.25,,0.20555555600000006,,,,0.433333333
580344,0.690140845,,,0.394366197,,0.394366197,,0.29577464800000003,0.056338028,,0.056338028,0.211267606
580368,0.605263158,,,0.269736842,,0.368421053,,0.236842105,,,,0.322368421
580LEA,0.632286996,,,0.30941704,,0.376681614,,0.255605381,,,,0.286995516
58B000,0.731707317,,,,,0.43902439,,0.292682927,,,,0.682926829
590328,0.701754386,,,,0.280701754,0.368421053,0.122807018,0.333333333,,,,0.50877193
590330,0.50397878,,,,0.180371353,0.30503978800000003,,0.198938992,,,,0.403183024
590393,0.266666667,,,0.066666667,,0.133333333,,0.133333333,,,0.133333333,0.2
590LEA,0.521158129,,,,0.187082405,0.307349666,,0.213808463,,,,0.409799555
600302,0.858475894,,0.127527216,0.116640747,0.066874028,0.433903577,0.057542768,0.424572317,,,,0.544323484
600312,0.78245614,,,0.071929825,0.096491228,0.401754386,,0.380701754,,,,0.628070175
600334,0.695652174,,0.108695652,0.282608696,0.217391304,0.347826087,0.130434783,0.347826087,,,,0.141304348
600341,0.434782609,,,0.130434783,,0.260869565,0.260869565,0.173913044,,,,
600361,0.63562753,,,0.200404858,0.220647773,0.334008097,0.087044534,0.301619433,,,,0.285425101
600364,0.8275862070000001,,,0.310344828,,0.344827586,0.310344828,0.482758621,0.137931035,,,
600377,0.688953488,,0.069767442,0.279069767,0.322674419,0.38372093,0.08720930199999999,0.305232558,,,,0.203488372
600386,0.7333333329999999,,,0.4,0.533333333,0.466666667,0.266666667,0.266666667,,,,0.066666667
600397,0.37628866,,,0.224226804,,0.221649485,0.113402062,0.154639175,,,,
600404,0.95,,,0.14285714300000002,0.14285714300000002,0.571428571,0.14285714300000002,0.428571429,,,,0.7142857140000001
600405,0.355828221,,,0.242331288,,0.242331288,0.076687117,0.113496933,,,,
600415,0.547945206,,,0.271232877,0.197260274,0.304109589,0.057534247,0.243835616,,,,0.183561644
600426,0.482142857,,,0.166071429,0.183928571,0.264285714,0.076785714,0.217857143,,,,0.185714286
600443,0.7560975609999999,,0.06097561,0.158536585,0.134146342,0.475609756,0.085365854,0.280487805,,,,0.414634146
600445,0.603741497,,,0.367346939,0.224489796,0.31972789100000004,0.057823129,0.284013605,,,,0.115646259
600457,0.508108108,,,0.34054054100000003,0.297297297,0.291891892,0.081081081,0.216216216,,,,
600466,0.733834587,,,0.114285714,0.114285714,0.387969925,,0.34586466200000004,,,,0.538345865
600480,0.5555555560000001,,,0.311594203,0.260869565,0.350241546,0.062801932,0.20531401,,,,0.120772947
600482,0.845588235,,,0.316176471,0.205882353,0.625,,0.220588235,,,,0.411764706
600496,0.652892562,,,0.531680441,0.38292011,0.371900827,0.055096419,0.280991736,,,,
600498,0.523809524,,,0.333333333,0.166666667,0.380952381,,0.14285714300000002,,,0.071428571,0.119047619
600499,0.413043478,,,0.130434783,0.086956522,0.260869565,,0.152173913,,,,0.282608696
600508,0.8647450109999999,,0.101995565,0.064301552,,0.43902439,,0.425720621,,,,0.645232816
600535,0.638629284,,,0.168224299,0.214953271,0.361370717,0.121495327,0.277258567,,,,0.29283489100000004
600576,0.356725146,,,0.312865497,,0.242690059,,0.114035088,,,,
600579,0.374701671,,,0.248210024,,0.23150358,0.062052505999999986,0.143198091,,,,
600592,0.376498801,,,0.256594724,,0.206235012,0.074340528,0.170263789,,,,
600693,0.601503759,,0.067669173,0.218045113,0.233082707,0.458646617,0.14285714300000002,0.14285714300000002,,,,0.17293233100000002
600694,0.6575342470000001,,0.075342466,0.267123288,0.212328767,0.260273973,0.068493151,0.397260274,,,,0.226027397
600695,0.452830189,,0.056603774,0.16981132100000002,0.188679245,0.150943396,0.113207547,0.301886793,,,,0.113207547
600696,0.392307692,,,0.253846154,0.253846154,0.223076923,0.1,0.16923076899999998,,,,
600697,0.536,,0.096,0.272,0.28,0.304,0.08,0.232,,,,0.064
600LEA,0.600572276,,,0.225625265,0.152289106,0.333192031,0.069838915,0.267380246,,,,0.242581602
60D000,0.85945946,,,0.12972973,,0.497297297,,0.362162162,,,,0.643243243
60G000,0.7844827590000001,,,0.25,0.060344828,0.387931035,0.060344828,0.396551724,,,0.077586207,0.465517241
60I000,0.8503937009999999,,,,,0.42519685,,0.42519685,,,0.05511811,0.74015748
60K000,0.651162791,,,0.209302326,0.069767442,0.325581395,,0.325581395,,,0.069767442,0.395348837
60V000,0.466666667,,,0.4,0.4,0.266666667,,0.2,,,0.066666667,
610332,0.588235294,,,,0.35294117700000005,0.470588235,0.05882352900000001,0.117647059,0.05882352900000001,,0.117647059,0.470588235
610334,0.541666667,,,,0.233333333,0.358333333,,0.183333333,,,,0.5083333329999999
610LEA,0.547445256,,,,0.248175183,0.372262774,,0.175182482,,,,0.503649635
620310,0.15789473699999998,,,,0.15789473699999998,0.052631579000000005,0.105263158,0.105263158,,,,0.052631579000000005
620316,0.552631579,,,0.131578947,0.269736842,0.296052632,0.144736842,0.256578947,,,,0.269736842
620340,0.645833333,,,0.1875,0.25,0.29861111100000004,,0.347222222,,,0.06944444400000001,0.402777778
620LEA,0.571428571,,,0.14920634900000002,0.253968254,0.282539683,0.082539683,0.288888889,,,0.050793651,0.317460318
630330,0.05882352900000001,,,,,,,0.05882352900000001,,,,0.05882352900000001
630332,0.560810811,,,0.081081081,0.216216216,0.324324324,,0.236486487,,,,0.432432432
630336,0.687861272,,,0.129094412,0.129094412,0.371868979,,0.31599229300000004,,,,0.49132948
630360,0.619354839,,,0.051612903,0.119354839,0.34838709700000003,,0.270967742,,,,0.529032258
630LEA,0.6368209260000001,,,0.095573441,0.136820926,0.35110664,,0.28571428600000004,,,,0.486921529
640340,0.140625,,,0.109375,,0.078125,,0.0625,,,,
640346,0.6282722510000001,,,0.277486911,0.25130890100000003,0.35078534,,0.277486911,,,,0.308900524
640347,0.666666667,,,0.282051282,0.282051282,0.358974359,0.051282051,0.307692308,,,,0.307692308
640350,0.623076923,,,0.234615385,0.238461539,0.3769230770000001,,0.246153846,,,,0.326923077
640361,0.620338983,,,0.4,0.325423729,0.3796610170000001,,0.240677966,,,,0.172881356
640364,0.5419847329999999,,,0.095419847,0.213740458,0.305343512,0.08015267200000001,0.236641221,,,,0.347328244
640LEA,0.577857786,,,0.247524753,0.245724573,0.338433843,,0.239423942,,,,0.270027003
64A000,0.571428571,,,0.464285714,0.375,0.232142857,,0.339285714,,,0.053571429,0.071428571
650326,0.6325301210000001,,,0.116465864,0.15863453800000002,0.347389558,,0.285140562,,,,0.441767068
650327,0.6512195120000001,,,0.06097561,0.173170732,0.385365854,,0.265853659,,,,0.519512195
650340,0.879310345,,0.051724138,0.051724138,0.310344828,0.551724138,0.120689655,0.327586207,,,,0.637931035
650342,0.794554456,,,0.071782178,0.081683168,0.433168317,,0.361386139,,,,0.6287128710000001
650352,0.643410853,,,0.142118863,,0.299741602,,0.343669251,,,,0.428940569
650355,0.111111111,,,,,0.074074074,,,,,,0.074074074
650394,0.8,,0.05714285700000001,0.14285714300000002,0.2,0.428571429,,0.371428571,0.05714285700000001,,,0.514285714
650LEA,0.6783947220000001,,,0.09675646,0.114348543,0.368884002,,0.30951072,,,,0.500274876
660336,0.456790124,,,0.345679012,,0.209876543,,0.24691358,,,,0.098765432
660LEA,0.456790124,,,0.345679012,,0.209876543,,0.24691358,,,,0.098765432
66A000,0.901234568,,,0.75308642,0.5555555560000001,0.493827161,,0.4074074070000001,,,,0.098765432
670320,0.526041667,,,,0.130208333,0.3125,,0.213541667,,,0.0625,0.4166666670000001
670324,0.5507246379999999,,,0.124637681,0.15942029,0.313043478,0.072463768,0.237681159,,,,0.304347826
670333,0.58781362,,,0.229390681,0.23655914,0.297491039,0.068100358,0.290322581,0.0609319,,0.050179212,0.193548387
670340,0.527196653,,,0.092050209,0.150627615,0.31380753100000003,0.058577406,0.213389121,,,,0.338912134
670344,0.49659864,,,0.081632653,0.14285714300000002,0.306122449,,0.190476191,0.054421769,,,0.31292517
670352,0.529411765,,,,0.073529412,0.301470588,,0.227941177,,,,0.426470588
670364,0.48828125,,,0.0859375,0.1328125,0.28515625,,0.203125,,,,0.3125
670LEA,0.533526012,,,0.102312139,0.148554913,0.304046243,0.052023121,0.229479769,,,,0.324855491
680310,0.644128114,,,0.074733096,0.08896797199999999,0.348754448,0.06405694,0.29537366600000003,,,,0.448398577
680332,0.637010676,,,0.117437722,0.128113879,0.362989324,0.053380783,0.274021352,,,,0.43772242
680335,0.375,,,,0.25,0.25,,0.125,,,,0.375
680LEA,0.636842105,,,0.094736842,0.110526316,0.354385965,0.057894737,0.28245614,,,,0.442105263
681305,0.802197802,,0.054945055,0.065934066,0.08791208800000001,0.406593407,0.071428571,0.395604396,0.06043956,,,0.54945055
681308,0.787878788,,0.112121212,0.063636364,0.106060606,0.378787879,0.075757576,0.409090909,,,,0.490909091
681314,0.8503401359999999,,0.149659864,0.085034014,0.108843537,0.408163265,0.071428571,0.442176871,,,,0.5
681338,0.25,,,0.0625,0.0625,0.25,,,0.0625,,,0.125
681LEA,0.802919708,,0.110705596,0.071776156,0.102189781,0.392944039,0.071776156,0.409975669,,,,0.5
690320,0.442622951,,,0.065573771,0.163934426,0.295081967,,0.147540984,,,,0.327868853
690LEA,0.442622951,,,0.065573771,0.163934426,0.295081967,,0.147540984,,,,0.327868853
69A000,0.333333333,,,,0.083333333,0.166666667,,0.166666667,,,0.125,0.333333333
700317,0.509615385,,,0.206730769,0.197115385,0.322115385,,0.1875,,,,0.278846154
700319,0.5,,,0.255434783,0.260869565,0.342391304,,0.157608696,,,,0.195652174
700LEA,0.505102041,,,0.229591837,0.227040816,0.331632653,,0.173469388,,,,0.239795918
710321,0.435064935,,,0.11038961,0.207792208,0.272727273,0.071428571,0.162337662,,,,0.24025974
710326,0.547008547,,,0.188034188,0.367521368,0.341880342,,0.205128205,,,,0.307692308
710327,0.707317073,,,0.097560976,0.219512195,0.463414634,0.097560976,0.243902439,,,,0.487804878
710342,0.719063545,,,,0.100334448,0.391304348,,0.327759197,,,,0.662207358
710LEA,0.613747954,,,0.075286416,0.186579378,0.356792144,,0.25695581,,,,0.476268412
720316,0.537878788,,,0.128787879,0.287878788,0.287878788,,0.25,,,,0.386363636
720LEA,0.537878788,,,0.128787879,0.287878788,0.287878788,,0.25,,,,0.386363636
730352,0.51147541,,,0.150819672,0.186885246,0.285245902,,0.226229508,,,,0.31147541
730LEA,0.51147541,,,0.150819672,0.186885246,0.285245902,,0.226229508,,,,0.31147541
73B000,0.81443299,,,0.092783505,0.051546392,0.474226804,,0.340206186,,,,0.649484536
740309,0.5870967739999999,,,0.24516129,0.303225807,0.277419355,0.058064516,0.309677419,,,,0.270967742
740333,0.650666667,,,0.146666667,0.14400000000000002,0.3626666670000001,,0.28800000000000003,,,,0.4186666670000001
740344,0.658959538,,,0.410404624,0.352601156,0.398843931,,0.260115607,,,0.052023121,0.213872832
740366,0.688622755,,,0.320359281,0.254491018,0.347305389,0.053892216,0.341317365,,,,0.28443113800000003
740374,0.50990099,,,0.272277228,,0.336633663,0.079207921,0.173267327,,,,0.133663366
740388,0.690288714,,,0.427821522,0.288713911,0.375328084,,0.31496063,,,,0.207349081
740LEA,0.643076923,,,0.300923077,0.219692308,0.353846154,,0.289230769,,,,0.268923077
750317,0.95,,,0.05882352900000001,0.35294117700000005,0.882352941,0.235294118,0.117647059,,,0.05882352900000001,0.705882353
750318,0.655629139,,,0.052980133,0.185430464,0.450331126,,0.205298013,,,,0.5364238410000001
750LEA,0.6904761909999999,,,0.053571429,0.202380952,0.494047619,,0.196428571,,,,0.553571429
760318,0.6,,,0.054054054,0.27567567600000004,0.345945946,0.097297297,0.254054054,,,,0.432432432
760339,0.590909091,,,,0.151515152,0.353535354,,0.237373737,,,,0.5
760348,0.5371428570000001,,,,0.16,0.28,0.062857143,0.257142857,,,,0.428571429
760354,0.761904762,,0.05952381,,0.226190476,0.488095238,0.214285714,0.273809524,,,,0.452380952
760358,0.563559322,,,,0.199152542,0.33474576300000003,0.088983051,0.228813559,,,,0.470338983
760380,0.572164949,,,,0.139175258,0.324742268,,0.24742268,,,,0.458762887
760388,0.505319149,,,,0.063829787,0.25,,0.255319149,,,,0.462765958
760LEA,0.574940523,,,,0.169706582,0.32751784300000003,0.06740682,0.24742268,,,,0.459159397
761304,0.556666667,,,0.09,0.296666667,0.33,0.22,0.226666667,,,,0.21
761LEA,0.556666667,,,0.09,0.296666667,0.33,0.22,0.226666667,,,,0.21
76A000,0.5655737710000001,,,,0.106557377,0.418032787,0.065573771,0.147540984,,,,0.450819672
770342,0.210526316,0.052631579000000005,,0.105263158,,0.052631579000000005,,0.15789473699999998,,,0.105263158,0.052631579000000005
770348,0.54939759,,,0.221686747,,0.30361445800000003,,0.245783133,,,,0.26506024100000003
770349,0.85106383,,,0.234042553,,0.5106382979999999,0.106382979,0.34042553200000003,,,,0.425531915
770LEA,0.556237219,,,0.214723926,,0.308793456,,0.247443763,,,,0.267893661
780325,0.472392638,0.153374233,,0.165644172,,0.294478528,,0.17791411,,,,0.110429448
780342,0.478170478,0.13305613300000002,,0.11018711,,0.30561330600000003,,0.172557173,,,,0.16839916800000002
780385,0.837837838,0.243243243,,0.189189189,0.486486487,0.540540541,0.108108108,0.297297297,0.081081081,,,0.216216216
780391,0.375634518,0.203045685,,0.086294416,,0.23857868,0.065989848,0.137055838,,,,
780401,0.31606217600000003,0.07253886,,0.119170985,,0.170984456,,0.14507772,,,,0.077720207
780402,0.514285714,0.238095238,,0.20952381,,0.276190476,,0.238095238,,,,
780420,0.5365853660000001,0.482926829,,,,0.351219512,,0.185365854,,,,
780LEA,0.4709962170000001,0.236443884,,0.102143758,,0.295081967,,0.17591425,,,,0.080075662
790314,0.459330144,,,,0.133971292,0.277511962,,0.181818182,,,,0.368421053
790354,0.522727273,,,0.145454546,0.195454546,0.290909091,,0.231818182,,,,0.304545455
790366,0.5512195120000001,,,0.224390244,0.21463414600000005,0.273170732,,0.278048781,,,,0.253658537
790378,0.561403509,,,0.078947368,0.105263158,0.280701754,,0.280701754,,,,0.460526316
790379,0.7375,,,0.1875,0.15,0.5375,,0.2,,,,0.4625
790LEA,0.542462845,,,0.124203822,0.16029724,0.302547771,,0.239915074,,,,0.35881104
800308,0.181818182,,,0.090909091,,0.090909091,0.090909091,0.090909091,,,,
800340,0.5555555560000001,,,,0.14403292199999998,0.333333333,,0.222222222,,,,0.485596708
800361,0.614173228,,,,0.20472441,0.385826772,0.082677165,0.228346457,,,,0.480314961
800376,0.473282443,,,0.213740458,0.221374046,0.251908397,,0.221374046,,,0.053435115,0.190839695
800394,0.788461539,,0.057692308,0.115384615,0.480769231,0.480769231,0.25,0.307692308,,,,0.307692308
800396,0.491017964,,,0.209580838,0.22754491,0.251497006,0.06586826400000001,0.239520958,,,,0.191616767
800400,0.513368984,,,,0.117647059,0.288770054,,0.224598931,,,,0.454545455
800408,0.542510122,,,0.093117409,0.222672065,0.299595142,0.060728745,0.24291498,,,,0.384615385
800LEA,0.547987616,,,0.08668730699999999,0.198142415,0.315789474,0.058049536,0.232198142,,,,0.3815789470000001
810324,0.611111111,,,0.080246914,,0.351851852,,0.259259259,,,,0.481481482
810340,0.551020408,,,0.06122449,,0.278911565,,0.272108844,,,0.054421769,0.43537415
810384,0.632978723,,,0.074468085,,0.388297872,,0.244680851,,,0.069148936,0.5
810385,0.5,,,,,0.4375,,0.0625,,,,0.46875
810386,0.235955056,,,,,0.112359551,,0.123595506,,,0.056179775,0.19101123600000006
810LEA,0.54368932,,,0.05987055,,0.315533981,,0.22815534,,,,0.433656958
81A000,0.91025641,,,0.064102564,,0.461538462,0.08974359,0.448717949,,,,0.67948718
81B000,0.761904762,,,,0.238095238,0.380952381,,0.380952381,,,,0.666666667
820324,0.625,,,0.083333333,0.333333333,0.458333333,0.291666667,0.166666667,,,,0.229166667
820348,0.575221239,,,0.079646018,,0.345132743,0.17699115,0.230088496,,,,0.309734513
820349,0.403361345,,,0.117647059,,0.235294118,0.075630252,0.168067227,,,,0.193277311
820352,0.617283951,,,0.061728395,,0.302469136,0.098765432,0.314814815,,,,0.444444444
820388,0.5046728970000001,,,0.140186916,,0.327102804,0.17757009399999998,0.17757009399999998,,,,0.158878505
820LEA,0.540983607,,,0.094717669,0.058287796,0.315118397,0.14207650300000002,0.22586521,,,,0.287795993
821308,0.635416667,,,0.25,,0.390625,0.119791667,0.244791667,,,,0.239583333
821LEA,0.635416667,,,0.25,,0.390625,0.119791667,0.244791667,,,,0.239583333
830343,0.456790124,0.061728395,,0.206790124,,0.262345679,,0.194444444,,,,0.175925926
830348,0.653846154,0.134615385,,0.192307692,,0.403846154,,0.25,,,,0.269230769
830LEA,0.456359102,0.067331671,,0.194513716,,0.264339152,,0.19201995,,,,0.177057357
840302,0.494505495,,0.054945055,0.131868132,0.28571428600000004,0.318681319,,0.17582417600000005,,,,0.263736264
840332,0.496644295,,,,0.100671141,0.275167785,,0.22147651,,,0.053691275,0.402684564
840356,0.513761468,,,,0.091743119,0.256880734,,0.256880734,,,,0.467889908
840361,0.731707317,,0.146341463,,0.243902439,0.463414634,0.073170732,0.26829268300000003,,,,0.43902439
840368,0.666666667,,,,0.146464647,0.328282828,,0.338383838,,,,0.611111111
840370,0.071428571,,,0.071428571,0.071428571,,,0.071428571,,,,
840LEA,0.561461794,,,,0.151162791,0.302325581,,0.259136213,,,,0.455149502
84B000,0.93814433,,,,0.12371134,0.494845361,,0.443298969,,,,0.845360825
850324,0.052631579000000005,,,,,0.052631579000000005,,,,,,0.052631579000000005
850332,0.511363636,,,,0.13636363599999998,0.318181818,,0.193181818,,,,0.5
850352,0.542253521,,,0.063380282,0.147887324,0.23943662,,0.302816901,,,,0.450704225
850358,0.626213592,,,,0.160194175,0.32038835,,0.305825243,,,,0.553398058
850360,0.58974359,,,,0.205128205,0.384615385,0.076923077,0.205128205,,,,0.487179487
850LEA,0.556680162,,,,0.149797571,0.291497976,,0.26518218600000004,,,,0.489878543
860316,0.6056338029999999,,,,0.133802817,0.35915493,,0.246478873,,,,0.563380282
860336,0.563106796,,,,0.22815534,0.291262136,0.077669903,0.27184466,,,,0.475728155
860352,0.530726257,,,,0.240223464,0.279329609,0.134078212,0.251396648,,,,0.38547486
860354,0.432835821,,,,0.149253731,0.28358209,0.059701493,0.149253731,,,,0.373134328
860LEA,0.548821549,,,,0.2003367,0.303030303,0.08080808099999999,0.245791246,,,,0.457912458
861308,0.792682927,,,,0.109756098,0.43902439,0.097560976,0.35365853700000005,,,,0.658536585
861LEA,0.792682927,,,,0.109756098,0.43902439,0.097560976,0.35365853700000005,,,,0.658536585
862312,0.636363636,,,,0.159090909,0.348484849,0.053030303,0.287878788,,,,0.522727273
862LEA,0.636363636,,,,0.159090909,0.348484849,0.053030303,0.287878788,,,,0.522727273
870314,0.6315789470000001,0.127819549,,,0.248120301,0.34586466200000004,,0.28571428600000004,,,,0.466165414
870LEA,0.6315789470000001,0.127819549,,,0.248120301,0.34586466200000004,,0.28571428600000004,,,,0.466165414
880308,0.638157895,,,,0.164473684,0.348684211,,0.289473684,,,,0.513157895
880320,0.35714285700000004,,,0.071428571,,0.214285714,0.071428571,0.14285714300000002,,,0.071428571,0.214285714
880328,0.7027027029999999,,,,0.283783784,0.364864865,,0.33783783799999995,0.054054054,,,0.621621622
880LEA,0.6416666670000001,,,,0.191666667,0.345833333,,0.29583333300000003,,,,0.529166667
890304,0.6764705879999999,,0.05882352900000001,0.235294118,0.205882353,0.411764706,0.088235294,0.264705882,,,,0.264705882
890LEA,0.6764705879999999,,0.05882352900000001,0.235294118,0.205882353,0.411764706,0.088235294,0.264705882,,,,0.264705882
900311,0.8477157359999999,,,0.065989848,0.058375635,0.441624366,,0.406091371,,,,0.710659899
900316,0.630681818,,,0.198863636,0.3125,0.352272727,0.107954546,0.278409091,,,,0.318181818
900336,0.47761194,,,0.233830846,0.338308458,0.258706468,0.194029851,0.218905473,,,,
900342,0.796703297,,,0.076923077,0.129120879,0.456043956,0.057692308,0.340659341,,,,0.618131868
900344,0.571428571,,,0.08095238099999999,0.14285714300000002,0.3,,0.271428571,,,,0.442857143
900348,0.705263158,,,,0.084210526,0.403508772,,0.30175438600000004,,,,0.614035088
900360,0.656603774,,,0.086792453,0.143396226,0.33962264200000003,0.109433962,0.316981132,,,,0.437735849
900365,0.158536585,,,,0.06097561,0.067073171,,0.091463415,,,,0.079268293
900366,0.863157895,,,0.121052632,0.147368421,0.405263158,0.078947368,0.4578947370000001,,,,0.62631579
900367,0.6865671640000001,,,,0.164179105,0.4626865670000001,0.23880597,0.223880597,,,,0.388059702
900377,0.837016575,,,0.055248619000000006,,0.41160221,0.05801105,0.425414365,,,,0.665745856
900393,0.946949602,,,0.050397878,,0.448275862,,0.49867374,,,,0.816976127
900LEA,0.727332242,,,0.08379705400000001,0.115220949,0.379378069,0.06808510599999999,0.347954174,,,,0.543371522
90A000,0.505263158,,,,,0.336842105,,0.168421053,,,,0.4315789470000001
910364,0.440476191,,,0.273809524,,0.297619048,0.089285714,0.14285714300000002,,,,0.077380952
910368,0.08064516099999999,,,0.08064516099999999,,,,0.064516129,,,,
910370,0.43258427,,,0.303370787,,0.247191011,,0.185393258,,,,0.08426966300000001
910382,0.75,,,0.333333333,,0.520833333,0.125,0.229166667,,,,0.25
910LEA,0.421052632,,,0.265350877,,0.263157895,0.050438597,0.15789473699999998,,,,0.087719298
920316,0.648550725,,,,,0.351449275,,0.297101449,,,,0.474637681
920318,0.685096154,,0.052884615,0.127403846,0.13221153900000002,0.358173077,,0.326923077,,,0.064903846,0.432692308
920324,0.072164949,,,,,,,,,,,
920348,0.697247706,,,0.135321101,0.121559633,0.385321101,,0.311926606,,,0.061926606,0.4862385320000001
920368,0.659380692,,0.06739526400000001,0.103825137,0.136612022,0.336976321,0.06739526400000001,0.322404372,,,0.063752277,0.39708561
920386,0.705882353,,,,0.05882352900000001,0.411764706,0.117647059,0.294117647,0.05882352900000001,0.05882352900000001,0.05882352900000001,0.470588235
920411,0.434782609,,,0.158385093,0.18012422399999994,0.257763975,0.062111801,0.17701863399999998,,,,0.192546584
920412,0.735700197,,0.153846154,0.224852071,0.149901381,0.406311637,0.053254438,0.32938856,,,,0.282051282
920428,0.660569106,,,0.089430894,0.105691057,0.31504065,0.069105691,0.345528455,,,0.06097561,0.463414634
920436,0.621572212,,,0.230347349,0.14990859199999998,0.34369287,0.07678245,0.277879342,,,,0.283363803
920441,0.852614897,,0.204437401,,,0.456418384,,0.396196514,,,,0.540412044
920445,0.7425,,,0.15,0.1175,0.385,0.075,0.3575,,,0.05,0.455
920455,0.7307692309999999,,,0.052884615,0.060897436,0.383012821,,0.34775641,,,0.056089744,0.570512821
920466,0.534759358,,,0.267379679,0.219251337,0.310160428,0.072192513,0.224598931,,,,0.13636363599999998
920473,0.585616438,,,0.089041096,0.061643836,0.287671233,,0.297945206,,,,0.405821918
920495,0.7439862540000001,,,0.10652921,0.099656357,0.386597938,0.053264605,0.35738831600000004,,,,0.529209622
920500,0.7197231829999999,,,0.17474048399999995,0.105536332,0.382352941,0.051903114000000014,0.33737024200000004,,,0.05882352900000001,0.429065744
920526,0.8126843659999999,,0.174041298,0.079646018,0.051622419,0.4262536870000001,0.054572271,0.386430679,,,,0.471976401
920528,0.145454546,,,0.072727273,0.090909091,0.109090909,,,,,0.054545455,
920546,0.672209026,,,0.287410926,0.178147268,0.391923991,0.087885986,0.280285036,,,0.057007126,0.247030879
920552,0.651741294,,,0.10199005,0.094527363,0.34079602,,0.310945274,,,0.05721393,0.47761194
920562,0.498644987,,,0.382113821,0.200542005,0.28726287300000003,,0.211382114,,,0.089430894,
920581,0.621621622,,,0.216216216,0.189189189,0.256756757,0.094594595,0.364864865,,,0.067567568,0.283783784
920582,0.736842105,,0.140350877,0.228070175,0.175438597,0.333333333,0.105263158,0.403508772,,,,0.245614035
920583,0.7012987009999999,,0.116883117,0.22077922100000005,0.207792208,0.493506494,0.051948052,0.207792208,,,,0.272727273
920585,0.757575758,,0.090909091,0.424242424,0.212121212,,,0.757575758,,,0.181818182,0.212121212
920586,0.787878788,,0.060606061,0.212121212,0.181818182,0.787878788,0.060606061,,0.060606061,,,0.393939394
920588,0.70521542,,,0.113378685,0.086167801,0.380952381,0.070294785,0.324263039,,,0.052154195,0.471655329
920595,0.697802198,,0.053113553,0.161172161,0.08974359,0.401098901,0.058608059,0.296703297,,,,0.402930403
920LEA,0.675693042,,0.054709014000000014,0.140352488,0.10794933,0.361758766,0.056177713,0.313934276,,,,0.397650083
92F000,0.909090909,,,,,0.504132231,0.074380165,0.404958678,,,,0.768595041
92G000,0.838709677,,,,0.096774194,0.548387097,,0.290322581,0.064516129,,0.08064516099999999,0.661290323
92K000,0.95,,0.220588235,,,0.485294118,,0.470588235,0.051470588,,0.051470588,0.595588235
92P000,0.43902439,,,,,0.31707317100000004,,0.12195122,,,0.12195122,0.414634146
92U000,0.925,,0.1,0.125,0.125,0.75,0.075,0.175,,,0.075,0.625
930352,0.477272727,,,0.397727273,,0.272727273,,0.204545455,,,,
930360,0.727272727,0.090909091,,0.090909091,,0.454545455,0.272727273,0.272727273,,,,0.272727273
930700,0.578947368,0.052631579000000005,,0.421052632,,0.236842105,,0.342105263,,,,0.078947368
930LEA,0.525547445,0.051094891,,0.379562044,,0.277372263,,0.248175183,,,,0.051094891
93A000,0.266666667,0.2,,0.066666667,,0.2,,0.066666667,,,,
93L000,0.421052632,,,0.105263158,0.210526316,0.315789474,0.105263158,0.105263158,0.052631579000000005,,,0.15789473699999998
940308,0.55,,,0.1,,0.25,0.1,0.3,,,,0.35
940316,0.651515152,,,0.636363636,,0.348484849,,0.303030303,,,,
940LEA,0.627906977,,,0.511627907,,0.325581395,,0.302325581,,,,0.093023256
94Z000,0.7333333329999999,,,0.244444444,0.133333333,0.422222222,,0.311111111,,,,0.422222222
950336,0.642585551,,,,0.072243346,0.399239544,,0.243346008,,,,0.589353612
950338,0.464285714,,,,0.14285714300000002,0.089285714,,0.375,,,,0.410714286
950LEA,0.6112852670000001,,,,0.08463949800000001,0.344827586,,0.26645768,,,,0.55799373
960324,0.575851393,,,0.117647059,0.154798762,0.300309598,,0.275541796,,,,0.39628483
960330,0.632231405,,,0.330578512,0.276859504,0.338842975,,0.29338843,,,,0.214876033
960335,0.387931035,,,0.336206897,,0.267241379,,0.120689655,,,,
960372,0.563909774,,,0.097744361,0.17293233100000002,0.330827068,,0.233082707,,,0.082706767,0.45112782
960380,0.43776824,,,0.154506438,0.266094421,0.278969957,0.08583691,0.158798283,,,,0.175965665
960386,0.5,,,0.059210526,0.243421053,0.289473684,0.17763157899999998,0.210526316,,,,0.230263158
960490,0.7241379309999999,,,0.224137931,0.293103448,0.5,0.08620689699999999,0.224137931,,,,0.362068966
960700,0.8444444440000001,,,0.111111111,0.088888889,0.377777778,0.088888889,0.466666667,,,,0.6
960LEA,0.550691244,,,0.178955453,0.19969278,0.314132105,0.057603687,0.23655914,,,,0.279569893
970320,0.660194175,,,,,0.388349515,0.058252427,0.27184466,,,,0.582524272
970356,0.474358974,,,,,0.288461539,0.07051282099999999,0.18589743600000005,,,,0.378205128
970388,0.6764705879999999,,,,,0.323529412,,0.35294117700000005,,,,0.641176471
970390,0.577889447,,,,,0.33668341700000004,0.065326633,0.24120603,,,,0.43718593
970393,0.5490196079999999,,,,,0.37254902,0.098039216,0.176470588,,,,0.450980392
970LEA,0.58910162,,,,,0.332842415,0.058910162,0.256259205,,,,0.497790869
980318,0.442307692,,,0.317307692,0.283653846,0.302884615,,0.139423077,,,,0.08173076900000001
980336,0.646209386,,,0.245487365,0.205776173,0.364620939,,0.281588448,,,,0.332129964
980342,0.635483871,,,0.209677419,0.209677419,0.3935483870000001,0.064516129,0.241935484,,,,0.322580645
980398,0.54,,,0.22,0.16,0.42,0.08,0.12,,,,0.24
980LEA,0.585798817,,,0.24852071,0.223668639,0.36331361,,0.222485207,,,,0.261538462
990322,0.552380952,,,,0.14285714300000002,0.3,0.061904762,0.252380952,,,,0.466666667
990326,0.553030303,,,,0.204545455,0.371212121,0.083333333,0.181818182,,,,0.4469696970000001
990332,0.379310345,,,,0.155172414,0.172413793,0.051724138,0.206896552,,,,0.293103448
990LEA,0.5275,,,,0.165,0.305,0.0675,0.2225,,,,0.435
995330,0.584507042,,,,0.176056338,0.29577464800000003,,0.288732394,,,,0.542253521
995LEA,0.584507042,,,,0.176056338,0.29577464800000003,,0.288732394,,,,0.542253521
NC-SEA,0.604371448,,,0.141529719,0.146041315,0.336065889,0.05323683,0.26830556,,,,0.35945899299999995
