year,agency_code,stu_enroll,cte_enroll,pct
2019,00A000,1807,289,15.99
2019,00B000,1319,23,1.74
2019,010303,222,85,38.29
2019,010310,755,461,61.06
2019,010324,1186,871,73.44
2019,010348,757,511,67.5
2019,010350,715,318,44.48
2019,010353,683,378,55.34
2019,010360,976,722,73.98
2019,010378,114,56,49.12
2019,010388,1416,1090,76.98
2019,010390,708,417,58.9
2019,010394,936,408,43.59
2019,010396,1187,936,78.85
2019,010400,1114,778,69.84
2019,010403,840,413,49.17
2019,010406,592,378,63.85
2019,01B000,389,29,7.46
2019,01C000,338,49,14.5
2019,01D000,270,4,1.48
2019,020302,1165,908,77.94
2019,020306,610,492,80.66
2019,020330,572,461,80.59
2019,030304,417,380,91.13
2019,030308,68,68,100.0
2019,030316,62,62,100.0
2019,030320,185,161,87.03
2019,040304,230,82,35.65
2019,040305,42,9,21.43
2019,040306,712,638,89.61
2019,040309,684,669,97.81
2019,050302,862,603,69.95
2019,050303,60,60,100.0
2019,050305,479,362,75.57
2019,060302,429,336,78.32
2019,060310,191,144,75.39
2019,060318,269,222,82.53
2019,060334,27,12,44.44
2019,060700,86,63,73.26
2019,060701,51,38,74.51
2019,06A000,38,1,2.63
2019,070308,197,186,94.42
2019,070310,101,33,32.67
2019,070311,266,70,26.32
2019,070325,332,264,79.52
2019,070329,159,156,98.11
2019,070330,402,320,79.6
2019,070338,784,678,86.48
2019,070339,415,332,80.0
2019,070342,893,639,71.56
2019,07A000,180,1,0.56
2019,080311,170,88,51.76
2019,080312,510,400,78.43
2019,080314,479,413,86.22
2019,090315,235,207,88.09
2019,090320,211,207,98.1
2019,090330,638,505,79.15
2019,090332,324,293,90.43
2019,090365,261,259,99.23
2019,090368,665,606,91.13
2019,090376,47,2,4.26
2019,100307,380,63,16.58
2019,100308,99,72,72.73
2019,100309,513,434,84.6
2019,100316,963,626,65.01
2019,100326,1093,755,69.08
2019,100332,647,396,61.21
2019,100334,1049,690,65.78
2019,100335,754,632,83.82
2019,100344,211,112,53.08
2019,100348,1439,989,68.73
2019,110303,152,77,50.66
2019,110304,1182,803,67.94
2019,110306,529,378,71.46
2019,110322,270,87,32.22
2019,110323,71,9,12.68
2019,110326,566,313,55.3
2019,110336,743,559,75.24
2019,110338,530,351,66.23
2019,110340,1106,922,83.36
2019,110342,710,420,59.15
2019,110352,1080,759,70.28
2019,110380,1026,697,67.93
2019,110381,592,418,70.61
2019,110382,310,155,50.0
2019,110401,582,338,58.08
2019,110416,1494,919,61.51
2019,110420,589,396,67.23
2019,110425,331,125,37.76
2019,110450,366,96,26.23
2019,110451,358,238,66.48
2019,110500,385,382,99.22
2019,111302,950,657,69.16
2019,111356,742,395,53.23
2019,111369,146,119,81.51
2019,111700,330,197,59.7
2019,11D000,444,13,2.93
2019,120308,118,78,66.1
2019,120310,139,42,30.22
2019,120314,839,614,73.18
2019,120315,679,618,91.02
2019,120318,1148,882,76.83
2019,120334,529,511,96.6
2019,120346,593,435,73.36
2019,120350,530,478,90.19
2019,120370,807,594,73.61
2019,120376,564,525,93.09
2019,120390,539,502,93.14
2019,130307,1848,1320,71.43
2019,130310,1614,1227,76.02
2019,130313,855,458,53.57
2019,130314,1164,829,71.22
2019,130315,719,333,46.31
2019,130316,1245,866,69.56
2019,130317,168,53,31.55
2019,130318,1060,614,57.92
2019,130320,1430,1115,77.97
2019,130323,691,444,64.25
2019,130324,817,575,70.38
2019,130326,1278,992,77.62
2019,130327,916,513,56.0
2019,130332,1694,1098,64.82
2019,130333,123,60,48.78
2019,130346,1291,804,62.28
2019,130349,175,62,35.43
2019,130350,235,27,11.49
2019,130355,1088,1034,95.04
2019,132304,1531,1187,77.53
2019,132330,1300,919,70.69
2019,13A000,411,127,30.9
2019,13B000,275,7,2.55
2019,13D000,169,126,74.56
2019,140305,225,223,99.11
2019,140306,73,43,58.9
2019,140308,115,114,99.13
2019,140309,391,149,38.11
2019,140332,584,520,89.04
2019,140336,574,504,87.8
2019,140344,79,76,96.2
2019,140348,877,589,67.16
2019,140356,678,661,97.49
2019,140360,53,51,96.23
2019,140368,570,495,86.84
2019,140376,38,37,97.37
2019,140386,1374,966,70.31
2019,140390,712,498,69.94
2019,150304,432,365,84.49
2019,150312,306,258,84.31
2019,150350,182,100,54.95
2019,160309,16,1,6.25
2019,160310,280,161,57.5
2019,160311,671,403,60.06
2019,160313,524,409,78.05
2019,160314,845,613,72.54
2019,160318,527,319,60.53
2019,160326,400,320,80.0
2019,160332,171,130,76.02
2019,160343,49,45,91.84
2019,160344,1097,748,68.19
2019,170316,735,636,86.53
2019,170338,578,422,73.01
2019,180302,670,613,91.49
2019,180308,848,609,71.82
2019,180320,836,647,77.39
2019,180323,13,8,61.54
2019,180325,409,46,11.25
2019,180340,870,661,75.98
2019,180342,511,380,74.36
2019,180346,478,459,96.03
2019,180348,836,632,75.6
2019,180352,410,269,65.61
2019,180364,487,475,97.54
2019,180376,1141,855,74.93
2019,181312,575,444,77.22
2019,181316,466,331,71.03
2019,181318,142,120,84.51
2019,181322,1071,641,59.85
2019,182316,699,566,80.97
2019,182321,706,577,81.73
2019,182700,217,47,21.66
2019,190304,85,84,98.82
2019,190308,113,57,50.44
2019,190310,31,16,51.61
2019,190312,616,577,93.67
2019,190316,410,347,84.63
2019,190328,358,191,53.35
2019,190332,103,103,100.0
2019,190336,841,645,76.69
2019,190339,698,407,58.31
2019,190340,105,102,97.14
2019,190342,1387,964,69.5
2019,190352,139,137,98.56
2019,190501,60,35,58.33
2019,19A000,328,87,26.52
2019,200308,211,146,69.19
2019,200310,175,18,10.29
2019,200314,173,136,78.61
2019,200320,78,54,69.23
2019,200322,87,40,45.98
2019,200328,479,375,78.29
2019,200330,324,198,61.11
2019,200336,94,94,100.0
2019,200350,144,69,47.92
2019,210304,455,293,64.4
2019,210312,592,478,80.74
2019,220310,374,295,78.88
2019,220312,312,147,47.12
2019,230312,930,741,79.68
2019,230316,760,382,50.26
2019,230322,215,152,70.7
2019,230324,1132,828,73.14
2019,230328,928,544,58.62
2019,230330,191,124,64.92
2019,230350,1162,921,79.26
2019,230352,656,397,60.52
2019,230361,831,686,82.55
2019,230362,421,154,36.58
2019,23A000,273,156,57.14
2019,240304,127,41,32.28
2019,240328,115,38,33.04
2019,240334,429,270,62.94
2019,240344,181,161,88.95
2019,240356,204,63,30.88
2019,240368,196,83,42.35
2019,240371,715,482,67.41
2019,240373,296,175,59.12
2019,240376,190,72,37.89
2019,240380,413,261,63.2
2019,240388,235,109,46.38
2019,241304,481,319,66.32
2019,241312,43,12,27.91
2019,241316,671,473,70.49
2019,24B000,118,1,0.85
2019,250314,137,72,52.55
2019,250321,185,79,42.7
2019,250324,598,369,61.71
2019,250332,848,476,56.13
2019,250340,963,777,80.69
2019,250344,429,218,50.82
2019,250356,1626,1108,68.14
2019,250368,544,336,61.76
2019,250372,896,728,81.25
2019,250376,753,499,66.27
2019,260318,1954,1467,75.08
2019,260321,539,506,93.88
2019,260322,1066,834,78.24
2019,260325,1431,1155,80.71
2019,260336,473,401,84.78
2019,260347,258,2,0.78
2019,260357,1449,1094,75.5
2019,260358,560,509,90.89
2019,260359,929,643,69.21
2019,260362,1168,1121,95.98
2019,260365,719,690,95.97
2019,260368,558,483,86.56
2019,260369,1117,916,82.01
2019,260371,306,270,88.24
2019,260372,622,604,97.11
2019,260374,186,47,25.27
2019,260383,1174,980,83.48
2019,260388,263,23,8.75
2019,260406,815,627,76.93
2019,260408,1598,1247,78.04
2019,260411,266,127,47.74
2019,260413,155,116,74.84
2019,260417,403,335,83.13
2019,260418,446,443,99.33
2019,260419,335,317,94.63
2019,260424,1432,1181,82.47
2019,260425,659,641,97.27
2019,260427,1587,1107,69.75
2019,260428,504,467,92.66
2019,260446,1206,729,60.45
2019,260449,173,121,69.94
2019,260454,781,730,93.47
2019,260455,1144,800,69.93
2019,260700,243,53,21.81
2019,26B000,237,30,12.66
2019,270306,996,709,71.18
2019,270308,377,313,83.02
2019,270311,282,138,48.94
2019,270318,609,521,85.55
2019,280304,330,170,51.52
2019,280306,32,9,28.13
2019,280316,513,320,62.38
2019,280320,455,237,52.09
2019,280328,684,285,41.67
2019,280330,833,404,48.5
2019,290308,891,714,80.13
2019,290309,780,361,46.28
2019,290314,131,70,53.44
2019,290315,151,19,12.58
2019,290322,673,375,55.72
2019,290324,842,697,82.78
2019,290334,719,389,54.1
2019,290336,996,804,80.72
2019,290348,1104,935,84.69
2019,290349,732,618,84.43
2019,290350,711,444,62.45
2019,290351,694,300,43.23
2019,290365,373,322,86.33
2019,290367,280,183,65.36
2019,290376,628,311,49.52
2019,290388,738,635,86.04
2019,290389,190,159,83.68
2019,291332,761,362,47.57
2019,291336,804,685,85.2
2019,292320,551,481,87.3
2019,292324,670,535,79.85
2019,300306,24,3,12.5
2019,300312,1746,1217,69.7
2019,300314,174,9,5.17
2019,300325,482,459,95.23
2019,300330,531,450,84.75
2019,300337,466,431,92.49
2019,310304,286,164,57.34
2019,310308,306,294,96.08
2019,310330,178,171,96.07
2019,310336,251,246,98.01
2019,310338,204,90,44.12
2019,310344,904,733,81.08
2019,310352,632,507,80.22
2019,310356,168,138,82.14
2019,310360,106,106,100.0
2019,310364,500,373,74.6
2019,310384,401,370,92.27
2019,310388,411,347,84.43
2019,310392,585,495,84.62
2019,320306,523,356,68.07
2019,320312,1846,1129,61.16
2019,320314,594,241,40.57
2019,320316,924,711,76.95
2019,320317,340,304,89.41
2019,320322,175,79,45.14
2019,320323,1736,130,7.49
2019,320325,1356,885,65.27
2019,320338,449,340,75.72
2019,320340,129,113,87.6
2019,320341,155,125,80.65
2019,320342,289,140,48.44
2019,320343,508,374,73.62
2019,320346,650,491,75.54
2019,320353,185,70,37.84
2019,320355,812,763,93.97
2019,320356,1442,839,58.18
2019,320365,1777,1055,59.37
2019,320366,1013,633,62.49
2019,320368,1186,777,65.51
2019,320370,629,493,78.38
2019,320701,333,269,80.78
2019,32L000,720,257,35.69
2019,330326,182,33,18.13
2019,330328,232,189,81.47
2019,330332,135,90,66.67
2019,330340,366,230,62.84
2019,330344,304,107,35.2
2019,330348,334,299,89.52
2019,330350,839,687,81.88
2019,330358,565,468,82.83
2019,330360,167,62,37.13
2019,33A000,535,225,42.06
2019,340311,1014,966,95.27
2019,340330,563,335,59.5
2019,340336,189,141,74.6
2019,340350,1180,867,73.47
2019,340354,134,133,99.25
2019,340362,268,28,10.45
2019,340364,1710,1035,60.53
2019,340366,762,592,77.69
2019,340372,840,508,60.48
2019,340382,1429,778,54.44
2019,340385,170,47,27.65
2019,340392,777,550,70.79
2019,340406,1247,956,76.66
2019,340420,730,592,81.1
2019,340427,50,16,32.0
2019,340436,135,122,90.37
2019,340442,1179,961,81.51
2019,340446,83,9,10.84
2019,340452,390,343,87.95
2019,340454,1490,786,52.75
2019,340460,973,639,65.67
2019,340464,927,643,69.36
2019,340480,819,625,76.31
2019,340486,1402,731,52.14
2019,340488,349,341,97.71
2019,340492,510,361,70.78
2019,340495,2017,1005,49.83
2019,340496,1735,711,40.98
2019,340516,1164,915,78.61
2019,340542,699,516,73.82
2019,340544,702,485,69.09
2019,340556,2363,1218,51.54
2019,340564,640,514,80.31
2019,340568,370,166,44.86
2019,34B000,246,22,8.94
2019,34D000,181,121,66.85
2019,34H000,419,13,3.1
2019,350308,855,704,82.34
2019,350310,673,535,79.49
2019,350312,646,529,81.89
2019,350317,186,80,43.01
2019,350321,1085,823,75.85
2019,350324,233,182,78.11
2019,350336,529,418,79.02
2019,350338,451,380,84.26
2019,360310,1224,814,66.5
2019,360324,710,700,98.59
2019,360336,622,444,71.38
2019,360337,234,16,6.84
2019,360360,498,403,80.92
2019,360372,220,132,60.0
2019,360378,1058,700,66.16
2019,360380,814,786,96.56
2019,360390,820,489,59.63
2019,360396,1124,760,67.62
2019,360408,723,652,90.18
2019,360418,536,534,99.63
2019,360426,803,758,94.4
2019,360428,1045,837,80.1
2019,360431,427,378,88.52
2019,360436,557,492,88.33
2019,360456,651,568,87.25
2019,360470,1013,679,67.03
2019,360494,987,619,62.72
2019,360498,865,774,89.48
2019,360500,659,417,63.28
2019,360514,671,608,90.61
2019,360526,391,298,76.21
2019,360550,54,5,9.26
2019,36B000,672,41,6.1
2019,36C000,898,90,10.02
2019,370308,404,391,96.78
2019,370312,454,297,65.42
2019,380308,367,237,64.58
2019,380310,180,172,95.56
2019,390309,469,354,75.48
2019,390314,62,18,29.03
2019,390320,564,484,85.82
2019,390321,108,35,32.41
2019,390322,658,520,79.03
2019,390323,207,22,10.63
2019,390324,471,374,79.41
2019,390331,249,227,91.16
2019,390334,407,319,78.38
2019,390352,743,557,74.97
2019,390700,220,191,86.82
2019,39A000,532,6,1.13
2019,400308,715,552,77.2
2019,400312,714,556,77.87
2019,400315,164,15,9.15
2019,410311,299,228,76.25
2019,410313,732,580,79.23
2019,410316,736,576,78.26
2019,410319,693,567,81.82
2019,410325,604,476,78.81
2019,410326,112,85,75.89
2019,410355,1340,918,68.51
2019,410358,1267,951,75.06
2019,410367,741,563,75.98
2019,410390,120,12,10.0
2019,410391,611,260,42.55
2019,410394,1670,618,37.01
2019,410395,199,66,33.17
2019,410397,712,524,73.6
2019,410398,263,5,1.9
2019,410399,139,17,12.23
2019,410401,225,72,32.0
2019,410402,676,628,92.9
2019,410406,1327,821,61.87
2019,410407,125,109,87.2
2019,410408,141,60,42.55
2019,410415,449,349,77.73
2019,410421,1125,724,64.36
2019,410437,744,591,79.44
2019,410442,1001,695,69.43
2019,410448,594,268,45.12
2019,410458,88,88,100.0
2019,410460,1046,677,64.72
2019,410463,763,488,63.96
2019,410483,122,97,79.51
2019,410484,910,781,85.82
2019,410487,738,555,75.2
2019,410488,861,484,56.21
2019,410489,1319,609,46.17
2019,410490,2086,831,39.84
2019,410493,1097,758,69.1
2019,410508,1727,571,33.06
2019,410529,1354,997,73.63
2019,410533,50,22,44.0
2019,410534,38,23,60.53
2019,410544,1254,918,73.21
2019,410545,181,180,99.45
2019,410547,1259,985,78.24
2019,410550,988,808,81.78
2019,410556,1032,823,79.75
2019,410562,1552,1003,64.63
2019,410565,1245,844,67.79
2019,410569,180,121,67.22
2019,410579,200,151,75.5
2019,410589,331,77,23.26
2019,410592,448,424,94.64
2019,410595,1173,548,46.72
2019,41F000,665,85,12.78
2019,41G000,635,4,0.63
2019,41K000,424,1,0.24
2019,420324,243,142,58.44
2019,420346,355,257,72.39
2019,420358,248,223,89.92
2019,420376,327,226,69.11
2019,421306,690,610,88.41
2019,421316,870,660,75.86
2019,421336,70,17,24.29
2019,422310,142,85,59.86
2019,422315,201,143,71.14
2019,422318,163,152,93.25
2019,430330,647,318,49.15
2019,430332,398,180,45.23
2019,430341,83,31,37.35
2019,430345,188,117,62.23
2019,430346,1461,1081,73.99
2019,430347,1173,474,40.41
2019,430351,934,356,38.12
2019,430370,790,315,39.87
2019,430371,1695,1379,81.36
2019,430378,1255,993,79.12
2019,430384,1331,1011,75.96
2019,430386,810,334,41.23
2019,440318,272,199,73.16
2019,440320,589,378,64.18
2019,440326,121,70,57.85
2019,440346,184,19,10.33
2019,440378,974,808,82.96
2019,440390,940,727,77.34
2019,440396,824,422,51.21
2019,450301,908,520,57.27
2019,450316,876,684,78.08
2019,450328,793,500,63.05
2019,450334,726,457,62.95
2019,450335,560,456,81.43
2019,450341,973,662,68.04
2019,450342,862,820,95.13
2019,450343,164,92,56.1
2019,450352,1109,825,74.39
2019,450354,203,88,43.35
2019,460318,663,608,91.7
2019,460320,591,469,79.36
2019,460322,179,136,75.98
2019,460340,67,65,97.01
2019,470312,1880,1257,66.86
2019,470320,567,322,56.79
2019,470332,741,410,55.33
2019,470342,119,74,62.18
2019,470442,748,452,60.43
2019,470443,394,36,9.14
2019,480316,96,58,60.42
2019,480318,196,151,77.04
2019,490307,143,37,25.87
2019,490308,731,523,71.55
2019,490310,174,50,28.74
2019,490320,215,111,51.63
2019,490327,489,288,58.9
2019,490335,1935,1209,62.48
2019,490338,630,421,66.83
2019,490344,448,430,95.98
2019,490346,863,644,74.62
2019,490347,442,439,99.32
2019,490349,611,473,77.41
2019,490350,206,68,33.01
2019,490352,353,306,86.69
2019,490354,883,565,63.99
2019,490355,245,79,32.24
2019,490362,1482,863,58.23
2019,490366,401,281,70.07
2019,490380,780,588,75.38
2019,490384,675,272,40.3
2019,491308,1006,788,78.33
2019,491312,1859,1319,70.95
2019,49E000,1129,206,18.25
2019,49F000,769,18,2.34
2019,49G000,204,17,8.33
2019,500302,161,80,49.69
2019,500304,190,107,56.32
2019,500314,272,184,67.65
2019,500323,130,49,37.69
2019,500324,108,63,58.33
2019,500332,136,136,100.0
2019,500337,113,106,93.81
2019,500340,849,521,61.37
2019,510310,398,273,68.59
2019,510324,1954,1421,72.72
2019,510327,1757,1197,68.13
2019,510329,991,692,69.83
2019,510333,1980,1497,75.61
2019,510342,524,441,84.16
2019,510344,667,460,68.97
2019,510359,736,693,94.16
2019,510360,232,183,78.88
2019,510364,1222,936,76.6
2019,510368,764,544,71.2
2019,510376,1012,836,82.61
2019,510379,1296,952,73.46
2019,510390,411,272,66.18
2019,510397,642,539,83.96
2019,510399,1285,816,63.5
2019,510402,1241,826,66.56
2019,510406,1384,1050,75.87
2019,510411,681,458,67.25
2019,510412,582,511,87.8
2019,51A000,465,10,2.15
2019,520320,298,257,86.24
2019,520324,148,137,92.57
2019,530306,94,48,51.06
2019,530314,648,414,63.89
2019,530335,300,43,14.33
2019,530336,1446,1148,79.39
2019,530341,959,860,89.68
2019,530343,1144,893,78.06
2019,530356,674,475,70.47
2019,53B000,161,161,100.0
2019,540308,351,324,92.31
2019,540312,560,276,49.29
2019,540315,646,538,83.28
2019,540317,177,32,18.08
2019,540318,95,14,14.74
2019,540324,860,714,83.02
2019,540330,494,255,51.62
2019,540336,704,573,81.39
2019,540344,651,530,81.41
2019,550308,58,43,74.14
2019,550320,951,722,75.92
2019,550322,695,438,63.02
2019,550332,794,556,70.03
2019,550334,666,277,41.59
2019,550344,994,739,74.35
2019,550350,714,490,68.63
2019,550368,838,615,73.39
2019,550372,609,360,59.11
2019,55A000,1219,55,4.51
2019,560320,926,747,80.67
2019,560324,205,91,44.39
2019,560329,148,65,43.92
2019,560330,605,493,81.49
2019,560332,42,35,83.33
2019,560350,113,69,61.06
2019,570317,251,45,17.93
2019,570318,535,414,77.38
2019,570319,503,331,65.81
2019,580344,472,358,75.85
2019,580368,556,450,80.94
2019,580372,447,334,74.72
2019,58B000,412,257,62.38
2019,590310,599,355,59.27
2019,590326,70,26,37.14
2019,590328,273,70,25.64
2019,590330,1378,1127,81.79
2019,590356,654,418,63.91
2019,590393,186,112,60.22
2019,600301,1159,933,80.5
2019,600302,3306,2258,68.3
2019,600303,50,50,100.0
2019,600305,953,736,77.23
2019,600311,163,32,19.63
2019,600312,2552,1508,59.09
2019,600313,1719,1055,61.37
2019,600317,762,749,98.29
2019,600319,216,112,51.85
2019,600333,1189,847,71.24
2019,600334,217,48,22.12
2019,600341,858,547,63.75
2019,600344,242,139,57.44
2019,600345,1934,1152,59.57
2019,600351,724,708,97.79
2019,600353,907,636,70.12
2019,600361,2044,1332,65.17
2019,600364,185,153,82.7
2019,600366,150,149,99.33
2019,600374,157,136,86.62
2019,600377,2005,1338,66.73
2019,600381,911,763,83.75
2019,600386,249,244,97.99
2019,600394,1074,751,69.93
2019,600397,1715,1126,65.66
2019,600399,1443,780,54.05
2019,600404,183,74,40.44
2019,600405,1459,857,58.74
2019,600415,1712,1118,65.3
2019,600426,2241,1392,62.12
2019,600428,860,694,80.7
2019,600429,578,574,99.31
2019,600431,1252,862,68.85
2019,600434,1065,817,76.71
2019,600439,308,145,47.08
2019,600443,229,65,28.38
2019,600445,2408,1510,62.71
2019,600448,947,691,72.97
2019,600450,1176,828,70.41
2019,600454,163,154,94.48
2019,600455,1229,798,64.93
2019,600457,1494,921,61.65
2019,600461,63,20,31.75
2019,600462,256,196,76.56
2019,600466,3328,1729,51.95
2019,600479,606,585,96.53
2019,600480,2180,1368,62.75
2019,600481,923,816,88.41
2019,600482,1077,377,35.0
2019,600488,154,128,83.12
2019,600490,2616,1859,71.06
2019,600496,1679,1478,88.03
2019,600497,1070,332,31.03
2019,600498,159,132,83.02
2019,600499,321,119,37.07
2019,600508,1927,1241,64.4
2019,600509,1180,737,62.46
2019,600513,1160,894,77.07
2019,600514,1155,926,80.17
2019,600515,65,62,95.38
2019,600518,1300,954,73.38
2019,600520,536,308,57.46
2019,600532,443,179,40.41
2019,600535,3067,1722,56.15
2019,600537,966,655,67.81
2019,600538,1457,1107,75.98
2019,600553,201,161,80.1
2019,600567,329,278,84.5
2019,600574,99,89,89.9
2019,600576,1366,759,55.56
2019,600579,1235,1007,81.54
2019,600582,212,136,64.15
2019,600583,469,439,93.6
2019,600592,1930,1273,65.96
2019,600594,168,64,38.1
2019,60B000,733,1,0.14
2019,60D000,1397,24,1.72
2019,60G000,706,22,3.12
2019,60I000,836,1,0.12
2019,60K000,299,16,5.35
2019,60S000,683,173,25.33
2019,60V000,223,86,38.57
2019,610302,149,115,77.18
2019,610326,259,215,83.01
2019,610332,131,69,52.67
2019,610334,490,426,86.94
2019,61U000,105,39,37.14
2019,620310,82,37,45.12
2019,620314,508,367,72.24
2019,620316,477,362,75.89
2019,620339,386,315,81.61
2019,620340,414,326,78.74
2019,620350,176,97,55.11
2019,630317,431,217,50.35
2019,630320,241,79,32.78
2019,630328,98,91,92.86
2019,630330,111,14,12.61
2019,630331,631,353,55.94
2019,630332,526,424,80.61
2019,630336,2030,1355,66.75
2019,630350,704,389,55.26
2019,630360,1323,946,71.5
2019,630374,837,455,54.36
2019,630376,107,61,57.01
2019,63B000,225,6,2.67
2019,640320,634,443,69.87
2019,640329,492,414,84.15
2019,640334,265,157,59.25
2019,640335,372,271,72.85
2019,640340,128,17,13.28
2019,640342,48,47,97.92
2019,640346,940,718,76.38
2019,640347,300,81,27.0
2019,640350,1042,824,79.08
2019,640358,912,491,53.84
2019,640361,1104,771,69.84
2019,640362,840,604,71.9
2019,640364,1008,750,74.4
2019,64A000,602,5,0.83
2019,650310,1086,700,64.46
2019,650325,763,372,48.75
2019,650326,2141,1284,59.97
2019,650327,1862,1235,66.33
2019,650332,78,66,84.62
2019,650340,233,72,30.9
2019,650342,1822,1059,58.12
2019,650343,701,498,71.04
2019,650350,926,598,64.58
2019,650351,721,485,67.27
2019,650352,1433,830,57.92
2019,650354,106,71,66.98
2019,650355,114,53,46.49
2019,650364,902,625,69.29
2019,650392,677,482,71.2
2019,650394,248,96,38.71
2019,650395,81,78,96.3
2019,660308,221,66,29.86
2019,660325,144,47,32.64
2019,660336,332,257,77.41
2019,660400,144,93,64.58
2019,66A000,623,11,1.77
2019,670300,104,49,47.12
2019,670318,816,582,71.32
2019,670320,897,651,72.58
2019,670322,778,544,69.92
2019,670324,1202,932,77.54
2019,670325,1084,668,61.62
2019,670331,531,422,79.47
2019,670333,1189,776,65.26
2019,670336,674,520,77.15
2019,670340,904,702,77.65
2019,670344,732,595,81.28
2019,670345,577,350,60.66
2019,670351,873,593,67.93
2019,670352,1088,894,82.17
2019,670356,829,628,75.75
2019,670364,1052,724,68.82
2019,680304,643,496,77.14
2019,680310,1023,710,69.4
2019,680316,650,444,68.31
2019,680327,489,293,59.92
2019,680332,1298,895,68.95
2019,680335,49,19,38.78
2019,681305,874,385,44.05
2019,681308,1504,687,45.68
2019,681309,685,361,52.7
2019,681314,1478,678,45.87
2019,681322,747,370,49.53
2019,681324,670,381,56.87
2019,681336,871,374,42.94
2019,681338,49,17,34.69
2019,68A000,411,37,9.0
2019,690316,299,249,83.28
2019,690320,455,347,76.26
2019,69A000,284,208,73.24
2019,700308,628,439,69.9
2019,700310,42,29,69.05
2019,700317,647,483,74.65
2019,700319,718,577,80.36
2019,700322,599,427,71.29
2019,700325,99,3,3.03
2019,70A000,420,87,20.71
2019,710316,299,234,78.26
2019,710320,494,432,87.45
2019,710321,713,553,77.56
2019,710326,607,476,78.42
2019,710327,227,59,25.99
2019,710328,177,64,36.16
2019,710342,1482,1032,69.64
2019,710346,553,456,82.46
2019,710348,195,156,80.0
2019,710352,524,479,91.41
2019,720316,473,337,71.25
2019,720320,397,359,90.43
2019,730344,486,242,49.79
2019,730350,148,74,50.0
2019,730352,1156,949,82.09
2019,730360,458,336,73.36
2019,73B000,690,15,2.17
2019,740302,790,428,54.18
2019,740308,380,259,68.16
2019,740309,649,508,78.27
2019,740320,91,56,61.54
2019,740324,537,354,65.92
2019,740332,316,90,28.48
2019,740333,1638,1241,75.76
2019,740337,801,373,46.57
2019,740340,666,424,63.66
2019,740344,781,550,70.42
2019,740352,166,55,33.13
2019,740358,171,36,21.05
2019,740362,826,363,43.95
2019,740366,1488,1018,68.41
2019,740374,805,603,74.91
2019,740376,195,43,22.05
2019,740388,1609,1175,73.03
2019,740396,71,29,40.85
2019,740402,394,255,64.72
2019,740500,267,49,18.35
2019,750317,62,27,43.55
2019,750318,621,490,78.9
2019,750319,517,504,97.49
2019,760318,667,545,81.71
2019,760338,559,426,76.21
2019,760339,740,615,83.11
2019,760348,828,722,87.2
2019,760352,702,493,70.23
2019,760354,353,57,16.15
2019,760357,564,362,64.18
2019,760358,900,723,80.33
2019,760360,539,384,71.24
2019,760378,689,416,60.38
2019,760380,682,585,85.78
2019,760382,448,294,65.63
2019,760388,814,647,79.48
2019,761304,1295,1038,80.15
2019,761308,583,374,64.15
2019,761336,497,330,66.4
2019,76A000,1047,129,12.32
2019,770316,240,213,88.75
2019,770328,515,470,91.26
2019,770342,73,4,5.48
2019,770348,1336,1101,82.41
2019,770349,275,57,20.73
2019,770351,469,348,74.2
2019,770360,671,601,89.57
2019,780324,153,146,95.42
2019,780325,623,513,82.34
2019,780326,301,182,60.47
2019,780330,241,2,0.83
2019,780336,465,173,37.2
2019,780341,426,337,79.11
2019,780342,1848,1340,72.51
2019,780344,387,306,79.07
2019,780352,245,160,65.31
2019,780360,188,176,93.62
2019,780368,678,526,77.58
2019,780376,102,1,0.98
2019,780384,323,222,68.73
2019,780385,230,184,80.0
2019,780391,725,510,70.34
2019,780393,527,372,70.59
2019,780396,135,133,98.52
2019,780401,935,757,80.96
2019,780402,456,330,72.37
2019,780403,517,449,86.85
2019,780410,152,70,46.05
2019,780420,1480,1006,67.97
2019,790314,858,671,78.21
2019,790330,674,547,81.16
2019,790354,774,591,76.36
2019,790366,676,417,61.69
2019,790374,608,497,81.74
2019,790378,1058,760,71.83
2019,790379,327,169,51.68
2019,790380,768,611,79.56
2019,790392,49,14,28.57
2019,790394,635,568,89.45
2019,800308,95,51,53.68
2019,800314,838,516,61.58
2019,800320,520,251,48.27
2019,800328,526,317,60.27
2019,800340,955,762,79.79
2019,800361,1200,818,68.17
2019,800363,581,186,32.01
2019,800376,535,439,82.06
2019,800377,466,278,59.66
2019,800394,244,69,28.28
2019,800396,887,631,71.14
2019,800398,754,636,84.35
2019,800400,956,818,85.56
2019,800408,1033,739,71.54
2019,800410,644,339,52.64
2019,810324,694,571,82.28
2019,810326,541,459,84.84
2019,810340,722,621,86.01
2019,810342,603,463,76.78
2019,810378,670,559,83.43
2019,810384,772,530,68.65
2019,810385,190,89,46.84
2019,810386,166,43,25.9
2019,81B000,268,36,13.43
2019,820324,259,54,20.85
2019,820347,419,307,73.27
2019,820348,490,427,87.14
2019,820349,468,352,75.21
2019,820352,786,658,83.72
2019,820354,608,592,97.37
2019,820370,424,294,69.34
2019,820372,429,366,85.31
2019,820388,468,386,82.48
2019,821308,811,670,82.61
2019,821320,719,678,94.3
2019,830304,674,562,83.38
2019,830316,83,47,56.63
2019,830343,1307,1019,77.96
2019,830348,192,47,24.48
2019,830349,612,403,65.85
2019,840302,387,291,75.19
2019,840332,580,503,86.72
2019,840342,76,50,65.79
2019,840350,577,381,66.03
2019,840356,506,401,79.25
2019,840358,383,270,70.5
2019,840361,189,73,38.62
2019,840366,14,5,35.71
2019,840368,735,609,82.86
2019,840370,48,28,58.33
2019,850304,651,472,72.5
2019,850324,110,79,71.82
2019,850332,304,285,93.75
2019,850338,268,207,77.24
2019,850350,409,261,63.81
2019,850352,505,371,73.47
2019,850358,861,644,74.8
2019,850360,180,12,6.67
2019,860306,629,607,96.5
2019,860316,577,451,78.16
2019,860326,405,402,99.26
2019,860330,366,357,97.54
2019,860336,822,678,82.48
2019,860340,485,480,98.97
2019,860352,723,511,70.68
2019,860354,314,94,29.94
2019,861304,105,105,100.0
2019,861308,345,293,84.93
2019,861312,184,181,98.37
2019,862312,547,393,71.85
2019,862316,390,351,90.0
2019,870314,535,437,81.68
2019,870318,452,258,57.08
2019,880308,728,590,81.04
2019,880312,582,382,65.64
2019,880320,97,71,73.2
2019,880328,311,254,81.67
2019,880330,223,174,78.03
2019,890304,193,142,73.58
2019,900308,772,558,72.28
2019,900310,1411,1228,87.03
2019,900311,1833,1362,74.3
2019,900314,890,272,30.56
2019,900316,908,709,78.08
2019,900336,1049,797,75.98
2019,900342,1726,1258,72.89
2019,900343,1274,986,77.39
2019,900344,1108,778,70.22
2019,900346,814,751,92.26
2019,900348,1298,946,72.88
2019,900350,1025,558,54.44
2019,900360,1406,1024,72.83
2019,900362,1230,1210,98.37
2019,900365,256,97,37.89
2019,900366,860,754,87.67
2019,900367,360,132,36.67
2019,900377,1521,950,62.46
2019,900378,1253,816,65.12
2019,900391,1368,1353,98.9
2019,900393,1765,1099,62.27
2019,90A000,944,26,2.75
2019,910316,850,723,85.06
2019,910368,191,91,47.64
2019,910370,1062,853,80.32
2019,910382,205,84,40.98
2019,91A000,448,84,18.75
2019,920312,1026,583,56.82
2019,920315,884,616,69.68
2019,920316,2067,1468,71.02
2019,920317,2457,1485,60.44
2019,920318,2033,1255,61.73
2019,920324,63,44,69.84
2019,920348,1984,1438,72.48
2019,920356,891,562,63.08
2019,920360,1038,835,80.44
2019,920368,2236,1535,68.65
2019,920370,473,383,80.97
2019,920386,109,47,43.12
2019,920388,1213,834,68.76
2019,920391,1361,869,63.85
2019,920394,1123,690,61.44
2019,920399,984,630,64.02
2019,920400,952,604,63.45
2019,920402,821,535,65.16
2019,920404,1327,1084,81.69
2019,920408,823,606,73.63
2019,920410,672,548,81.55
2019,920411,1337,1014,75.84
2019,920412,2426,1438,59.27
2019,920424,1025,607,59.22
2019,920428,2175,1451,66.71
2019,920436,2312,1645,71.15
2019,920438,83,46,55.42
2019,920441,2818,1800,63.88
2019,920442,215,172,80.0
2019,920444,1227,824,67.16
2019,920445,1869,1226,65.6
2019,920450,1120,515,45.98
2019,920455,2133,1265,59.31
2019,920458,1692,1089,64.36
2019,920466,1615,1073,66.44
2019,920471,901,514,57.05
2019,920472,941,638,67.8
2019,920473,2523,1495,59.25
2019,920484,957,668,69.8
2019,920492,1051,699,66.51
2019,920495,2064,1275,61.77
2019,920500,2337,1500,64.18
2019,920502,1758,1130,64.28
2019,920506,616,410,66.56
2019,920508,93,88,94.62
2019,920512,885,729,82.37
2019,920518,224,214,95.54
2019,920526,2778,1916,68.97
2019,920528,124,86,69.35
2019,920529,1027,754,73.42
2019,920545,1171,764,65.24
2019,920546,2241,1434,63.99
2019,920549,1232,633,51.38
2019,920551,1146,742,64.75
2019,920552,1800,1151,63.94
2019,920556,492,107,21.75
2019,920561,754,542,71.88
2019,920562,1537,958,62.33
2019,920581,373,361,96.78
2019,920582,254,149,58.66
2019,920583,328,103,31.4
2019,920585,255,171,67.06
2019,920586,316,125,39.56
2019,920588,2326,1368,58.81
2019,920592,1209,728,60.22
2019,920594,975,615,63.08
2019,920595,1843,1232,66.85
2019,920601,896,575,64.17
2019,920604,1282,557,43.45
2019,920607,1201,790,65.78
2019,920608,857,371,43.29
2019,920636,678,637,93.95
2019,92F000,904,137,15.15
2019,92G000,646,49,7.59
2019,92K000,558,1,0.18
2019,92P000,736,450,61.14
2019,92T000,460,170,36.96
2019,930340,82,82,100.0
2019,930352,362,312,86.19
2019,930354,366,315,86.07
2019,930360,102,31,30.39
2019,930700,135,59,43.7
2019,93A000,88,21,23.86
2019,93N000,132,66,50.0
2019,940316,320,250,78.13
2019,940328,280,246,87.86
2019,940330,43,39,90.7
2019,94Z000,214,185,86.45
2019,950308,51,39,76.47
2019,950312,114,107,93.86
2019,950316,91,81,89.01
2019,950320,144,92,63.89
2019,950322,297,271,91.25
2019,950324,66,66,100.0
2019,950328,175,171,97.71
2019,950332,141,131,92.91
2019,950336,1147,669,58.33
2019,950338,272,233,85.66
2019,960312,380,246,64.74
2019,960324,1171,892,76.17
2019,960326,338,157,46.45
2019,960330,970,629,64.85
2019,960331,532,279,52.44
2019,960335,567,367,64.73
2019,960338,301,225,74.75
2019,960340,306,130,42.48
2019,960348,281,238,84.7
2019,960360,898,565,62.92
2019,960372,481,336,69.85
2019,960374,347,237,68.3
2019,960380,1066,814,76.36
2019,960386,701,582,83.02
2019,960387,501,277,55.29
2019,960488,152,27,17.76
2019,960490,239,91,38.08
2019,960700,463,307,66.31
2019,970315,650,383,58.92
2019,970320,452,361,79.87
2019,970322,398,398,100.0
2019,970356,595,500,84.03
2019,970358,545,523,95.96
2019,970388,653,568,86.98
2019,970389,574,558,97.21
2019,970390,815,572,70.18
2019,970393,233,75,32.19
2019,980306,122,70,57.38
2019,980317,311,301,96.78
2019,980318,769,527,68.53
2019,980324,418,358,85.65
2019,980336,1179,879,74.55
2019,980338,482,435,90.25
2019,980342,1198,888,74.12
2019,980380,334,306,91.62
2019,980384,487,434,89.12
2019,980390,427,349,81.73
2019,980397,122,98,80.33
2019,980398,290,93,32.07
2019,98B000,400,70,17.5
2019,990321,460,274,59.57
2019,990322,836,720,86.12
2019,990325,340,256,75.29
2019,990326,549,479,87.25
2019,990332,209,117,55.98
2019,990340,36,20,55.56
2019,995316,239,217,90.79
2019,995324,281,91,32.38
2019,995330,672,515,76.64
