year,agency_code,career_cluster,num_concentrators
2019,06B000,AAVC,1
2019,010303,AGNR,1
2019,010303,FINA,1
2019,010303,HOSP,1
2019,010303,HUMA,1
2019,010303,MANU,1
2019,010303,TRAN,1
2019,010324,AGNR,24
2019,010324,ARCH,33
2019,010324,AAVC,17
2019,010324,BMA,6
2019,010324,FINA,4
2019,010324,HLTH,10
2019,010324,HOSP,39
2019,010324,HUMA,1
2019,010324,INFO,7
2019,010324,LAW,3
2019,010324,MRKT,2
2019,010324,STEM,5
2019,010324,TRAN,4
2019,010348,AGNR,12
2019,010348,ARCH,20
2019,010348,AAVC,1
2019,010348,BMA,5
2019,010348,FINA,7
2019,010348,HLTH,10
2019,010348,HOSP,15
2019,010348,HUMA,1
2019,010348,INFO,3
2019,010348,LAW,1
2019,010348,STEM,1
2019,010348,TRAN,15
2019,010360,AGNR,25
2019,010360,ARCH,18
2019,010360,AAVC,3
2019,010360,BMA,8
2019,010360,FINA,3
2019,010360,HLTH,15
2019,010360,HOSP,39
2019,010360,HUMA,2
2019,010360,INFO,4
2019,010360,LAW,8
2019,010360,MRKT,3
2019,010360,STEM,12
2019,010360,TRAN,5
2019,010378,AGNR,1
2019,010388,AGNR,104
2019,010388,ARCH,25
2019,010388,AAVC,13
2019,010388,BMA,2
2019,010388,HLTH,35
2019,010388,HOSP,21
2019,010388,INFO,14
2019,010388,LAW,11
2019,010388,MANU,1
2019,010388,STEM,9
2019,010388,TRAN,5
2019,010396,AGNR,26
2019,010396,ARCH,9
2019,010396,AAVC,77
2019,010396,BMA,28
2019,010396,FINA,27
2019,010396,HLTH,15
2019,010396,HOSP,55
2019,010396,HUMA,3
2019,010396,INFO,6
2019,010396,LAW,2
2019,010396,MANU,2
2019,010396,MRKT,1
2019,010396,STEM,13
2019,010396,TRAN,4
2019,010400,AGNR,51
2019,010400,ARCH,18
2019,010400,AAVC,2
2019,010400,BMA,1
2019,010400,HLTH,20
2019,010400,HOSP,18
2019,010400,HUMA,1
2019,010400,INFO,15
2019,010400,LAW,2
2019,010400,MRKT,1
2019,010400,STEM,1
2019,010400,TRAN,7
2019,19A000,HLTH,1
2019,19A000,MANU,1
2019,19A000,STEM,1
2019,19A000,TRAN,1
2019,020302,AGNR,88
2019,020302,ARCH,60
2019,020302,AAVC,7
2019,020302,BMA,6
2019,020302,HLTH,43
2019,020302,HOSP,24
2019,020302,HUMA,4
2019,020302,INFO,10
2019,020302,LAW,2
2019,020302,MANU,11
2019,020302,MRKT,2
2019,020302,STEM,3
2019,030304,AGNR,52
2019,030304,ARCH,15
2019,030304,AAVC,17
2019,030304,BMA,6
2019,030304,HLTH,13
2019,030304,HOSP,13
2019,030304,HUMA,1
2019,030304,INFO,12
2019,030304,LAW,8
2019,030304,STEM,7
2019,030304,TRAN,15
2019,33A000,AGNR,1
2019,33A000,ARCH,2
2019,33A000,BMA,2
2019,33A000,HLTH,3
2019,33A000,INFO,2
2019,33A000,LAW,4
2019,33A000,STEM,4
2019,33A000,TRAN,1
2019,040304,MANU,5
2019,040305,INFO,1
2019,040306,AGNR,34
2019,040306,ARCH,14
2019,040306,AAVC,16
2019,040306,BMA,15
2019,040306,HLTH,21
2019,040306,HOSP,11
2019,040306,INFO,32
2019,040306,LAW,8
2019,040306,MRKT,4
2019,040306,STEM,14
2019,040306,TRAN,10
2019,050302,AGNR,24
2019,050302,ARCH,12
2019,050302,BMA,3
2019,050302,EDUC,2
2019,050302,HLTH,26
2019,050302,HOSP,10
2019,050302,HUMA,8
2019,050302,INFO,4
2019,050302,MANU,14
2019,050302,STEM,17
2019,050302,TRAN,6
2019,55A000,AGNR,1
2019,55A000,HOSP,1
2019,55A000,MRKT,1
2019,060302,AGNR,6
2019,060302,ARCH,6
2019,060302,HLTH,12
2019,060302,HOSP,4
2019,060302,LAW,7
2019,060302,MANU,22
2019,060302,STEM,1
2019,060334,AGNR,1
2019,060334,INFO,1
2019,060334,STEM,1
2019,060700,AGNR,5
2019,060700,HLTH,9
2019,060700,HOSP,2
2019,060700,LAW,1
2019,060700,MANU,1
2019,060700,STEM,6
2019,66A000,AGNR,1
2019,69A000,BMA,2
2019,69A000,MRKT,1
2019,070310,AGNR,1
2019,070310,ARCH,2
2019,070310,BMA,2
2019,070310,HOSP,4
2019,070310,HUMA,1
2019,070310,MANU,1
2019,070311,ARCH,1
2019,070311,EDUC,1
2019,070311,HUMA,2
2019,070311,INFO,2
2019,070311,LAW,1
2019,070311,MANU,2
2019,070330,AGNR,17
2019,070330,ARCH,11
2019,070330,BMA,1
2019,070330,HLTH,7
2019,070330,HOSP,4
2019,070330,INFO,6
2019,070330,LAW,1
2019,070330,MANU,1
2019,070330,TRAN,4
2019,070339,AGNR,18
2019,070339,ARCH,12
2019,070339,BMA,12
2019,070339,EDUC,1
2019,070339,HLTH,15
2019,070339,HOSP,2
2019,070339,LAW,6
2019,070339,MANU,15
2019,070339,MRKT,1
2019,070342,AGNR,34
2019,070342,ARCH,8
2019,070342,AAVC,1
2019,070342,BMA,3
2019,070342,HLTH,12
2019,070342,HOSP,32
2019,070342,HUMA,1
2019,070342,INFO,12
2019,070342,MANU,7
2019,070342,TRAN,2
2019,080311,AGNR,8
2019,080312,AGNR,6
2019,080312,ARCH,4
2019,080312,AAVC,12
2019,080312,BMA,2
2019,080312,HLTH,3
2019,080312,HOSP,7
2019,080312,HUMA,5
2019,080312,INFO,18
2019,080312,LAW,9
2019,080312,MANU,4
2019,080312,TRAN,12
2019,90A000,MANU,3
2019,92F000,INFO,1
2019,92F000,MRKT,5
2019,090330,AGNR,38
2019,090330,ARCH,30
2019,090330,AAVC,4
2019,090330,BMA,8
2019,090330,HLTH,19
2019,090330,HOSP,14
2019,090330,HUMA,8
2019,090330,INFO,3
2019,090330,LAW,6
2019,090330,MANU,13
2019,090330,MRKT,7
2019,090330,TRAN,13
2019,090368,AGNR,93
2019,090368,ARCH,16
2019,090368,AAVC,7
2019,090368,BMA,10
2019,090368,HLTH,48
2019,090368,HOSP,21
2019,090368,HUMA,12
2019,090368,INFO,4
2019,090368,LAW,14
2019,090368,MANU,33
2019,090368,MRKT,1
2019,92G000,AGNR,1
2019,92G000,BMA,1
2019,92P000,AGNR,1
2019,92P000,BMA,4
2019,92P000,HOSP,1
2019,92P000,MRKT,2
2019,100308,ARCH,1
2019,100308,HOSP,1
2019,100326,AGNR,46
2019,100326,ARCH,15
2019,100326,AAVC,9
2019,100326,BMA,2
2019,100326,EDUC,1
2019,100326,HLTH,11
2019,100326,HOSP,6
2019,100326,HUMA,4
2019,100326,INFO,7
2019,100326,LAW,1
2019,100326,STEM,1
2019,100334,AGNR,28
2019,100334,ARCH,38
2019,100334,BMA,19
2019,100334,HLTH,21
2019,100334,HOSP,20
2019,100334,HUMA,1
2019,100334,INFO,4
2019,100334,MANU,1
2019,100334,MRKT,19
2019,100334,TRAN,7
2019,100348,AGNR,47
2019,100348,ARCH,29
2019,100348,BMA,21
2019,100348,HLTH,50
2019,100348,HOSP,35
2019,100348,INFO,34
2019,100348,LAW,1
2019,100348,MANU,1
2019,100348,MRKT,6
2019,100348,STEM,1
2019,100348,TRAN,20
2019,13A000,AGNR,1
2019,13A000,BMA,1
2019,13A000,HLTH,1
2019,13A000,MRKT,1
2019,60I000,TRAN,1
2019,110303,AGNR,9
2019,110303,ARCH,2
2019,110303,HOSP,3
2019,110303,INFO,1
2019,110303,MANU,2
2019,110304,AGNR,17
2019,110304,ARCH,18
2019,110304,AAVC,7
2019,110304,BMA,10
2019,110304,HLTH,21
2019,110304,HOSP,19
2019,110304,HUMA,13
2019,110304,INFO,7
2019,110304,LAW,28
2019,110304,MANU,1
2019,110304,MRKT,3
2019,110304,STEM,11
2019,110304,TRAN,10
2019,110322,HUMA,1
2019,110323,AGNR,1
2019,110323,ARCH,6
2019,110323,HLTH,4
2019,110323,INFO,1
2019,110323,LAW,1
2019,110323,MANU,1
2019,110323,STEM,1
2019,110336,AGNR,20
2019,110336,ARCH,16
2019,110336,AAVC,17
2019,110336,EDUC,2
2019,110336,HLTH,26
2019,110336,HOSP,3
2019,110336,INFO,7
2019,110336,LAW,9
2019,110336,MANU,6
2019,110336,STEM,3
2019,110340,AGNR,74
2019,110340,ARCH,38
2019,110340,AAVC,1
2019,110340,BMA,2
2019,110340,HLTH,38
2019,110340,HOSP,67
2019,110340,HUMA,7
2019,110340,INFO,2
2019,110340,LAW,6
2019,110340,MANU,1
2019,110340,MRKT,1
2019,110352,AGNR,36
2019,110352,ARCH,25
2019,110352,AAVC,11
2019,110352,BMA,2
2019,110352,FINA,1
2019,110352,HLTH,47
2019,110352,HOSP,15
2019,110352,INFO,4
2019,110352,LAW,11
2019,110352,MANU,3
2019,110352,MRKT,2
2019,110352,TRAN,14
2019,110380,AGNR,29
2019,110380,ARCH,36
2019,110380,BMA,14
2019,110380,HLTH,39
2019,110380,HOSP,4
2019,110380,HUMA,1
2019,110380,INFO,16
2019,110380,LAW,6
2019,110380,MANU,15
2019,110380,MRKT,6
2019,110380,STEM,1
2019,110416,AGNR,22
2019,110416,ARCH,14
2019,110416,AAVC,5
2019,110416,BMA,11
2019,110416,HLTH,33
2019,110416,HOSP,36
2019,110416,HUMA,10
2019,110416,LAW,38
2019,110416,MANU,1
2019,110416,MRKT,11
2019,110416,STEM,1
2019,110416,TRAN,15
2019,110500,STEM,98
2019,111302,AGNR,5
2019,111302,AAVC,6
2019,111302,BMA,4
2019,111302,HLTH,11
2019,111302,HOSP,7
2019,111302,HUMA,14
2019,111302,INFO,4
2019,111302,LAW,8
2019,111302,MANU,11
2019,111302,MRKT,2
2019,111700,AAVC,2
2019,111700,HLTH,7
2019,111700,HUMA,1
2019,111700,INFO,1
2019,111700,LAW,13
2019,111700,MANU,7
2019,60K000,HOSP,1
2019,32L000,BMA,6
2019,32L000,EDUC,1
2019,32L000,HOSP,1
2019,32L000,INFO,8
2019,32L000,MRKT,4
2019,49E000,HOSP,2
2019,49E000,STEM,19
2019,120308,AGNR,2
2019,120308,ARCH,3
2019,120308,HOSP,1
2019,120308,HUMA,1
2019,120310,AGNR,1
2019,120310,AAVC,3
2019,120310,HUMA,1
2019,120310,INFO,1
2019,120310,LAW,1
2019,120310,STEM,1
2019,120314,AGNR,26
2019,120314,ARCH,10
2019,120314,AAVC,9
2019,120314,BMA,1
2019,120314,HLTH,21
2019,120314,HOSP,6
2019,120314,HUMA,9
2019,120314,INFO,7
2019,120314,MANU,3
2019,120314,STEM,1
2019,120318,AGNR,33
2019,120318,ARCH,6
2019,120318,AAVC,2
2019,120318,BMA,2
2019,120318,HLTH,27
2019,120318,HOSP,14
2019,120318,HUMA,4
2019,120318,INFO,2
2019,120318,LAW,2
2019,120318,MANU,7
2019,120318,TRAN,5
2019,120346,AGNR,8
2019,120346,ARCH,3
2019,120346,AAVC,6
2019,120346,HLTH,21
2019,120346,HOSP,6
2019,120346,HUMA,3
2019,120346,INFO,10
2019,120346,LAW,4
2019,120346,STEM,1
2019,120370,AGNR,23
2019,120370,ARCH,4
2019,120370,BMA,5
2019,120370,HLTH,18
2019,120370,HOSP,11
2019,120370,HUMA,2
2019,120370,INFO,8
2019,120370,LAW,11
2019,120370,STEM,6
2019,120370,TRAN,13
2019,51A000,BMA,1
2019,51A000,MANU,1
2019,36C000,BMA,3
2019,36C000,HOSP,1
2019,36C000,MRKT,3
2019,130307,AGNR,68
2019,130307,ARCH,27
2019,130307,BMA,20
2019,130307,FINA,2
2019,130307,HLTH,49
2019,130307,HOSP,71
2019,130307,HUMA,5
2019,130307,INFO,89
2019,130307,MANU,2
2019,130307,MRKT,13
2019,130307,STEM,8
2019,130307,TRAN,7
2019,130310,AGNR,59
2019,130310,ARCH,29
2019,130310,BMA,14
2019,130310,HLTH,42
2019,130310,HOSP,16
2019,130310,HUMA,6
2019,130310,INFO,7
2019,130310,LAW,1
2019,130310,MANU,1
2019,130310,MRKT,3
2019,130310,STEM,39
2019,130314,AGNR,31
2019,130314,ARCH,23
2019,130314,BMA,13
2019,130314,EDUC,3
2019,130314,HLTH,40
2019,130314,HOSP,31
2019,130314,HUMA,1
2019,130314,INFO,10
2019,130314,LAW,48
2019,130314,MRKT,4
2019,130316,AGNR,22
2019,130316,ARCH,21
2019,130316,AAVC,7
2019,130316,BMA,9
2019,130316,FINA,2
2019,130316,HLTH,33
2019,130316,HOSP,40
2019,130316,HUMA,3
2019,130316,INFO,11
2019,130316,MANU,3
2019,130316,MRKT,5
2019,130316,STEM,24
2019,130316,TRAN,18
2019,130317,AGNR,1
2019,130324,AGNR,24
2019,130324,ARCH,21
2019,130324,AAVC,13
2019,130324,BMA,3
2019,130324,HLTH,19
2019,130324,HOSP,18
2019,130324,HUMA,1
2019,130324,INFO,8
2019,130324,LAW,2
2019,130324,MANU,2
2019,130324,STEM,16
2019,130324,TRAN,16
2019,130326,AGNR,61
2019,130326,ARCH,10
2019,130326,AAVC,2
2019,130326,BMA,5
2019,130326,EDUC,1
2019,130326,HLTH,36
2019,130326,HOSP,39
2019,130326,HUMA,4
2019,130326,INFO,7
2019,130326,STEM,10
2019,130326,TRAN,20
2019,130332,AGNR,17
2019,130332,ARCH,12
2019,130332,AAVC,10
2019,130332,BMA,12
2019,130332,EDUC,1
2019,130332,FINA,1
2019,130332,HLTH,60
2019,130332,HOSP,42
2019,130332,HUMA,3
2019,130332,INFO,20
2019,130332,LAW,2
2019,130332,MANU,10
2019,130332,MRKT,4
2019,130332,STEM,15
2019,130332,TRAN,26
2019,130333,AGNR,8
2019,130333,ARCH,2
2019,130333,BMA,9
2019,130333,HLTH,5
2019,130333,HOSP,1
2019,130333,INFO,1
2019,130333,LAW,1
2019,130333,MRKT,1
2019,92T000,BMA,1
2019,92T000,HLTH,3
2019,132304,AGNR,21
2019,132304,ARCH,22
2019,132304,AAVC,25
2019,132304,BMA,13
2019,132304,HLTH,52
2019,132304,HOSP,46
2019,132304,HUMA,8
2019,132304,INFO,22
2019,132304,MANU,10
2019,132304,MRKT,8
2019,132304,STEM,47
2019,58B000,AGNR,2
2019,58B000,BMA,7
2019,58B000,HLTH,6
2019,58B000,HOSP,1
2019,58B000,HUMA,1
2019,58B000,MRKT,8
2019,41G000,INFO,1
2019,94Z000,AGNR,45
2019,94Z000,MANU,2
2019,140305,ARCH,1
2019,140305,AAVC,1
2019,140305,BMA,1
2019,140305,HLTH,27
2019,140305,INFO,10
2019,140305,STEM,16
2019,140309,BMA,2
2019,140309,INFO,1
2019,140348,AGNR,28
2019,140348,ARCH,12
2019,140348,BMA,24
2019,140348,HLTH,13
2019,140348,HOSP,10
2019,140348,HUMA,7
2019,140348,INFO,13
2019,140348,LAW,4
2019,140348,STEM,2
2019,140348,TRAN,3
2019,140386,AGNR,29
2019,140386,ARCH,40
2019,140386,AAVC,6
2019,140386,BMA,9
2019,140386,HLTH,40
2019,140386,HOSP,19
2019,140386,HUMA,12
2019,140386,INFO,8
2019,140386,MANU,5
2019,140386,MRKT,4
2019,140386,STEM,15
2019,140386,TRAN,3
2019,140390,AGNR,20
2019,140390,ARCH,23
2019,140390,AAVC,1
2019,140390,BMA,3
2019,140390,FINA,1
2019,140390,HLTH,19
2019,140390,HOSP,18
2019,140390,INFO,4
2019,140390,LAW,1
2019,140390,MANU,2
2019,140390,STEM,6
2019,140390,TRAN,8
2019,24B000,MRKT,1
2019,150304,AGNR,20
2019,150304,ARCH,7
2019,150304,HLTH,22
2019,150304,HOSP,8
2019,150304,INFO,3
2019,150304,MANU,2
2019,150304,STEM,8
2019,150350,BMA,1
2019,150350,EDUC,1
2019,150350,HLTH,1
2019,150350,HUMA,2
2019,150350,MANU,1
2019,09A000,AGNR,1
2019,09A000,AAVC,1
2019,34H000,EDUC,1
2019,160313,AGNR,46
2019,160313,ARCH,4
2019,160313,BMA,4
2019,160313,HLTH,8
2019,160313,HOSP,33
2019,160313,HUMA,4
2019,160313,MANU,1
2019,160313,STEM,11
2019,160313,TRAN,1
2019,160314,AGNR,36
2019,160314,ARCH,9
2019,160314,AAVC,2
2019,160314,BMA,9
2019,160314,HLTH,11
2019,160314,HOSP,44
2019,160314,INFO,3
2019,160314,LAW,1
2019,160314,STEM,12
2019,160344,AGNR,40
2019,160344,ARCH,7
2019,160344,AAVC,3
2019,160344,BMA,15
2019,160344,HLTH,13
2019,160344,HOSP,25
2019,160344,HUMA,2
2019,160344,INFO,7
2019,160344,STEM,14
2019,60S000,AGNR,1
2019,170316,AGNR,39
2019,170316,ARCH,2
2019,170316,BMA,17
2019,170316,HLTH,21
2019,170316,HOSP,12
2019,170316,HUMA,5
2019,170316,LAW,12
2019,170316,MANU,30
2019,170316,MRKT,2
2019,170316,TRAN,23
2019,11C000,ARCH,1
2019,180308,AGNR,62
2019,180308,ARCH,2
2019,180308,AAVC,1
2019,180308,BMA,7
2019,180308,HLTH,15
2019,180308,HOSP,32
2019,180308,HUMA,3
2019,180308,INFO,5
2019,180308,MANU,7
2019,180308,MRKT,3
2019,180308,STEM,4
2019,180320,AGNR,22
2019,180320,ARCH,1
2019,180320,AAVC,11
2019,180320,BMA,15
2019,180320,HLTH,18
2019,180320,HOSP,5
2019,180320,INFO,12
2019,180320,MANU,22
2019,180320,MRKT,5
2019,180325,BMA,1
2019,180340,AGNR,35
2019,180340,ARCH,10
2019,180340,HLTH,27
2019,180340,HOSP,15
2019,180340,INFO,10
2019,180340,MANU,1
2019,180348,AGNR,4
2019,180348,ARCH,9
2019,180348,AAVC,2
2019,180348,BMA,4
2019,180348,HLTH,36
2019,180348,HOSP,10
2019,180348,INFO,15
2019,180348,MRKT,1
2019,180348,TRAN,8
2019,180376,AGNR,4
2019,180376,ARCH,30
2019,180376,AAVC,5
2019,180376,BMA,13
2019,180376,HLTH,33
2019,180376,HOSP,3
2019,180376,INFO,6
2019,180376,MANU,8
2019,180376,MRKT,3
2019,180376,STEM,7
2019,181318,AAVC,10
2019,181318,HOSP,7
2019,181318,HUMA,1
2019,181318,INFO,12
2019,181318,LAW,9
2019,181322,AGNR,16
2019,181322,ARCH,7
2019,181322,AAVC,1
2019,181322,BMA,4
2019,181322,HLTH,12
2019,181322,HOSP,25
2019,181322,INFO,9
2019,181322,LAW,3
2019,181322,MRKT,3
2019,181322,TRAN,13
2019,182316,AGNR,13
2019,182316,ARCH,31
2019,182316,AAVC,9
2019,182316,BMA,3
2019,182316,HLTH,33
2019,182316,HOSP,16
2019,182316,INFO,5
2019,182316,STEM,2
2019,182700,INFO,4
2019,190310,AGNR,7
2019,190310,BMA,1
2019,190310,HOSP,9
2019,190310,MRKT,1
2019,190316,AGNR,11
2019,190316,ARCH,6
2019,190316,BMA,1
2019,190316,HLTH,20
2019,190316,HOSP,4
2019,190316,INFO,4
2019,190316,LAW,1
2019,190316,TRAN,1
2019,190336,AGNR,25
2019,190336,ARCH,21
2019,190336,AAVC,1
2019,190336,BMA,1
2019,190336,HLTH,37
2019,190336,HOSP,13
2019,190336,INFO,2
2019,190336,MANU,3
2019,190336,MRKT,18
2019,190336,STEM,13
2019,190336,TRAN,15
2019,190342,AGNR,28
2019,190342,ARCH,12
2019,190342,AAVC,1
2019,190342,BMA,12
2019,190342,HLTH,31
2019,190342,HOSP,7
2019,190342,INFO,14
2019,190342,LAW,2
2019,190342,MRKT,14
2019,190342,TRAN,10
2019,98B000,AGNR,2
2019,98B000,ARCH,1
2019,98B000,HOSP,2
2019,98B000,INFO,7
2019,61L000,BMA,1
2019,61L000,HOSP,2
2019,61L000,MRKT,1
2019,61L000,TRAN,1
2019,60U000,ARCH,1
2019,60U000,AAVC,1
2019,60U000,BMA,3
2019,60U000,HLTH,1
2019,60U000,MANU,1
2019,60U000,MRKT,2
2019,200308,AGNR,1
2019,200308,HLTH,11
2019,200308,HOSP,10
2019,200308,HUMA,1
2019,200308,INFO,1
2019,200308,LAW,7
2019,200308,STEM,1
2019,200314,AGNR,2
2019,200314,ARCH,7
2019,200314,HLTH,12
2019,200314,HOSP,5
2019,200314,LAW,1
2019,200322,AGNR,3
2019,200322,ARCH,1
2019,200322,AAVC,1
2019,200322,HOSP,2
2019,200322,MANU,1
2019,200322,TRAN,1
2019,200328,AGNR,28
2019,200328,ARCH,1
2019,200328,AAVC,27
2019,200328,HLTH,13
2019,200328,HOSP,13
2019,200328,INFO,7
2019,200328,MANU,4
2019,200328,TRAN,2
2019,200350,AAVC,1
2019,200350,MANU,1
2019,200350,STEM,9
2019,210312,AGNR,51
2019,210312,AAVC,17
2019,210312,BMA,6
2019,210312,HLTH,17
2019,210312,HOSP,15
2019,210312,INFO,10
2019,210312,MANU,14
2019,210312,MRKT,4
2019,76A000,ARCH,2
2019,76A000,HLTH,3
2019,76A000,MANU,1
2019,76A000,TRAN,1
2019,93L000,ARCH,1
2019,93L000,HLTH,2
2019,93L000,HOSP,1
2019,220310,AGNR,18
2019,220310,ARCH,7
2019,220310,BMA,6
2019,220310,HLTH,18
2019,220310,HOSP,23
2019,220310,INFO,10
2019,220310,TRAN,8
2019,230312,AGNR,66
2019,230312,ARCH,33
2019,230312,AAVC,8
2019,230312,BMA,10
2019,230312,EDUC,3
2019,230312,HLTH,33
2019,230312,HOSP,43
2019,230312,INFO,13
2019,230312,LAW,6
2019,230312,MANU,17
2019,230322,ARCH,1
2019,230322,MANU,7
2019,230322,STEM,1
2019,230324,AGNR,43
2019,230324,ARCH,12
2019,230324,BMA,3
2019,230324,EDUC,5
2019,230324,HLTH,39
2019,230324,HOSP,13
2019,230324,HUMA,1
2019,230324,INFO,5
2019,230324,LAW,17
2019,230324,MANU,23
2019,230324,MRKT,1
2019,230324,TRAN,9
2019,230330,AGNR,1
2019,230330,ARCH,3
2019,230330,BMA,6
2019,230330,INFO,8
2019,230330,MANU,1
2019,230330,MRKT,1
2019,230350,AGNR,45
2019,230350,ARCH,28
2019,230350,AAVC,21
2019,230350,BMA,15
2019,230350,EDUC,13
2019,230350,HLTH,29
2019,230350,HOSP,29
2019,230350,HUMA,2
2019,230350,INFO,7
2019,230350,LAW,34
2019,230350,MANU,42
2019,230350,MRKT,1
2019,230350,STEM,14
2019,230350,TRAN,2
2019,230361,AGNR,1
2019,230361,ARCH,26
2019,230361,BMA,1
2019,230361,HLTH,43
2019,230361,HOSP,16
2019,230361,HUMA,1
2019,230361,INFO,9
2019,230361,LAW,6
2019,230361,MANU,28
2019,230361,MRKT,1
2019,230361,STEM,1
2019,230361,TRAN,1
2019,240334,AGNR,19
2019,240334,HLTH,10
2019,240334,LAW,1
2019,240334,TRAN,3
2019,240371,AGNR,21
2019,240371,ARCH,1
2019,240371,HLTH,16
2019,240371,INFO,6
2019,240371,LAW,5
2019,240371,TRAN,5
2019,240373,ARCH,9
2019,240373,HOSP,11
2019,240373,MANU,6
2019,240373,STEM,1
2019,240380,AGNR,20
2019,240380,HLTH,15
2019,240380,INFO,2
2019,240380,TRAN,6
2019,241316,AGNR,5
2019,241316,ARCH,7
2019,241316,HLTH,31
2019,241316,HOSP,10
2019,241316,HUMA,1
2019,241316,INFO,2
2019,241316,MANU,4
2019,241316,TRAN,2
2019,250314,INFO,1
2019,250314,STEM,1
2019,250314,TRAN,2
2019,250321,BMA,1
2019,250321,HUMA,1
2019,250321,INFO,1
2019,250321,LAW,1
2019,250321,MANU,1
2019,250321,STEM,1
2019,250340,AGNR,17
2019,250340,ARCH,1
2019,250340,AAVC,16
2019,250340,BMA,1
2019,250340,HLTH,16
2019,250340,HOSP,19
2019,250340,INFO,4
2019,250340,LAW,5
2019,250340,MANU,2
2019,250340,STEM,23
2019,250340,TRAN,4
2019,250356,AGNR,27
2019,250356,ARCH,7
2019,250356,AAVC,8
2019,250356,BMA,3
2019,250356,FINA,3
2019,250356,HLTH,34
2019,250356,HOSP,29
2019,250356,INFO,2
2019,250356,LAW,3
2019,250356,MANU,1
2019,250356,STEM,3
2019,250372,AGNR,34
2019,250372,ARCH,10
2019,250372,AAVC,10
2019,250372,BMA,6
2019,250372,HLTH,33
2019,250372,HOSP,1
2019,250372,INFO,9
2019,250372,LAW,2
2019,250372,MANU,11
2019,250372,STEM,12
2019,260318,AGNR,6
2019,260318,AAVC,20
2019,260318,BMA,29
2019,260318,FINA,5
2019,260318,HLTH,41
2019,260318,HOSP,27
2019,260318,INFO,52
2019,260318,LAW,7
2019,260318,MANU,12
2019,260318,MRKT,17
2019,260318,STEM,26
2019,260318,TRAN,1
2019,260322,AGNR,41
2019,260322,ARCH,8
2019,260322,AAVC,4
2019,260322,BMA,26
2019,260322,FINA,21
2019,260322,HLTH,1
2019,260322,HOSP,76
2019,260322,HUMA,5
2019,260322,INFO,16
2019,260322,LAW,4
2019,260322,MRKT,6
2019,260322,STEM,1
2019,260325,AGNR,59
2019,260325,ARCH,8
2019,260325,AAVC,6
2019,260325,BMA,27
2019,260325,HLTH,28
2019,260325,HOSP,15
2019,260325,INFO,37
2019,260325,LAW,50
2019,260325,MANU,3
2019,260325,MRKT,5
2019,260325,STEM,3
2019,260357,AGNR,73
2019,260357,ARCH,1
2019,260357,AAVC,6
2019,260357,BMA,27
2019,260357,HLTH,24
2019,260357,HOSP,30
2019,260357,INFO,30
2019,260357,LAW,6
2019,260357,MANU,1
2019,260357,STEM,1
2019,260359,AGNR,14
2019,260359,BMA,4
2019,260359,HLTH,1
2019,260359,HOSP,39
2019,260359,HUMA,2
2019,260359,INFO,7
2019,260359,LAW,9
2019,260359,MRKT,1
2019,260359,TRAN,2
2019,260374,AGNR,7
2019,260374,ARCH,1
2019,260374,BMA,2
2019,260374,HOSP,7
2019,260374,INFO,2
2019,260374,MANU,2
2019,260388,BMA,6
2019,260388,HLTH,1
2019,260388,LAW,2
2019,260388,STEM,1
2019,260408,AGNR,54
2019,260408,ARCH,2
2019,260408,AAVC,11
2019,260408,BMA,71
2019,260408,HLTH,20
2019,260408,HOSP,34
2019,260408,HUMA,2
2019,260408,INFO,58
2019,260408,LAW,6
2019,260408,MANU,3
2019,260408,MRKT,21
2019,260408,STEM,4
2019,260411,AAVC,3
2019,260411,BMA,15
2019,260411,HLTH,3
2019,260411,INFO,10
2019,260411,LAW,4
2019,260424,AGNR,76
2019,260424,ARCH,8
2019,260424,AAVC,5
2019,260424,BMA,19
2019,260424,FINA,13
2019,260424,HLTH,12
2019,260424,HOSP,71
2019,260424,HUMA,4
2019,260424,INFO,32
2019,260424,LAW,7
2019,260424,MANU,12
2019,260424,MRKT,12
2019,260424,STEM,1
2019,260424,TRAN,1
2019,260427,AGNR,22
2019,260427,ARCH,19
2019,260427,AAVC,6
2019,260427,BMA,12
2019,260427,HLTH,5
2019,260427,HOSP,23
2019,260427,HUMA,3
2019,260427,INFO,5
2019,260427,LAW,32
2019,260427,MANU,2
2019,260427,MRKT,4
2019,260427,STEM,14
2019,260446,AGNR,19
2019,260446,ARCH,3
2019,260446,AAVC,3
2019,260446,BMA,12
2019,260446,FINA,1
2019,260446,HLTH,14
2019,260446,HOSP,52
2019,260446,HUMA,1
2019,260446,INFO,13
2019,260446,LAW,6
2019,260446,MANU,3
2019,260446,MRKT,8
2019,260449,AGNR,2
2019,260449,HOSP,2
2019,260449,INFO,1
2019,260455,AGNR,6
2019,260455,AAVC,2
2019,260455,BMA,6
2019,260455,HLTH,28
2019,260455,HOSP,18
2019,260455,HUMA,3
2019,260455,INFO,5
2019,260455,LAW,12
2019,260455,MRKT,3
2019,260455,STEM,17
2019,260455,TRAN,3
2019,260700,AAVC,1
2019,260700,BMA,3
2019,260700,HLTH,2
2019,260700,HOSP,1
2019,260700,INFO,1
2019,260700,LAW,1
2019,260700,STEM,1
2019,270306,AGNR,67
2019,270306,ARCH,16
2019,270306,AAVC,9
2019,270306,BMA,4
2019,270306,HLTH,14
2019,270306,HOSP,35
2019,270306,INFO,8
2019,270306,MRKT,2
2019,270306,TRAN,16
2019,270311,BMA,3
2019,270311,HUMA,1
2019,270311,INFO,1
2019,270311,MANU,2
2019,270311,TRAN,1
2019,280304,AGNR,3
2019,280304,ARCH,5
2019,280304,AAVC,2
2019,280304,BMA,2
2019,280304,HOSP,7
2019,280304,INFO,2
2019,280304,LAW,1
2019,280304,MRKT,1
2019,280306,ARCH,1
2019,280316,AGNR,2
2019,280316,ARCH,9
2019,280316,AAVC,11
2019,280316,HLTH,2
2019,280316,HOSP,1
2019,280316,INFO,3
2019,280316,MANU,1
2019,280316,TRAN,1
2019,280330,ARCH,5
2019,280330,AAVC,4
2019,280330,HLTH,14
2019,280330,HOSP,7
2019,280330,INFO,6
2019,290308,AGNR,36
2019,290308,ARCH,41
2019,290308,BMA,15
2019,290308,FINA,8
2019,290308,HLTH,53
2019,290308,HOSP,20
2019,290308,HUMA,1
2019,290308,INFO,13
2019,290308,MANU,1
2019,290308,MRKT,11
2019,290308,STEM,15
2019,290308,TRAN,2
2019,290314,AGNR,8
2019,290314,ARCH,3
2019,290314,BMA,8
2019,290314,HLTH,2
2019,290314,HOSP,2
2019,290314,INFO,1
2019,290314,LAW,1
2019,290314,MANU,1
2019,290314,MRKT,4
2019,290314,TRAN,1
2019,290324,AGNR,50
2019,290324,ARCH,17
2019,290324,AAVC,11
2019,290324,BMA,18
2019,290324,FINA,18
2019,290324,HLTH,38
2019,290324,HOSP,27
2019,290324,HUMA,5
2019,290324,INFO,36
2019,290324,LAW,2
2019,290324,MANU,22
2019,290324,MRKT,5
2019,290324,TRAN,1
2019,290336,AGNR,49
2019,290336,ARCH,41
2019,290336,BMA,16
2019,290336,FINA,4
2019,290336,HLTH,48
2019,290336,HOSP,23
2019,290336,INFO,8
2019,290336,STEM,7
2019,290348,AGNR,106
2019,290348,ARCH,14
2019,290348,AAVC,1
2019,290348,BMA,22
2019,290348,FINA,1
2019,290348,HLTH,49
2019,290348,HOSP,29
2019,290348,HUMA,1
2019,290348,INFO,37
2019,290348,MANU,1
2019,290348,MRKT,8
2019,290348,STEM,17
2019,290365,AGNR,30
2019,290365,ARCH,2
2019,290365,AAVC,2
2019,290365,BMA,11
2019,290365,HLTH,26
2019,290365,HOSP,18
2019,290365,INFO,15
2019,290365,MANU,1
2019,290365,MRKT,1
2019,290388,AGNR,74
2019,290388,BMA,19
2019,290388,FINA,13
2019,290388,HLTH,42
2019,290388,HOSP,33
2019,290388,INFO,19
2019,290388,STEM,6
2019,290389,ARCH,9
2019,290389,AAVC,2
2019,290389,BMA,18
2019,290389,HLTH,2
2019,290389,INFO,1
2019,290389,LAW,2
2019,290389,MANU,9
2019,290389,MRKT,14
2019,290389,STEM,7
2019,290389,TRAN,3
2019,291336,ARCH,14
2019,291336,BMA,17
2019,291336,HLTH,20
2019,291336,HOSP,24
2019,291336,INFO,7
2019,291336,LAW,1
2019,291336,MANU,2
2019,291336,MRKT,2
2019,291336,STEM,4
2019,292324,AGNR,1
2019,292324,ARCH,23
2019,292324,BMA,17
2019,292324,HLTH,18
2019,292324,HOSP,10
2019,292324,INFO,19
2019,292324,LAW,1
2019,292324,MRKT,6
2019,292324,TRAN,1
2019,300312,AGNR,29
2019,300312,ARCH,30
2019,300312,AAVC,22
2019,300312,BMA,5
2019,300312,EDUC,7
2019,300312,FINA,1
2019,300312,HLTH,31
2019,300312,HOSP,25
2019,300312,HUMA,9
2019,300312,INFO,8
2019,300312,MANU,7
2019,300312,MRKT,3
2019,300312,STEM,18
2019,300312,TRAN,15
2019,00A000,AGNR,3
2019,00A000,AAVC,2
2019,00A000,BMA,11
2019,00A000,HLTH,1
2019,00A000,HOSP,2
2019,00A000,INFO,1
2019,00A000,MRKT,5
2019,00A000,STEM,1
2019,310338,ARCH,2
2019,310338,AAVC,1
2019,310338,BMA,2
2019,310338,INFO,4
2019,310344,AGNR,57
2019,310344,ARCH,1
2019,310344,BMA,29
2019,310344,HLTH,40
2019,310344,HOSP,22
2019,310344,INFO,18
2019,310344,MANU,5
2019,310344,STEM,27
2019,310344,TRAN,37
2019,310352,AGNR,52
2019,310352,ARCH,21
2019,310352,AAVC,1
2019,310352,BMA,30
2019,310352,HLTH,25
2019,310352,HOSP,24
2019,310352,INFO,11
2019,310352,MANU,1
2019,310352,MRKT,2
2019,310352,TRAN,13
2019,310364,AGNR,30
2019,310364,ARCH,3
2019,310364,BMA,1
2019,310364,HLTH,16
2019,310364,HOSP,5
2019,310364,INFO,7
2019,310364,STEM,1
2019,310364,TRAN,7
2019,310392,AGNR,26
2019,310392,ARCH,25
2019,310392,BMA,19
2019,310392,HLTH,38
2019,310392,INFO,21
2019,310392,MRKT,1
2019,310392,TRAN,19
2019,320312,AGNR,62
2019,320312,ARCH,5
2019,320312,BMA,12
2019,320312,FINA,1
2019,320312,HOSP,33
2019,320312,INFO,4
2019,320312,MRKT,7
2019,320312,STEM,1
2019,320317,HLTH,75
2019,320317,LAW,1
2019,320322,AGNR,1
2019,320322,ARCH,2
2019,320322,BMA,4
2019,320322,HLTH,1
2019,320322,HOSP,1
2019,320322,HUMA,3
2019,320323,AAVC,12
2019,320323,INFO,1
2019,320325,ARCH,1
2019,320325,AAVC,14
2019,320325,BMA,19
2019,320325,FINA,22
2019,320325,HUMA,1
2019,320325,INFO,23
2019,320325,MRKT,1
2019,320341,AGNR,1
2019,320341,HOSP,1
2019,320353,ARCH,2
2019,320353,INFO,1
2019,320353,STEM,1
2019,320356,AGNR,26
2019,320356,BMA,2
2019,320356,HOSP,34
2019,320356,INFO,1
2019,320356,LAW,2
2019,320356,MANU,1
2019,320356,MRKT,5
2019,320356,STEM,1
2019,320356,TRAN,13
2019,320365,AGNR,15
2019,320365,ARCH,1
2019,320365,BMA,8
2019,320365,HOSP,12
2019,320365,INFO,7
2019,320365,MRKT,2
2019,320365,STEM,87
2019,320368,AGNR,1
2019,320368,ARCH,24
2019,320368,BMA,27
2019,320368,FINA,13
2019,320368,HLTH,43
2019,320368,HOSP,3
2019,320368,MRKT,12
2019,320368,STEM,17
2019,320368,TRAN,17
2019,320701,AAVC,6
2019,320701,INFO,4
2019,320701,STEM,2
2019,330328,AGNR,11
2019,330328,ARCH,1
2019,330328,BMA,8
2019,330328,HOSP,4
2019,330328,HUMA,3
2019,330350,AGNR,73
2019,330350,ARCH,3
2019,330350,BMA,9
2019,330350,EDUC,2
2019,330350,FINA,7
2019,330350,HLTH,17
2019,330350,HOSP,53
2019,330350,HUMA,2
2019,330350,INFO,15
2019,330350,MANU,16
2019,330350,MRKT,3
2019,330350,STEM,3
2019,330350,TRAN,1
2019,330358,AGNR,7
2019,330358,ARCH,1
2019,330358,BMA,42
2019,330358,EDUC,5
2019,330358,HLTH,26
2019,330358,HOSP,9
2019,330358,HUMA,3
2019,330358,INFO,13
2019,330358,MANU,1
2019,330358,MRKT,27
2019,330358,STEM,1
2019,340311,ARCH,1
2019,340311,AAVC,71
2019,340311,HLTH,77
2019,340311,HOSP,1
2019,340311,HUMA,4
2019,340311,INFO,1
2019,340311,STEM,71
2019,340311,TRAN,3
2019,340330,ARCH,4
2019,340330,BMA,3
2019,340330,HLTH,2
2019,340330,HOSP,19
2019,340330,INFO,2
2019,340330,TRAN,1
2019,340336,ARCH,2
2019,340336,INFO,3
2019,340336,TRAN,3
2019,340362,BMA,1
2019,340364,ARCH,7
2019,340364,AAVC,6
2019,340364,BMA,24
2019,340364,FINA,27
2019,340364,HLTH,27
2019,340364,HOSP,26
2019,340364,HUMA,4
2019,340364,INFO,4
2019,340364,MANU,2
2019,340364,STEM,18
2019,340364,TRAN,7
2019,340382,ARCH,4
2019,340382,AAVC,4
2019,340382,BMA,7
2019,340382,FINA,3
2019,340382,HLTH,30
2019,340382,HOSP,2
2019,340382,HUMA,4
2019,340382,INFO,7
2019,340382,MRKT,1
2019,340382,STEM,1
2019,340382,TRAN,6
2019,340446,INFO,1
2019,340446,STEM,1
2019,340454,AGNR,6
2019,340454,ARCH,6
2019,340454,AAVC,7
2019,340454,BMA,5
2019,340454,FINA,2
2019,340454,HLTH,9
2019,340454,HOSP,43
2019,340454,HUMA,7
2019,340454,MANU,1
2019,340454,STEM,10
2019,340454,TRAN,7
2019,340460,AGNR,4
2019,340460,ARCH,1
2019,340460,AAVC,2
2019,340460,BMA,14
2019,340460,HLTH,16
2019,340460,HOSP,12
2019,340460,INFO,6
2019,340460,MANU,1
2019,340460,MRKT,5
2019,340460,STEM,11
2019,340460,TRAN,6
2019,340486,AGNR,1
2019,340486,BMA,1
2019,340486,FINA,3
2019,340486,HLTH,5
2019,340486,HOSP,2
2019,340486,HUMA,4
2019,340486,INFO,2
2019,340486,STEM,8
2019,340486,TRAN,3
2019,340488,AGNR,7
2019,340488,ARCH,12
2019,340488,AAVC,1
2019,340488,BMA,2
2019,340488,HLTH,8
2019,340488,HOSP,13
2019,340488,INFO,3
2019,340488,TRAN,1
2019,340495,AGNR,4
2019,340495,ARCH,2
2019,340495,AAVC,12
2019,340495,BMA,9
2019,340495,FINA,1
2019,340495,HLTH,20
2019,340495,HOSP,15
2019,340495,HUMA,1
2019,340495,INFO,11
2019,340495,MANU,1
2019,340495,MRKT,2
2019,340495,STEM,11
2019,340495,TRAN,9
2019,340496,AGNR,1
2019,340496,ARCH,4
2019,340496,AAVC,6
2019,340496,BMA,2
2019,340496,FINA,1
2019,340496,HLTH,13
2019,340496,HOSP,11
2019,340496,HUMA,9
2019,340496,MANU,2
2019,340496,MRKT,1
2019,340496,STEM,9
2019,340496,TRAN,5
2019,340542,ARCH,2
2019,340542,AAVC,5
2019,340542,HLTH,20
2019,340542,HOSP,1
2019,340542,HUMA,1
2019,340542,INFO,2
2019,340542,LAW,7
2019,340542,STEM,7
2019,340542,TRAN,6
2019,340556,ARCH,23
2019,340556,AAVC,11
2019,340556,BMA,31
2019,340556,FINA,24
2019,340556,HLTH,26
2019,340556,HOSP,22
2019,340556,HUMA,4
2019,340556,INFO,12
2019,340556,MANU,3
2019,340556,MRKT,6
2019,340556,STEM,9
2019,340556,TRAN,14
2019,340568,BMA,1
2019,340568,HLTH,3
2019,340568,HOSP,1
2019,340568,HUMA,1
2019,350308,AGNR,23
2019,350308,ARCH,17
2019,350308,AAVC,7
2019,350308,BMA,19
2019,350308,HLTH,11
2019,350308,HOSP,31
2019,350308,INFO,21
2019,350308,LAW,1
2019,350308,MANU,5
2019,350308,MRKT,1
2019,350317,BMA,1
2019,350321,AGNR,33
2019,350321,ARCH,12
2019,350321,AAVC,18
2019,350321,BMA,11
2019,350321,HLTH,14
2019,350321,HOSP,17
2019,350321,INFO,16
2019,350321,MANU,4
2019,350321,MRKT,7
2019,350321,STEM,2
2019,350336,AGNR,21
2019,350336,ARCH,4
2019,350336,BMA,7
2019,350336,HLTH,11
2019,350336,HOSP,9
2019,350336,INFO,10
2019,350336,LAW,6
2019,350336,TRAN,19
2019,360310,AGNR,54
2019,360310,ARCH,37
2019,360310,BMA,27
2019,360310,FINA,1
2019,360310,HLTH,21
2019,360310,HOSP,52
2019,360310,INFO,14
2019,360310,MRKT,12
2019,360336,ARCH,38
2019,360336,AAVC,8
2019,360336,BMA,14
2019,360336,HLTH,9
2019,360336,HUMA,12
2019,360336,INFO,23
2019,360336,LAW,1
2019,360336,MRKT,1
2019,360336,STEM,1
2019,360360,AGNR,13
2019,360360,ARCH,18
2019,360360,AAVC,12
2019,360360,BMA,14
2019,360360,HLTH,35
2019,360360,HOSP,12
2019,360360,INFO,5
2019,360360,LAW,6
2019,360360,MRKT,1
2019,360360,STEM,13
2019,360372,AGNR,1
2019,360378,AGNR,1
2019,360378,ARCH,1
2019,360378,AAVC,12
2019,360378,BMA,23
2019,360378,HLTH,22
2019,360378,HOSP,5
2019,360378,INFO,13
2019,360378,LAW,5
2019,360378,MANU,23
2019,360378,MRKT,5
2019,360378,STEM,9
2019,360390,AGNR,22
2019,360390,ARCH,26
2019,360390,EDUC,2
2019,360390,HLTH,14
2019,360390,HOSP,24
2019,360390,TRAN,13
2019,360396,AGNR,29
2019,360396,ARCH,21
2019,360396,AAVC,1
2019,360396,BMA,25
2019,360396,FINA,1
2019,360396,HLTH,17
2019,360396,HOSP,15
2019,360396,HUMA,12
2019,360396,INFO,29
2019,360396,LAW,1
2019,360418,ARCH,8
2019,360418,AAVC,20
2019,360418,BMA,17
2019,360418,FINA,17
2019,360418,HLTH,43
2019,360418,INFO,43
2019,360418,LAW,26
2019,360418,STEM,3
2019,360428,AGNR,46
2019,360428,ARCH,26
2019,360428,AAVC,10
2019,360428,BMA,14
2019,360428,HLTH,15
2019,360428,HOSP,39
2019,360428,HUMA,4
2019,360428,INFO,7
2019,360428,LAW,14
2019,360428,MANU,3
2019,360428,MRKT,3
2019,360470,AGNR,21
2019,360470,ARCH,9
2019,360470,BMA,7
2019,360470,HLTH,20
2019,360470,HOSP,13
2019,360470,HUMA,15
2019,360470,INFO,1
2019,360470,LAW,1
2019,360470,MANU,3
2019,360470,STEM,10
2019,360470,TRAN,9
2019,360494,AGNR,13
2019,360494,ARCH,33
2019,360494,BMA,1
2019,360494,HLTH,7
2019,360494,HOSP,7
2019,360494,HUMA,15
2019,360494,INFO,16
2019,360494,MANU,1
2019,370312,AGNR,28
2019,370312,HLTH,17
2019,370312,HOSP,10
2019,370312,INFO,2
2019,370312,MANU,3
2019,370312,STEM,1
2019,380308,ARCH,5
2019,380308,FINA,1
2019,380308,HLTH,10
2019,380308,HOSP,5
2019,380308,HUMA,2
2019,380308,INFO,4
2019,380308,MANU,5
2019,380308,TRAN,3
2019,390314,HOSP,1
2019,390321,AGNR,1
2019,390321,HOSP,1
2019,390321,TRAN,1
2019,390322,AGNR,36
2019,390322,ARCH,5
2019,390322,AAVC,7
2019,390322,BMA,1
2019,390322,HOSP,7
2019,390322,HUMA,2
2019,390322,MANU,1
2019,390322,MRKT,2
2019,390322,STEM,31
2019,390323,BMA,1
2019,390324,AGNR,23
2019,390324,ARCH,11
2019,390324,AAVC,2
2019,390324,BMA,1
2019,390324,HOSP,3
2019,390324,INFO,9
2019,390324,MRKT,1
2019,390324,TRAN,11
2019,390352,AGNR,26
2019,390352,ARCH,9
2019,390352,BMA,11
2019,390352,HLTH,20
2019,390352,HOSP,1
2019,390352,MANU,1
2019,390352,MRKT,2
2019,390352,TRAN,7
2019,390700,AGNR,20
2019,390700,HLTH,5
2019,400308,AGNR,15
2019,400308,ARCH,6
2019,400308,AAVC,9
2019,400308,BMA,5
2019,400308,FINA,1
2019,400308,HLTH,39
2019,400308,HOSP,5
2019,400308,HUMA,2
2019,400308,INFO,1
2019,400308,MANU,14
2019,400308,MRKT,3
2019,400308,TRAN,5
2019,400315,MANU,1
2019,410319,ARCH,5
2019,410319,AAVC,8
2019,410319,BMA,14
2019,410319,HLTH,29
2019,410319,HOSP,7
2019,410319,HUMA,11
2019,410319,INFO,9
2019,410319,MANU,4
2019,410319,MRKT,9
2019,410319,STEM,12
2019,410319,TRAN,9
2019,410326,BMA,2
2019,410326,HOSP,3
2019,410326,INFO,2
2019,410326,MRKT,2
2019,410355,ARCH,1
2019,410355,AAVC,7
2019,410355,BMA,24
2019,410355,HLTH,34
2019,410355,HOSP,2
2019,410355,HUMA,21
2019,410355,INFO,13
2019,410355,MANU,1
2019,410355,MRKT,12
2019,410355,STEM,9
2019,410355,TRAN,6
2019,410358,AGNR,1
2019,410358,ARCH,14
2019,410358,AAVC,16
2019,410358,BMA,12
2019,410358,FINA,6
2019,410358,HLTH,20
2019,410358,HOSP,2
2019,410358,HUMA,28
2019,410358,INFO,10
2019,410358,MANU,11
2019,410358,MRKT,3
2019,410358,STEM,21
2019,410358,TRAN,4
2019,410390,HOSP,1
2019,410390,INFO,1
2019,410391,AAVC,1
2019,410394,ARCH,8
2019,410394,AAVC,7
2019,410394,BMA,3
2019,410394,HLTH,12
2019,410394,HUMA,10
2019,410394,INFO,3
2019,410394,MANU,3
2019,410394,MRKT,4
2019,410394,STEM,2
2019,410399,ARCH,1
2019,410399,LAW,1
2019,410401,ARCH,1
2019,410401,HUMA,1
2019,410401,INFO,1
2019,410401,MANU,1
2019,410401,STEM,1
2019,410401,TRAN,2
2019,410406,ARCH,7
2019,410406,AAVC,7
2019,410406,BMA,12
2019,410406,HOSP,16
2019,410406,HUMA,9
2019,410406,INFO,16
2019,410406,MANU,19
2019,410406,MRKT,8
2019,410406,STEM,3
2019,410407,HLTH,17
2019,410407,INFO,5
2019,410408,HLTH,1
2019,410483,BMA,18
2019,410483,INFO,7
2019,410483,MRKT,2
2019,410484,ARCH,21
2019,410484,AAVC,2
2019,410484,BMA,27
2019,410484,HLTH,26
2019,410484,HOSP,18
2019,410484,HUMA,12
2019,410484,INFO,18
2019,410484,MRKT,16
2019,410484,STEM,21
2019,410484,TRAN,9
2019,410489,BMA,1
2019,410489,FINA,2
2019,410489,HLTH,20
2019,410489,HUMA,5
2019,410489,INFO,3
2019,410489,LAW,4
2019,410489,STEM,6
2019,410490,ARCH,1
2019,410490,AAVC,3
2019,410490,BMA,12
2019,410490,HLTH,22
2019,410490,HUMA,9
2019,410490,INFO,7
2019,410490,MANU,1
2019,410490,MRKT,9
2019,410490,STEM,9
2019,410490,TRAN,2
2019,410508,AGNR,2
2019,410508,ARCH,13
2019,410508,AAVC,6
2019,410508,BMA,11
2019,410508,FINA,3
2019,410508,HLTH,7
2019,410508,HOSP,2
2019,410508,INFO,10
2019,410508,MRKT,3
2019,410508,STEM,9
2019,410508,TRAN,1
2019,410529,ARCH,1
2019,410529,AAVC,15
2019,410529,BMA,44
2019,410529,HLTH,25
2019,410529,HOSP,24
2019,410529,HUMA,16
2019,410529,INFO,63
2019,410529,LAW,1
2019,410529,STEM,19
2019,410529,TRAN,1
2019,410533,STEM,1
2019,410544,AGNR,1
2019,410544,AAVC,17
2019,410544,BMA,14
2019,410544,HLTH,1
2019,410544,HOSP,19
2019,410544,HUMA,33
2019,410544,INFO,18
2019,410544,MANU,1
2019,410544,MRKT,10
2019,410544,STEM,9
2019,410544,TRAN,4
2019,410545,ARCH,16
2019,410545,BMA,3
2019,410545,HLTH,31
2019,410545,INFO,1
2019,410545,MRKT,3
2019,410547,AGNR,40
2019,410547,ARCH,24
2019,410547,AAVC,16
2019,410547,BMA,11
2019,410547,HLTH,23
2019,410547,HOSP,10
2019,410547,HUMA,13
2019,410547,INFO,2
2019,410547,MANU,1
2019,410547,MRKT,2
2019,410547,STEM,27
2019,410547,TRAN,4
2019,410556,AGNR,22
2019,410556,ARCH,9
2019,410556,AAVC,7
2019,410556,BMA,3
2019,410556,HLTH,54
2019,410556,HOSP,4
2019,410556,HUMA,18
2019,410556,INFO,6
2019,410556,MRKT,1
2019,410556,STEM,9
2019,410556,TRAN,4
2019,410562,ARCH,18
2019,410562,AAVC,31
2019,410562,BMA,20
2019,410562,HLTH,22
2019,410562,HOSP,14
2019,410562,HUMA,10
2019,410562,INFO,14
2019,410562,MRKT,25
2019,410562,STEM,35
2019,410562,TRAN,1
2019,410569,STEM,43
2019,410579,BMA,1
2019,410579,HLTH,17
2019,410579,MRKT,1
2019,410589,ARCH,1
2019,410595,ARCH,2
2019,410595,AAVC,4
2019,410595,BMA,7
2019,410595,HLTH,27
2019,410595,HOSP,2
2019,410595,INFO,3
2019,410595,MRKT,5
2019,410595,STEM,10
2019,410595,TRAN,2
2019,420346,AGNR,10
2019,420346,BMA,16
2019,420346,HLTH,1
2019,420346,HUMA,13
2019,420346,INFO,6
2019,420346,MANU,3
2019,420346,TRAN,1
2019,420358,AGNR,16
2019,420358,ARCH,1
2019,420358,HUMA,12
2019,420358,INFO,12
2019,421316,AGNR,10
2019,421316,ARCH,25
2019,421316,BMA,4
2019,421316,HLTH,44
2019,421316,HOSP,47
2019,421316,INFO,1
2019,421316,LAW,19
2019,421316,MANU,3
2019,421316,MRKT,3
2019,421316,STEM,1
2019,421316,TRAN,2
2019,422310,BMA,2
2019,422310,LAW,1
2019,422315,AGNR,13
2019,422315,AAVC,1
2019,422315,BMA,12
2019,422315,HOSP,7
2019,422315,INFO,1
2019,422315,MANU,5
2019,422315,STEM,1
2019,430345,AGNR,1
2019,430346,AGNR,40
2019,430346,ARCH,30
2019,430346,AAVC,21
2019,430346,BMA,29
2019,430346,EDUC,2
2019,430346,HLTH,25
2019,430346,HOSP,9
2019,430346,HUMA,4
2019,430346,INFO,13
2019,430346,LAW,16
2019,430346,MANU,26
2019,430346,MRKT,5
2019,430346,TRAN,5
2019,430371,AGNR,51
2019,430371,ARCH,53
2019,430371,AAVC,29
2019,430371,BMA,10
2019,430371,FINA,3
2019,430371,HLTH,17
2019,430371,HOSP,33
2019,430371,INFO,29
2019,430371,LAW,4
2019,430371,MANU,7
2019,430371,MRKT,1
2019,430371,TRAN,14
2019,430378,AGNR,94
2019,430378,ARCH,47
2019,430378,BMA,13
2019,430378,HLTH,38
2019,430378,HOSP,33
2019,430378,HUMA,1
2019,430378,INFO,4
2019,430378,LAW,13
2019,430378,MANU,1
2019,430378,MRKT,3
2019,430378,TRAN,10
2019,430384,AGNR,41
2019,430384,ARCH,31
2019,430384,AAVC,2
2019,430384,BMA,9
2019,430384,HLTH,38
2019,430384,HOSP,17
2019,430384,HUMA,1
2019,430384,INFO,6
2019,430384,LAW,7
2019,430384,MANU,12
2019,430384,MRKT,1
2019,430384,TRAN,1
2019,440326,AGNR,7
2019,440326,ARCH,9
2019,440326,BMA,1
2019,440326,HLTH,1
2019,440326,HOSP,4
2019,440326,INFO,1
2019,440326,MANU,5
2019,440346,TRAN,1
2019,440378,AGNR,56
2019,440378,ARCH,9
2019,440378,AAVC,11
2019,440378,BMA,1
2019,440378,HLTH,19
2019,440378,HOSP,3
2019,440378,INFO,38
2019,440378,LAW,1
2019,440378,MANU,67
2019,440378,STEM,24
2019,440378,TRAN,21
2019,440390,AGNR,37
2019,440390,ARCH,59
2019,440390,AAVC,3
2019,440390,BMA,12
2019,440390,HLTH,44
2019,440390,INFO,25
2019,440390,LAW,2
2019,440390,MANU,21
2019,440390,STEM,9
2019,440390,TRAN,2
2019,450316,AGNR,20
2019,450316,ARCH,25
2019,450316,AAVC,9
2019,450316,BMA,9
2019,450316,HLTH,16
2019,450316,HOSP,24
2019,450316,INFO,2
2019,450316,LAW,3
2019,450316,MANU,1
2019,450316,MRKT,11
2019,450316,STEM,9
2019,450316,TRAN,3
2019,450334,AGNR,7
2019,450334,ARCH,5
2019,450334,AAVC,14
2019,450334,BMA,2
2019,450334,FINA,1
2019,450334,HLTH,13
2019,450334,HOSP,5
2019,450334,INFO,7
2019,450334,MANU,11
2019,450334,MRKT,1
2019,450341,AGNR,23
2019,450341,ARCH,4
2019,450341,AAVC,8
2019,450341,HLTH,18
2019,450341,HOSP,18
2019,450341,HUMA,1
2019,450341,INFO,12
2019,450341,LAW,3
2019,450341,STEM,1
2019,450341,TRAN,7
2019,450343,AGNR,7
2019,450343,ARCH,4
2019,450343,BMA,3
2019,450343,HOSP,10
2019,450343,HUMA,3
2019,450343,INFO,1
2019,450343,LAW,14
2019,450343,MANU,9
2019,450343,MRKT,1
2019,450343,STEM,2
2019,450343,TRAN,4
2019,450352,AGNR,38
2019,450352,ARCH,34
2019,450352,AAVC,4
2019,450352,BMA,11
2019,450352,FINA,4
2019,450352,HLTH,9
2019,450352,HOSP,44
2019,450352,HUMA,4
2019,450352,INFO,16
2019,450352,LAW,3
2019,450352,MANU,2
2019,450352,MRKT,1
2019,450352,STEM,6
2019,460320,AGNR,15
2019,460320,AAVC,9
2019,460320,BMA,8
2019,460320,HLTH,22
2019,460320,HOSP,20
2019,460320,INFO,30
2019,460320,LAW,11
2019,460320,MANU,2
2019,460320,MRKT,1
2019,460320,TRAN,6
2019,460322,BMA,9
2019,460322,HLTH,7
2019,460322,LAW,4
2019,460340,AAVC,4
2019,460340,BMA,2
2019,460340,HLTH,12
2019,460340,LAW,1
2019,460340,MRKT,1
2019,470312,AGNR,33
2019,470312,ARCH,8
2019,470312,BMA,9
2019,470312,EDUC,1
2019,470312,HLTH,48
2019,470312,HOSP,14
2019,470312,HUMA,22
2019,470312,INFO,12
2019,470312,LAW,17
2019,470312,MANU,12
2019,470312,MRKT,2
2019,470312,TRAN,7
2019,480316,MANU,1
2019,480318,AGNR,8
2019,480318,HLTH,1
2019,480318,HOSP,1
2019,480318,MANU,2
2019,480318,STEM,1
2019,490310,AGNR,4
2019,490310,ARCH,1
2019,490310,HLTH,2
2019,490310,HOSP,3
2019,490310,HUMA,2
2019,490310,LAW,2
2019,490310,MANU,2
2019,490320,INFO,2
2019,490335,AGNR,30
2019,490335,ARCH,9
2019,490335,AAVC,10
2019,490335,BMA,21
2019,490335,FINA,2
2019,490335,HLTH,27
2019,490335,HOSP,26
2019,490335,HUMA,4
2019,490335,INFO,23
2019,490335,LAW,9
2019,490335,MANU,4
2019,490335,MRKT,1
2019,490335,STEM,13
2019,490335,TRAN,7
2019,490346,AGNR,116
2019,490346,ARCH,6
2019,490346,AAVC,8
2019,490346,BMA,1
2019,490346,HLTH,29
2019,490346,HOSP,16
2019,490346,HUMA,7
2019,490346,INFO,11
2019,490346,LAW,4
2019,490346,MANU,6
2019,490346,STEM,4
2019,490350,AGNR,11
2019,490350,ARCH,2
2019,490350,BMA,1
2019,490350,HOSP,4
2019,490350,HUMA,1
2019,490350,INFO,2
2019,490350,TRAN,2
2019,490354,AGNR,40
2019,490354,ARCH,7
2019,490354,AAVC,4
2019,490354,BMA,13
2019,490354,FINA,1
2019,490354,HLTH,25
2019,490354,HOSP,26
2019,490354,HUMA,9
2019,490354,INFO,21
2019,490354,LAW,1
2019,490354,MRKT,3
2019,490354,STEM,2
2019,490354,TRAN,1
2019,490355,BMA,3
2019,490355,HUMA,1
2019,490362,AGNR,28
2019,490362,AAVC,8
2019,490362,BMA,16
2019,490362,FINA,2
2019,490362,HLTH,36
2019,490362,HOSP,26
2019,490362,HUMA,2
2019,490362,INFO,13
2019,490362,MANU,3
2019,490362,STEM,1
2019,490362,TRAN,17
2019,490380,AGNR,52
2019,490380,ARCH,8
2019,490380,AAVC,5
2019,490380,BMA,1
2019,490380,HLTH,27
2019,490380,HOSP,26
2019,490380,HUMA,2
2019,490380,INFO,11
2019,490380,MANU,4
2019,490380,STEM,7
2019,491312,AGNR,23
2019,491312,ARCH,22
2019,491312,BMA,8
2019,491312,FINA,1
2019,491312,HLTH,65
2019,491312,HOSP,20
2019,491312,HUMA,12
2019,491312,INFO,8
2019,491312,STEM,6
2019,491312,TRAN,22
2019,500302,AGNR,5
2019,500302,ARCH,2
2019,500302,INFO,1
2019,500323,BMA,1
2019,500324,AGNR,2
2019,500324,ARCH,4
2019,500324,HLTH,1
2019,500324,HOSP,1
2019,500324,TRAN,1
2019,500340,AGNR,5
2019,500340,ARCH,13
2019,500340,AAVC,13
2019,500340,BMA,1
2019,500340,EDUC,2
2019,500340,HLTH,20
2019,500340,HOSP,6
2019,500340,HUMA,10
2019,500340,INFO,9
2019,500340,LAW,2
2019,500340,MANU,1
2019,500340,MRKT,1
2019,500340,STEM,8
2019,500340,TRAN,1
2019,510324,AGNR,53
2019,510324,ARCH,37
2019,510324,AAVC,26
2019,510324,BMA,29
2019,510324,EDUC,12
2019,510324,HLTH,35
2019,510324,HOSP,5
2019,510324,INFO,32
2019,510324,LAW,2
2019,510324,MANU,9
2019,510324,MRKT,6
2019,510324,STEM,6
2019,510324,TRAN,3
2019,510325,AAVC,1
2019,510325,BMA,2
2019,510325,INFO,2
2019,510325,MRKT,1
2019,510325,STEM,2
2019,510327,AGNR,51
2019,510327,ARCH,3
2019,510327,AAVC,27
2019,510327,BMA,44
2019,510327,HLTH,55
2019,510327,HOSP,8
2019,510327,INFO,38
2019,510327,LAW,1
2019,510327,MANU,2
2019,510327,MRKT,30
2019,510327,STEM,24
2019,510333,AGNR,104
2019,510333,ARCH,19
2019,510333,AAVC,31
2019,510333,BMA,37
2019,510333,HLTH,73
2019,510333,HOSP,45
2019,510333,HUMA,3
2019,510333,INFO,25
2019,510333,LAW,6
2019,510333,MANU,7
2019,510333,MRKT,38
2019,510333,STEM,1
2019,510333,TRAN,28
2019,510367,BMA,3
2019,510367,LAW,1
2019,510367,STEM,1
2019,510368,AGNR,68
2019,510368,ARCH,1
2019,510368,BMA,8
2019,510368,HLTH,8
2019,510368,HOSP,2
2019,510368,HUMA,16
2019,510368,INFO,4
2019,510368,MANU,18
2019,510368,MRKT,8
2019,510368,TRAN,1
2019,510376,AGNR,61
2019,510376,BMA,6
2019,510376,HLTH,6
2019,510376,HOSP,26
2019,510376,HUMA,7
2019,510376,INFO,19
2019,510376,LAW,1
2019,510376,TRAN,16
2019,510399,AGNR,20
2019,510399,ARCH,7
2019,510399,AAVC,6
2019,510399,BMA,11
2019,510399,FINA,1
2019,510399,HLTH,7
2019,510399,HOSP,44
2019,510399,INFO,4
2019,510399,LAW,2
2019,510399,MANU,15
2019,510399,MRKT,1
2019,510399,STEM,12
2019,510399,TRAN,4
2019,510402,AGNR,64
2019,510402,ARCH,19
2019,510402,AAVC,5
2019,510402,BMA,3
2019,510402,FINA,1
2019,510402,HLTH,65
2019,510402,HOSP,5
2019,510402,HUMA,1
2019,510402,INFO,15
2019,510402,MANU,4
2019,510402,TRAN,1
2019,510406,AGNR,74
2019,510406,ARCH,42
2019,510406,AAVC,9
2019,510406,BMA,29
2019,510406,FINA,3
2019,510406,HLTH,47
2019,510406,HOSP,31
2019,510406,INFO,24
2019,510406,LAW,2
2019,510406,MRKT,12
2019,510406,TRAN,4
2019,520320,AGNR,22
2019,520320,ARCH,7
2019,520320,BMA,10
2019,520320,FINA,2
2019,520320,HLTH,11
2019,520320,HOSP,6
2019,520320,MANU,1
2019,520320,TRAN,6
2019,530306,AGNR,2
2019,530306,ARCH,1
2019,530306,HOSP,1
2019,530335,ARCH,1
2019,530335,AAVC,1
2019,530335,BMA,2
2019,530335,FINA,2
2019,530335,TRAN,1
2019,530336,AGNR,22
2019,530336,ARCH,23
2019,530336,AAVC,41
2019,530336,BMA,31
2019,530336,EDUC,2
2019,530336,FINA,22
2019,530336,HLTH,10
2019,530336,HOSP,38
2019,530336,HUMA,9
2019,530336,INFO,31
2019,530336,LAW,1
2019,530336,MANU,35
2019,530336,MRKT,6
2019,530336,STEM,11
2019,530336,TRAN,15
2019,530343,AGNR,7
2019,530343,ARCH,22
2019,530343,AAVC,10
2019,530343,BMA,17
2019,530343,EDUC,4
2019,530343,FINA,13
2019,530343,HLTH,24
2019,530343,HOSP,18
2019,530343,INFO,5
2019,530343,LAW,2
2019,530343,MANU,9
2019,530343,STEM,5
2019,540315,AGNR,40
2019,540315,ARCH,12
2019,540315,AAVC,3
2019,540315,BMA,7
2019,540315,HLTH,7
2019,540315,HOSP,33
2019,540315,HUMA,3
2019,540315,INFO,13
2019,540315,MANU,1
2019,540315,STEM,4
2019,540317,EDUC,1
2019,540324,AGNR,56
2019,540324,ARCH,13
2019,540324,AAVC,4
2019,540324,BMA,1
2019,540324,HLTH,36
2019,540324,HOSP,25
2019,540324,INFO,4
2019,540324,MANU,16
2019,540324,MRKT,2
2019,540324,STEM,18
2019,540324,TRAN,1
2019,540336,AGNR,56
2019,540336,ARCH,45
2019,540336,AAVC,18
2019,540336,BMA,4
2019,540336,HLTH,26
2019,540336,HOSP,18
2019,540336,INFO,5
2019,540336,LAW,1
2019,540336,MANU,6
2019,540336,STEM,16
2019,540336,TRAN,14
2019,550320,AGNR,20
2019,550320,ARCH,7
2019,550320,AAVC,14
2019,550320,BMA,7
2019,550320,HLTH,24
2019,550320,HOSP,17
2019,550320,HUMA,2
2019,550320,INFO,9
2019,550320,LAW,7
2019,550320,MANU,4
2019,550320,MRKT,2
2019,550320,STEM,2
2019,550332,AGNR,7
2019,550332,ARCH,9
2019,550332,AAVC,8
2019,550332,BMA,2
2019,550332,FINA,1
2019,550332,HLTH,31
2019,550332,HOSP,13
2019,550332,HUMA,1
2019,550332,INFO,4
2019,550332,LAW,4
2019,550332,MANU,6
2019,550332,MRKT,1
2019,550332,STEM,2
2019,550332,TRAN,2
2019,550344,AGNR,3
2019,550344,ARCH,7
2019,550344,AAVC,5
2019,550344,BMA,11
2019,550344,HLTH,26
2019,550344,HOSP,11
2019,550344,HUMA,2
2019,550344,INFO,10
2019,550344,LAW,9
2019,550344,MANU,1
2019,550344,MRKT,1
2019,550344,STEM,1
2019,550344,TRAN,3
2019,550368,AGNR,20
2019,550368,ARCH,13
2019,550368,AAVC,6
2019,550368,BMA,2
2019,550368,HLTH,27
2019,550368,HOSP,16
2019,550368,HUMA,1
2019,550368,INFO,5
2019,550368,MANU,6
2019,550368,STEM,1
2019,550368,TRAN,2
2019,560320,AGNR,46
2019,560320,ARCH,22
2019,560320,HLTH,15
2019,560320,HOSP,36
2019,560320,INFO,5
2019,560320,MANU,17
2019,560320,STEM,1
2019,560324,AGNR,2
2019,560324,ARCH,3
2019,560324,HLTH,2
2019,560324,HOSP,5
2019,560324,INFO,2
2019,560324,MANU,1
2019,560329,BMA,2
2019,560329,STEM,1
2019,560329,TRAN,1
2019,560332,ARCH,6
2019,560332,BMA,1
2019,560332,INFO,3
2019,560332,MANU,4
2019,560332,MRKT,1
2019,560350,AGNR,2
2019,560350,ARCH,2
2019,560350,HOSP,4
2019,570317,BMA,1
2019,570317,HUMA,2
2019,570317,LAW,6
2019,570317,MANU,1
2019,570317,STEM,2
2019,570318,AGNR,33
2019,570318,ARCH,22
2019,570318,HLTH,22
2019,570318,HOSP,12
2019,570318,HUMA,4
2019,570318,LAW,3
2019,570318,MANU,19
2019,570318,STEM,3
2019,580344,AGNR,32
2019,580344,ARCH,1
2019,580344,HLTH,8
2019,580344,HOSP,13
2019,580344,INFO,2
2019,580368,AGNR,46
2019,580368,HLTH,16
2019,580368,HOSP,21
2019,580368,MANU,1
2019,590326,HLTH,1
2019,590326,HOSP,2
2019,590328,AAVC,4
2019,590328,BMA,1
2019,590328,INFO,4
2019,590328,MANU,2
2019,590330,AGNR,12
2019,590330,ARCH,35
2019,590330,AAVC,35
2019,590330,EDUC,5
2019,590330,HLTH,24
2019,590330,HOSP,14
2019,590330,HUMA,18
2019,590330,INFO,17
2019,590330,LAW,22
2019,590330,MANU,43
2019,590330,MRKT,1
2019,590330,TRAN,10
2019,590393,HUMA,1
2019,590393,MANU,2
2019,600302,ARCH,23
2019,600302,AAVC,6
2019,600302,BMA,3
2019,600302,HLTH,7
2019,600302,HOSP,111
2019,600302,INFO,4
2019,600302,MRKT,3
2019,600302,STEM,13
2019,600312,ARCH,11
2019,600312,AAVC,8
2019,600312,BMA,9
2019,600312,FINA,3
2019,600312,HLTH,1
2019,600312,HOSP,55
2019,600312,INFO,17
2019,600312,MANU,5
2019,600312,MRKT,11
2019,600312,STEM,34
2019,600312,TRAN,1
2019,600334,ARCH,1
2019,600334,AAVC,1
2019,600334,BMA,1
2019,600334,HOSP,1
2019,600334,HUMA,1
2019,600334,INFO,1
2019,600334,STEM,3
2019,600341,BMA,11
2019,600341,FINA,1
2019,600361,ARCH,17
2019,600361,AAVC,42
2019,600361,BMA,42
2019,600361,FINA,12
2019,600361,HLTH,52
2019,600361,HOSP,25
2019,600361,INFO,12
2019,600361,LAW,1
2019,600361,MANU,24
2019,600361,MRKT,35
2019,600361,STEM,10
2019,600361,TRAN,2
2019,600364,LAW,3
2019,600377,ARCH,2
2019,600377,AAVC,3
2019,600377,BMA,12
2019,600377,HLTH,29
2019,600377,HOSP,37
2019,600377,INFO,15
2019,600377,MRKT,15
2019,600377,STEM,27
2019,600377,TRAN,5
2019,600386,HLTH,39
2019,600397,AGNR,1
2019,600397,AAVC,27
2019,600397,BMA,22
2019,600397,FINA,2
2019,600397,HLTH,10
2019,600397,HOSP,21
2019,600397,INFO,18
2019,600397,MANU,1
2019,600397,MRKT,8
2019,600397,STEM,3
2019,600404,ARCH,1
2019,600404,BMA,1
2019,600404,HOSP,1
2019,600404,INFO,2
2019,600404,LAW,1
2019,600404,STEM,5
2019,600405,AGNR,3
2019,600405,ARCH,1
2019,600405,AAVC,13
2019,600405,BMA,17
2019,600405,HOSP,17
2019,600405,INFO,17
2019,600405,MANU,3
2019,600405,MRKT,26
2019,600405,STEM,7
2019,600405,TRAN,7
2019,600415,AAVC,24
2019,600415,BMA,2
2019,600415,HLTH,22
2019,600415,HOSP,74
2019,600415,INFO,12
2019,600415,MRKT,30
2019,600415,STEM,55
2019,600415,TRAN,10
2019,600426,AGNR,2
2019,600426,ARCH,10
2019,600426,AAVC,3
2019,600426,BMA,5
2019,600426,HLTH,6
2019,600426,HOSP,28
2019,600426,INFO,18
2019,600426,MANU,2
2019,600426,MRKT,5
2019,600426,STEM,54
2019,600426,TRAN,1
2019,600439,ARCH,1
2019,600439,BMA,1
2019,600439,HOSP,1
2019,600443,ARCH,1
2019,600443,AAVC,1
2019,600443,INFO,1
2019,600443,MANU,1
2019,600443,STEM,2
2019,600445,ARCH,1
2019,600445,AAVC,20
2019,600445,BMA,8
2019,600445,HLTH,45
2019,600445,HOSP,55
2019,600445,INFO,2
2019,600445,MANU,11
2019,600445,MRKT,22
2019,600445,STEM,40
2019,600457,ARCH,18
2019,600457,AAVC,14
2019,600457,BMA,11
2019,600457,FINA,3
2019,600457,HOSP,45
2019,600457,INFO,23
2019,600457,MANU,13
2019,600457,MRKT,51
2019,600457,STEM,1
2019,600457,TRAN,3
2019,600461,AGNR,5
2019,600466,AGNR,6
2019,600466,ARCH,7
2019,600466,BMA,5
2019,600466,HLTH,2
2019,600466,HOSP,23
2019,600466,INFO,11
2019,600466,MRKT,6
2019,600466,STEM,7
2019,600466,TRAN,10
2019,600480,AGNR,2
2019,600480,AAVC,13
2019,600480,BMA,68
2019,600480,FINA,3
2019,600480,HOSP,47
2019,600480,HUMA,11
2019,600480,INFO,24
2019,600480,MANU,12
2019,600480,MRKT,69
2019,600480,TRAN,13
2019,600482,AAVC,11
2019,600482,MANU,9
2019,600482,MRKT,1
2019,600482,STEM,1
2019,600490,AGNR,1
2019,600490,ARCH,11
2019,600490,AAVC,21
2019,600490,BMA,54
2019,600490,FINA,17
2019,600490,HLTH,64
2019,600490,HOSP,18
2019,600490,INFO,48
2019,600490,MANU,9
2019,600490,MRKT,17
2019,600490,STEM,119
2019,600496,AAVC,19
2019,600496,BMA,1
2019,600496,HLTH,128
2019,600496,INFO,87
2019,600496,STEM,88
2019,600498,BMA,8
2019,600498,HLTH,1
2019,600498,HOSP,13
2019,600498,MRKT,8
2019,600499,ARCH,1
2019,600499,AAVC,1
2019,600499,BMA,3
2019,600499,INFO,1
2019,600499,MRKT,1
2019,600508,AGNR,4
2019,600508,ARCH,5
2019,600508,BMA,5
2019,600508,HLTH,3
2019,600508,HOSP,12
2019,600508,INFO,37
2019,600508,MRKT,3
2019,600508,STEM,16
2019,600508,TRAN,7
2019,600535,ARCH,9
2019,600535,AAVC,15
2019,600535,BMA,22
2019,600535,FINA,11
2019,600535,HLTH,11
2019,600535,HOSP,31
2019,600535,INFO,11
2019,600535,MANU,8
2019,600535,MRKT,10
2019,600535,STEM,13
2019,600535,TRAN,11
2019,600567,STEM,74
2019,600576,ARCH,2
2019,600576,AAVC,10
2019,600576,BMA,4
2019,600576,HLTH,26
2019,600576,HOSP,20
2019,600576,HUMA,7
2019,600576,INFO,3
2019,600576,MANU,9
2019,600576,MRKT,5
2019,600576,STEM,3
2019,600576,TRAN,1
2019,600579,AGNR,3
2019,600579,ARCH,3
2019,600579,AAVC,35
2019,600579,BMA,12
2019,600579,HOSP,45
2019,600579,HUMA,13
2019,600579,INFO,4
2019,600579,MRKT,12
2019,600579,STEM,6
2019,600579,TRAN,1
2019,600592,AGNR,1
2019,600592,AAVC,4
2019,600592,BMA,12
2019,600592,HLTH,2
2019,600592,HOSP,5
2019,600592,INFO,18
2019,600592,MRKT,19
2019,600592,STEM,31
2019,600592,TRAN,4
2019,600594,BMA,1
2019,600594,HLTH,2
2019,600594,INFO,1
2019,600594,MRKT,1
2019,600594,STEM,1
2019,610332,HLTH,1
2019,610334,AGNR,23
2019,610334,ARCH,9
2019,610334,BMA,18
2019,610334,FINA,6
2019,610334,HLTH,30
2019,610334,HOSP,12
2019,610334,HUMA,1
2019,610334,INFO,10
2019,610334,LAW,1
2019,610334,MANU,28
2019,610334,MRKT,3
2019,610334,STEM,11
2019,610334,TRAN,10
2019,620310,AGNR,1
2019,620310,HOSP,1
2019,620310,HUMA,1
2019,620310,STEM,1
2019,620310,TRAN,1
2019,620316,AGNR,17
2019,620316,ARCH,15
2019,620316,HLTH,18
2019,620316,HOSP,4
2019,620316,INFO,6
2019,620316,LAW,9
2019,620316,MANU,8
2019,620316,STEM,1
2019,620316,TRAN,15
2019,620340,AGNR,18
2019,620340,ARCH,2
2019,620340,FINA,1
2019,620340,HLTH,22
2019,620340,HOSP,4
2019,620340,HUMA,1
2019,620340,INFO,2
2019,620340,LAW,9
2019,620340,MANU,4
2019,620340,STEM,7
2019,620340,TRAN,5
2019,630330,AGNR,1
2019,630330,AAVC,2
2019,630330,HLTH,1
2019,630330,HOSP,2
2019,630330,MANU,1
2019,630330,TRAN,1
2019,630332,AGNR,37
2019,630332,BMA,3
2019,630332,HLTH,32
2019,630332,HOSP,8
2019,630332,TRAN,18
2019,630336,AGNR,43
2019,630336,ARCH,26
2019,630336,AAVC,7
2019,630336,BMA,8
2019,630336,EDUC,1
2019,630336,HLTH,35
2019,630336,HOSP,26
2019,630336,INFO,11
2019,630336,MANU,7
2019,630336,MRKT,5
2019,630336,STEM,3
2019,630336,TRAN,14
2019,630360,AGNR,41
2019,630360,ARCH,6
2019,630360,AAVC,14
2019,630360,BMA,12
2019,630360,HLTH,30
2019,630360,HOSP,32
2019,630360,INFO,11
2019,630360,MRKT,7
2019,630360,STEM,16
2019,630360,TRAN,12
2019,640340,ARCH,1
2019,640340,AAVC,1
2019,640340,HUMA,1
2019,640340,INFO,1
2019,640346,AGNR,16
2019,640346,ARCH,22
2019,640346,AAVC,5
2019,640346,BMA,2
2019,640346,HLTH,26
2019,640346,HOSP,28
2019,640346,HUMA,15
2019,640346,INFO,6
2019,640346,LAW,4
2019,640346,MANU,4
2019,640346,MRKT,1
2019,640346,TRAN,10
2019,640347,BMA,2
2019,640347,LAW,2
2019,640350,AGNR,29
2019,640350,ARCH,32
2019,640350,BMA,2
2019,640350,HLTH,19
2019,640350,HOSP,54
2019,640350,HUMA,8
2019,640350,INFO,11
2019,640350,LAW,1
2019,640350,MANU,6
2019,640350,STEM,3
2019,640350,TRAN,1
2019,640361,AGNR,9
2019,640361,ARCH,10
2019,640361,AAVC,16
2019,640361,BMA,20
2019,640361,EDUC,4
2019,640361,HLTH,4
2019,640361,HOSP,22
2019,640361,HUMA,24
2019,640361,INFO,16
2019,640361,LAW,16
2019,640361,MANU,3
2019,640361,MRKT,7
2019,640361,STEM,21
2019,640361,TRAN,5
2019,640364,AGNR,42
2019,640364,BMA,7
2019,640364,HLTH,27
2019,640364,HOSP,1
2019,640364,TRAN,15
2019,650326,AGNR,4
2019,650326,ARCH,20
2019,650326,AAVC,13
2019,650326,HLTH,29
2019,650326,HOSP,31
2019,650326,HUMA,7
2019,650326,INFO,27
2019,650326,STEM,16
2019,650327,AGNR,1
2019,650327,ARCH,6
2019,650327,AAVC,42
2019,650327,BMA,10
2019,650327,HLTH,26
2019,650327,HOSP,25
2019,650327,HUMA,6
2019,650327,INFO,33
2019,650327,MRKT,5
2019,650327,STEM,34
2019,650342,AGNR,12
2019,650342,ARCH,17
2019,650342,AAVC,11
2019,650342,BMA,11
2019,650342,HLTH,10
2019,650342,HOSP,34
2019,650342,HUMA,1
2019,650342,INFO,26
2019,650342,MANU,1
2019,650342,MRKT,5
2019,650342,STEM,13
2019,650352,AGNR,18
2019,650352,ARCH,9
2019,650352,AAVC,13
2019,650352,BMA,7
2019,650352,HLTH,2
2019,650352,HOSP,16
2019,650352,HUMA,9
2019,650352,INFO,5
2019,650352,MRKT,1
2019,650352,STEM,11
2019,650352,TRAN,3
2019,650354,HOSP,1
2019,650355,ARCH,1
2019,650355,FINA,1
2019,650355,STEM,2
2019,650394,ARCH,3
2019,650394,AAVC,10
2019,650394,BMA,10
2019,650394,EDUC,1
2019,650394,FINA,1
2019,650394,HUMA,5
2019,650394,INFO,2
2019,650394,STEM,1
2019,660336,AGNR,11
2019,660336,AAVC,1
2019,660336,BMA,2
2019,660336,HOSP,15
2019,660336,HUMA,3
2019,660336,INFO,5
2019,660336,MANU,7
2019,660336,STEM,2
2019,660400,ARCH,8
2019,660400,HLTH,1
2019,660400,MANU,1
2019,660400,TRAN,1
2019,670320,AGNR,36
2019,670320,ARCH,35
2019,670320,AAVC,4
2019,670320,BMA,4
2019,670320,HLTH,20
2019,670320,HOSP,13
2019,670320,INFO,18
2019,670324,AGNR,107
2019,670324,ARCH,51
2019,670324,AAVC,2
2019,670324,BMA,18
2019,670324,HLTH,58
2019,670324,HOSP,64
2019,670324,HUMA,1
2019,670324,INFO,14
2019,670324,MANU,1
2019,670324,MRKT,2
2019,670324,STEM,13
2019,670333,AGNR,25
2019,670333,AAVC,30
2019,670333,BMA,7
2019,670333,HLTH,46
2019,670333,HOSP,27
2019,670333,INFO,27
2019,670333,STEM,39
2019,670340,AGNR,90
2019,670340,ARCH,29
2019,670340,AAVC,11
2019,670340,BMA,13
2019,670340,HLTH,42
2019,670340,HOSP,36
2019,670340,INFO,23
2019,670340,STEM,16
2019,670344,AGNR,46
2019,670344,ARCH,24
2019,670344,BMA,4
2019,670344,HLTH,2
2019,670344,HOSP,32
2019,670344,INFO,12
2019,670344,LAW,18
2019,670344,TRAN,21
2019,670352,AGNR,43
2019,670352,ARCH,36
2019,670352,AAVC,44
2019,670352,BMA,14
2019,670352,HLTH,61
2019,670352,HOSP,53
2019,670352,HUMA,1
2019,670352,INFO,9
2019,670352,MANU,12
2019,670352,MRKT,4
2019,670352,STEM,23
2019,670364,AGNR,65
2019,670364,ARCH,29
2019,670364,AAVC,9
2019,670364,HOSP,43
2019,670364,INFO,15
2019,670364,STEM,20
2019,680310,AGNR,29
2019,680310,ARCH,23
2019,680310,AAVC,15
2019,680310,BMA,1
2019,680310,FINA,4
2019,680310,HLTH,16
2019,680310,HOSP,10
2019,680310,HUMA,1
2019,680310,INFO,5
2019,680310,MANU,11
2019,680310,MRKT,1
2019,680332,AGNR,89
2019,680332,ARCH,13
2019,680332,AAVC,9
2019,680332,BMA,2
2019,680332,HOSP,14
2019,680332,HUMA,3
2019,680332,INFO,15
2019,680332,LAW,4
2019,680332,MANU,1
2019,680332,MRKT,1
2019,680332,STEM,4
2019,680335,AGNR,1
2019,681305,ARCH,2
2019,681305,AAVC,10
2019,681305,INFO,8
2019,681305,MANU,1
2019,681305,MRKT,2
2019,681305,STEM,17
2019,681308,AGNR,5
2019,681308,ARCH,4
2019,681308,AAVC,7
2019,681308,HLTH,24
2019,681308,HOSP,6
2019,681308,INFO,16
2019,681308,LAW,4
2019,681308,MRKT,1
2019,681308,STEM,4
2019,681308,TRAN,3
2019,681314,AGNR,1
2019,681314,ARCH,1
2019,681314,AAVC,1
2019,681314,BMA,1
2019,681314,HLTH,30
2019,681314,HOSP,2
2019,681314,LAW,1
2019,681314,MRKT,2
2019,681314,STEM,31
2019,681338,BMA,1
2019,690320,AGNR,19
2019,690320,ARCH,16
2019,690320,HLTH,14
2019,690320,HOSP,6
2019,690320,HUMA,4
2019,690320,INFO,5
2019,690320,LAW,1
2019,690320,STEM,8
2019,700317,AGNR,48
2019,700317,BMA,16
2019,700317,HLTH,20
2019,700317,HOSP,1
2019,700317,MANU,2
2019,700317,MRKT,2
2019,700317,STEM,8
2019,700317,TRAN,4
2019,700319,AGNR,58
2019,700319,ARCH,18
2019,700319,BMA,18
2019,700319,FINA,4
2019,700319,HLTH,2
2019,700319,HOSP,13
2019,700319,INFO,1
2019,700319,LAW,19
2019,700319,MANU,1
2019,700319,MRKT,12
2019,700319,STEM,1
2019,710321,AGNR,79
2019,710321,ARCH,49
2019,710321,HLTH,9
2019,710321,HOSP,13
2019,710321,HUMA,1
2019,710321,STEM,3
2019,710326,AGNR,13
2019,710326,ARCH,45
2019,710326,BMA,9
2019,710326,HLTH,52
2019,710326,HOSP,1
2019,710326,MRKT,1
2019,710327,AAVC,1
2019,710327,BMA,1
2019,710327,EDUC,1
2019,710327,HLTH,1
2019,710327,HUMA,1
2019,710342,AGNR,19
2019,710342,ARCH,21
2019,710342,AAVC,9
2019,710342,BMA,10
2019,710342,HLTH,41
2019,710342,HOSP,63
2019,710342,HUMA,3
2019,710342,INFO,1
2019,710342,MANU,5
2019,710342,MRKT,11
2019,710342,STEM,21
2019,710342,TRAN,1
2019,720316,AGNR,10
2019,720316,ARCH,1
2019,720316,AAVC,9
2019,720316,BMA,9
2019,720316,HLTH,14
2019,720316,HOSP,1
2019,720316,INFO,15
2019,720316,LAW,7
2019,720316,MANU,2
2019,720316,TRAN,4
2019,730352,AGNR,68
2019,730352,ARCH,62
2019,730352,AAVC,12
2019,730352,BMA,11
2019,730352,EDUC,2
2019,730352,HLTH,35
2019,730352,HOSP,52
2019,730352,HUMA,7
2019,730352,INFO,6
2019,730352,LAW,7
2019,730352,MANU,9
2019,730352,MRKT,14
2019,730352,STEM,7
2019,730352,TRAN,6
2019,740309,AGNR,52
2019,740309,ARCH,9
2019,740309,BMA,7
2019,740309,HLTH,32
2019,740309,HOSP,25
2019,740309,INFO,8
2019,740309,MRKT,1
2019,740309,TRAN,13
2019,740333,AGNR,21
2019,740333,ARCH,55
2019,740333,AAVC,1
2019,740333,BMA,21
2019,740333,HLTH,77
2019,740333,HOSP,30
2019,740333,HUMA,3
2019,740333,INFO,51
2019,740333,LAW,8
2019,740333,MRKT,2
2019,740333,TRAN,18
2019,740344,AGNR,19
2019,740344,ARCH,13
2019,740344,AAVC,3
2019,740344,BMA,4
2019,740344,HLTH,31
2019,740344,HOSP,15
2019,740344,HUMA,4
2019,740344,INFO,7
2019,740344,MANU,11
2019,740344,MRKT,1
2019,740344,TRAN,8
2019,740366,AGNR,16
2019,740366,ARCH,30
2019,740366,AAVC,11
2019,740366,BMA,6
2019,740366,HLTH,23
2019,740366,HOSP,52
2019,740366,HUMA,10
2019,740366,INFO,10
2019,740366,MANU,8
2019,740366,MRKT,5
2019,740366,STEM,6
2019,740366,TRAN,6
2019,740374,AGNR,48
2019,740374,ARCH,30
2019,740374,BMA,6
2019,740374,HLTH,34
2019,740374,HOSP,33
2019,740374,HUMA,3
2019,740374,INFO,8
2019,740374,LAW,1
2019,740374,MANU,2
2019,740388,AGNR,21
2019,740388,ARCH,39
2019,740388,AAVC,27
2019,740388,BMA,6
2019,740388,HLTH,86
2019,740388,HOSP,95
2019,740388,HUMA,4
2019,740388,INFO,23
2019,740388,MANU,5
2019,740388,MRKT,2
2019,740388,TRAN,11
2019,740500,LAW,2
2019,750317,ARCH,1
2019,750318,AGNR,46
2019,750318,ARCH,28
2019,750318,HLTH,28
2019,750318,HOSP,16
2019,750318,INFO,3
2019,750318,LAW,8
2019,750318,MANU,2
2019,750318,STEM,3
2019,760318,AGNR,36
2019,760318,ARCH,18
2019,760318,AAVC,3
2019,760318,BMA,6
2019,760318,HLTH,13
2019,760318,HOSP,2
2019,760318,HUMA,5
2019,760318,INFO,9
2019,760318,MANU,3
2019,760318,STEM,1
2019,760339,AGNR,39
2019,760339,ARCH,44
2019,760339,BMA,30
2019,760339,HLTH,34
2019,760339,HOSP,9
2019,760339,HUMA,1
2019,760339,INFO,18
2019,760339,LAW,1
2019,760339,MANU,2
2019,760339,MRKT,1
2019,760348,AGNR,28
2019,760348,HLTH,29
2019,760348,HOSP,10
2019,760348,HUMA,25
2019,760348,INFO,8
2019,760348,LAW,1
2019,760348,MANU,29
2019,760348,MRKT,4
2019,760348,STEM,3
2019,760348,TRAN,27
2019,760354,AAVC,2
2019,760354,BMA,4
2019,760354,MANU,1
2019,760358,AGNR,38
2019,760358,ARCH,41
2019,760358,BMA,7
2019,760358,HLTH,35
2019,760358,HOSP,22
2019,760358,HUMA,10
2019,760358,INFO,9
2019,760358,LAW,4
2019,760358,MANU,2
2019,760358,TRAN,2
2019,760380,AGNR,52
2019,760380,ARCH,7
2019,760380,AAVC,1
2019,760380,BMA,10
2019,760380,EDUC,7
2019,760380,HLTH,22
2019,760380,HOSP,31
2019,760380,INFO,4
2019,760380,MRKT,3
2019,760388,AGNR,21
2019,760388,ARCH,12
2019,760388,BMA,8
2019,760388,HLTH,44
2019,760388,HOSP,18
2019,760388,HUMA,17
2019,760388,INFO,9
2019,760388,MANU,2
2019,760388,MRKT,4
2019,760388,TRAN,26
2019,761304,AGNR,18
2019,761304,ARCH,2
2019,761304,AAVC,21
2019,761304,BMA,6
2019,761304,FINA,2
2019,761304,HLTH,50
2019,761304,HOSP,23
2019,761304,HUMA,6
2019,761304,INFO,11
2019,761304,LAW,6
2019,761304,MANU,8
2019,761304,MRKT,7
2019,761304,STEM,21
2019,761304,TRAN,9
2019,770342,BMA,2
2019,770342,HOSP,1
2019,770342,TRAN,2
2019,770348,AGNR,16
2019,770348,ARCH,33
2019,770348,AAVC,10
2019,770348,BMA,32
2019,770348,FINA,13
2019,770348,HLTH,86
2019,770348,HOSP,76
2019,770348,INFO,38
2019,770348,LAW,19
2019,770348,MANU,15
2019,770348,MRKT,14
2019,770348,STEM,20
2019,770348,TRAN,20
2019,770349,BMA,5
2019,770349,EDUC,1
2019,770349,FINA,1
2019,770349,HLTH,1
2019,770349,HUMA,1
2019,770349,LAW,2
2019,770349,MANU,1
2019,770349,STEM,2
2019,780325,AGNR,21
2019,780325,ARCH,5
2019,780325,AAVC,1
2019,780325,BMA,52
2019,780325,FINA,14
2019,780325,HLTH,36
2019,780325,INFO,3
2019,780325,LAW,4
2019,780325,MANU,2
2019,780325,MRKT,5
2019,780342,AGNR,109
2019,780342,ARCH,3
2019,780342,AAVC,18
2019,780342,BMA,37
2019,780342,HLTH,88
2019,780342,HOSP,64
2019,780342,HUMA,1
2019,780342,INFO,43
2019,780342,LAW,9
2019,780342,MANU,14
2019,780342,STEM,2
2019,780342,TRAN,3
2019,780385,ARCH,1
2019,780385,AAVC,1
2019,780385,BMA,8
2019,780385,FINA,1
2019,780391,AGNR,17
2019,780391,ARCH,4
2019,780391,AAVC,1
2019,780391,BMA,20
2019,780391,HLTH,19
2019,780391,HOSP,6
2019,780391,HUMA,1
2019,780391,INFO,1
2019,780391,LAW,1
2019,780391,MRKT,10
2019,780391,TRAN,6
2019,780401,AGNR,124
2019,780401,ARCH,6
2019,780401,AAVC,5
2019,780401,HLTH,9
2019,780401,HOSP,30
2019,780401,INFO,4
2019,780401,MANU,4
2019,780401,STEM,1
2019,780401,TRAN,2
2019,780402,AGNR,23
2019,780402,BMA,14
2019,780402,HLTH,20
2019,780402,HOSP,14
2019,780402,LAW,1
2019,780402,MANU,2
2019,780402,MRKT,2
2019,780420,AGNR,72
2019,780420,ARCH,19
2019,780420,AAVC,2
2019,780420,BMA,3
2019,780420,FINA,10
2019,780420,HLTH,86
2019,780420,HOSP,10
2019,780420,INFO,10
2019,780420,LAW,3
2019,780420,MANU,9
2019,780420,STEM,2
2019,780420,TRAN,4
2019,790314,AGNR,21
2019,790314,ARCH,10
2019,790314,AAVC,5
2019,790314,HLTH,21
2019,790314,HOSP,20
2019,790314,INFO,6
2019,790314,MANU,2
2019,790314,MRKT,2
2019,790314,STEM,13
2019,790354,AGNR,23
2019,790354,ARCH,1
2019,790354,AAVC,6
2019,790354,BMA,2
2019,790354,HLTH,26
2019,790354,HOSP,25
2019,790354,HUMA,1
2019,790354,INFO,14
2019,790354,MANU,2
2019,790354,MRKT,1
2019,790354,STEM,7
2019,790354,TRAN,16
2019,790366,AGNR,11
2019,790366,AAVC,10
2019,790366,FINA,1
2019,790366,HLTH,7
2019,790366,HOSP,26
2019,790366,INFO,9
2019,790378,AGNR,20
2019,790378,ARCH,2
2019,790378,AAVC,10
2019,790378,BMA,2
2019,790378,FINA,1
2019,790378,HLTH,38
2019,790378,HOSP,9
2019,790378,INFO,10
2019,790378,LAW,31
2019,790378,MANU,7
2019,790378,STEM,2
2019,790378,TRAN,11
2019,800308,AGNR,3
2019,800308,ARCH,1
2019,800308,HOSP,2
2019,800340,AGNR,58
2019,800340,ARCH,30
2019,800340,AAVC,2
2019,800340,BMA,5
2019,800340,FINA,1
2019,800340,HLTH,14
2019,800340,HOSP,39
2019,800340,HUMA,2
2019,800340,INFO,8
2019,800340,LAW,2
2019,800340,MANU,1
2019,800340,STEM,1
2019,800361,AGNR,24
2019,800361,ARCH,22
2019,800361,HLTH,45
2019,800361,HOSP,13
2019,800361,HUMA,4
2019,800361,MANU,6
2019,800376,AGNR,5
2019,800376,AAVC,1
2019,800376,BMA,3
2019,800376,EDUC,4
2019,800376,HLTH,16
2019,800376,HOSP,18
2019,800376,INFO,3
2019,800376,MANU,1
2019,800376,MRKT,3
2019,800396,AGNR,5
2019,800396,ARCH,3
2019,800396,AAVC,1
2019,800396,BMA,1
2019,800396,HLTH,31
2019,800396,HOSP,12
2019,800396,INFO,3
2019,800396,MANU,6
2019,800396,STEM,13
2019,800400,AGNR,41
2019,800400,ARCH,32
2019,800400,AAVC,11
2019,800400,HLTH,30
2019,800400,HOSP,20
2019,800400,HUMA,5
2019,800400,INFO,4
2019,800400,LAW,1
2019,800400,MANU,2
2019,800408,AGNR,63
2019,800408,ARCH,12
2019,800408,AAVC,5
2019,800408,BMA,1
2019,800408,HLTH,7
2019,800408,HOSP,12
2019,800408,HUMA,1
2019,800408,INFO,3
2019,800408,MANU,12
2019,800408,TRAN,2
2019,810324,AGNR,56
2019,810324,ARCH,20
2019,810324,AAVC,3
2019,810324,BMA,7
2019,810324,HLTH,22
2019,810324,HOSP,21
2019,810324,HUMA,1
2019,810324,INFO,6
2019,810324,LAW,18
2019,810324,MANU,5
2019,810324,STEM,3
2019,810340,AGNR,46
2019,810340,ARCH,14
2019,810340,BMA,16
2019,810340,HLTH,20
2019,810340,HOSP,26
2019,810340,HUMA,8
2019,810340,INFO,17
2019,810340,LAW,4
2019,810340,MANU,1
2019,810340,STEM,2
2019,810340,TRAN,6
2019,810384,AGNR,35
2019,810384,ARCH,14
2019,810384,AAVC,1
2019,810384,BMA,10
2019,810384,HLTH,12
2019,810384,HOSP,15
2019,810384,HUMA,1
2019,810384,INFO,5
2019,810384,LAW,3
2019,810384,MANU,1
2019,810384,STEM,1
2019,810384,TRAN,8
2019,810386,AGNR,11
2019,810386,ARCH,4
2019,810386,AAVC,2
2019,810386,BMA,1
2019,810386,HOSP,8
2019,810386,LAW,1
2019,810386,MANU,1
2019,810386,STEM,1
2019,810386,TRAN,4
2019,820324,ARCH,3
2019,820324,INFO,1
2019,820324,LAW,2
2019,820324,MANU,2
2019,820348,AGNR,61
2019,820348,ARCH,1
2019,820348,BMA,12
2019,820348,HLTH,38
2019,820348,HOSP,17
2019,820348,HUMA,7
2019,820348,INFO,10
2019,820348,MRKT,1
2019,820348,STEM,2
2019,820349,AGNR,70
2019,820349,ARCH,17
2019,820349,BMA,23
2019,820349,HLTH,1
2019,820349,HOSP,21
2019,820349,HUMA,1
2019,820349,INFO,13
2019,820349,MRKT,2
2019,820352,AGNR,76
2019,820352,BMA,46
2019,820352,HOSP,47
2019,820352,HUMA,1
2019,820352,INFO,18
2019,820352,MANU,1
2019,820352,MRKT,25
2019,820352,STEM,26
2019,820352,TRAN,20
2019,820388,AGNR,71
2019,820388,AAVC,9
2019,820388,BMA,5
2019,820388,HOSP,20
2019,820388,HUMA,9
2019,820388,MRKT,4
2019,820388,STEM,5
2019,821308,AGNR,64
2019,821308,ARCH,2
2019,821308,AAVC,9
2019,821308,BMA,15
2019,821308,HLTH,27
2019,821308,HOSP,49
2019,821308,HUMA,3
2019,821308,INFO,4
2019,821308,LAW,1
2019,821308,MANU,1
2019,821308,MRKT,2
2019,821308,STEM,9
2019,830316,AGNR,1
2019,830316,ARCH,1
2019,830316,HOSP,1
2019,830316,MANU,2
2019,830316,STEM,1
2019,830343,AGNR,3
2019,830343,ARCH,28
2019,830343,AAVC,11
2019,830343,BMA,11
2019,830343,FINA,2
2019,830343,HLTH,46
2019,830343,HOSP,28
2019,830343,INFO,2
2019,830343,LAW,4
2019,830343,MANU,15
2019,830343,MRKT,4
2019,830343,STEM,19
2019,840302,AGNR,24
2019,840302,ARCH,1
2019,840302,AAVC,3
2019,840302,BMA,6
2019,840302,HLTH,18
2019,840302,HOSP,24
2019,840302,HUMA,3
2019,840302,INFO,3
2019,840302,LAW,1
2019,840302,MANU,20
2019,840332,AGNR,49
2019,840332,ARCH,34
2019,840332,AAVC,3
2019,840332,BMA,4
2019,840332,FINA,1
2019,840332,HLTH,22
2019,840332,HOSP,19
2019,840332,HUMA,2
2019,840332,INFO,1
2019,840332,MANU,14
2019,840332,STEM,2
2019,840356,AGNR,21
2019,840356,ARCH,32
2019,840356,AAVC,1
2019,840356,BMA,1
2019,840356,FINA,1
2019,840356,HLTH,11
2019,840356,HOSP,9
2019,840356,HUMA,3
2019,840356,MANU,9
2019,840361,AAVC,1
2019,840361,BMA,2
2019,840361,FINA,1
2019,840361,LAW,1
2019,840361,MANU,4
2019,840361,TRAN,1
2019,840368,AGNR,34
2019,840368,ARCH,48
2019,840368,AAVC,2
2019,840368,BMA,3
2019,840368,FINA,2
2019,840368,HLTH,14
2019,840368,HOSP,8
2019,840368,HUMA,7
2019,840368,INFO,7
2019,840368,MANU,28
2019,840368,STEM,3
2019,840368,TRAN,11
2019,840370,AGNR,1
2019,840370,ARCH,1
2019,850324,AGNR,3
2019,850324,ARCH,1
2019,850324,AAVC,1
2019,850324,BMA,1
2019,850324,HLTH,2
2019,850324,HOSP,1
2019,850324,MRKT,5
2019,850332,AGNR,15
2019,850332,ARCH,1
2019,850332,AAVC,7
2019,850332,BMA,4
2019,850332,FINA,1
2019,850332,HLTH,22
2019,850332,INFO,4
2019,850332,MANU,2
2019,850332,STEM,8
2019,850332,TRAN,13
2019,850352,AGNR,33
2019,850352,ARCH,5
2019,850352,HLTH,8
2019,850352,HOSP,10
2019,850352,TRAN,8
2019,850358,AGNR,32
2019,850358,ARCH,18
2019,850358,AAVC,8
2019,850358,BMA,1
2019,850358,HLTH,25
2019,850358,HOSP,21
2019,850358,INFO,2
2019,850358,MANU,1
2019,850358,MRKT,5
2019,850358,STEM,8
2019,850358,TRAN,5
2019,860316,AGNR,16
2019,860316,ARCH,11
2019,860316,AAVC,5
2019,860316,BMA,9
2019,860316,HLTH,18
2019,860316,HOSP,11
2019,860316,HUMA,1
2019,860316,INFO,7
2019,860316,MANU,1
2019,860316,MRKT,4
2019,860316,STEM,8
2019,860316,TRAN,3
2019,860336,AGNR,49
2019,860336,ARCH,29
2019,860336,AAVC,6
2019,860336,BMA,14
2019,860336,HLTH,25
2019,860336,HOSP,43
2019,860336,INFO,6
2019,860336,MANU,8
2019,860336,MRKT,14
2019,860336,STEM,25
2019,860336,TRAN,4
2019,860352,AGNR,39
2019,860352,ARCH,7
2019,860352,AAVC,6
2019,860352,BMA,5
2019,860352,HLTH,27
2019,860352,HOSP,27
2019,860352,HUMA,4
2019,860352,INFO,6
2019,860352,LAW,2
2019,860352,MANU,3
2019,860352,MRKT,2
2019,860352,STEM,4
2019,860352,TRAN,2
2019,860354,ARCH,1
2019,860354,BMA,5
2019,860354,HLTH,1
2019,860354,INFO,2
2019,860354,MANU,3
2019,860354,MRKT,5
2019,861308,AGNR,41
2019,861308,ARCH,11
2019,861308,AAVC,7
2019,861308,BMA,12
2019,861308,HLTH,6
2019,861308,HOSP,16
2019,861308,INFO,7
2019,861308,MRKT,7
2019,861308,STEM,8
2019,861308,TRAN,1
2019,862312,AGNR,1
2019,862312,ARCH,6
2019,862312,BMA,5
2019,862312,EDUC,1
2019,862312,HLTH,27
2019,862312,HOSP,2
2019,862312,MANU,13
2019,862312,MRKT,1
2019,862312,STEM,6
2019,870314,AGNR,22
2019,870314,ARCH,26
2019,870314,AAVC,1
2019,870314,BMA,1
2019,870314,HLTH,22
2019,870314,HOSP,13
2019,870314,MANU,9
2019,870314,MRKT,1
2019,870314,STEM,15
2019,870314,TRAN,2
2019,880308,AGNR,38
2019,880308,ARCH,19
2019,880308,AAVC,32
2019,880308,BMA,18
2019,880308,HLTH,13
2019,880308,HOSP,18
2019,880308,INFO,3
2019,880308,LAW,3
2019,880308,MANU,5
2019,880308,MRKT,8
2019,880308,STEM,11
2019,880308,TRAN,3
2019,880320,AGNR,3
2019,880320,ARCH,4
2019,880320,AAVC,2
2019,880320,BMA,6
2019,880320,HLTH,4
2019,880320,HOSP,10
2019,880320,MANU,3
2019,880320,MRKT,2
2019,880320,STEM,2
2019,880320,TRAN,5
2019,880328,AGNR,21
2019,880328,ARCH,7
2019,880328,BMA,5
2019,880328,HLTH,13
2019,880328,HOSP,11
2019,880328,INFO,8
2019,880328,MANU,10
2019,880328,MRKT,3
2019,880328,STEM,5
2019,880328,TRAN,2
2019,890304,AGNR,9
2019,890304,AAVC,3
2019,890304,BMA,1
2019,890304,HLTH,3
2019,890304,HOSP,2
2019,890304,INFO,7
2019,900311,AGNR,25
2019,900311,ARCH,15
2019,900311,AAVC,24
2019,900311,BMA,6
2019,900311,HLTH,14
2019,900311,HOSP,20
2019,900311,INFO,37
2019,900311,LAW,1
2019,900311,MANU,3
2019,900311,STEM,2
2019,900316,AGNR,20
2019,900316,ARCH,22
2019,900316,AAVC,4
2019,900316,HLTH,12
2019,900316,HOSP,7
2019,900316,HUMA,6
2019,900316,INFO,4
2019,900316,LAW,1
2019,900316,MANU,5
2019,900316,STEM,9
2019,900316,TRAN,3
2019,900336,AGNR,18
2019,900336,ARCH,24
2019,900336,BMA,1
2019,900336,HLTH,12
2019,900336,HOSP,2
2019,900336,HUMA,1
2019,900336,INFO,3
2019,900336,MANU,2
2019,900336,MRKT,2
2019,900336,TRAN,2
2019,900342,AGNR,38
2019,900342,ARCH,17
2019,900342,AAVC,12
2019,900342,BMA,34
2019,900342,FINA,1
2019,900342,HLTH,16
2019,900342,HOSP,48
2019,900342,HUMA,3
2019,900342,INFO,56
2019,900342,LAW,2
2019,900342,MRKT,17
2019,900342,STEM,6
2019,900342,TRAN,3
2019,900344,AGNR,29
2019,900344,ARCH,9
2019,900344,BMA,2
2019,900344,HLTH,15
2019,900344,HOSP,22
2019,900344,HUMA,1
2019,900344,INFO,12
2019,900344,STEM,14
2019,900348,AGNR,46
2019,900348,ARCH,13
2019,900348,AAVC,9
2019,900348,BMA,1
2019,900348,HLTH,22
2019,900348,HOSP,16
2019,900348,HUMA,2
2019,900348,INFO,29
2019,900348,LAW,18
2019,900348,STEM,1
2019,900348,TRAN,3
2019,900360,AGNR,26
2019,900360,ARCH,16
2019,900360,BMA,6
2019,900360,HLTH,23
2019,900360,HOSP,24
2019,900360,HUMA,2
2019,900360,INFO,18
2019,900360,LAW,1
2019,900360,MRKT,3
2019,900360,STEM,7
2019,900360,TRAN,16
2019,900365,AGNR,11
2019,900365,ARCH,4
2019,900365,AAVC,1
2019,900365,BMA,1
2019,900365,HLTH,2
2019,900365,HOSP,2
2019,900365,INFO,3
2019,900365,MANU,1
2019,900365,MRKT,2
2019,900365,TRAN,1
2019,900366,ARCH,1
2019,900366,AAVC,16
2019,900366,HLTH,52
2019,900366,INFO,65
2019,900366,MANU,2
2019,900366,STEM,35
2019,900366,TRAN,15
2019,900377,AGNR,16
2019,900377,BMA,1
2019,900377,FINA,5
2019,900377,HLTH,10
2019,900377,HOSP,19
2019,900377,INFO,16
2019,900377,MRKT,1
2019,900393,AGNR,2
2019,900393,AAVC,3
2019,900393,BMA,14
2019,900393,FINA,13
2019,900393,HLTH,12
2019,900393,HOSP,19
2019,900393,INFO,45
2019,900393,MANU,2
2019,900393,MRKT,14
2019,900393,TRAN,2
2019,910368,AGNR,1
2019,910368,ARCH,5
2019,910368,HLTH,3
2019,910368,INFO,1
2019,910368,TRAN,1
2019,910370,AGNR,33
2019,910370,ARCH,16
2019,910370,AAVC,6
2019,910370,HLTH,21
2019,910370,HOSP,20
2019,910370,HUMA,6
2019,910370,INFO,9
2019,910370,LAW,3
2019,910370,MRKT,1
2019,910370,TRAN,8
2019,920316,AGNR,22
2019,920316,ARCH,35
2019,920316,AAVC,2
2019,920316,BMA,24
2019,920316,FINA,1
2019,920316,HLTH,13
2019,920316,HOSP,19
2019,920316,INFO,98
2019,920316,MRKT,15
2019,920316,STEM,1
2019,920316,TRAN,5
2019,920317,AGNR,12
2019,920317,ARCH,3
2019,920317,AAVC,10
2019,920317,BMA,44
2019,920317,HLTH,41
2019,920317,HOSP,20
2019,920317,HUMA,1
2019,920317,INFO,36
2019,920317,MANU,6
2019,920317,MRKT,52
2019,920317,STEM,46
2019,920318,AGNR,15
2019,920318,ARCH,19
2019,920318,AAVC,17
2019,920318,BMA,16
2019,920318,FINA,1
2019,920318,HLTH,60
2019,920318,HOSP,22
2019,920318,HUMA,4
2019,920318,INFO,15
2019,920318,LAW,2
2019,920318,MANU,4
2019,920318,MRKT,5
2019,920318,STEM,26
2019,920324,AGNR,3
2019,920324,AAVC,2
2019,920324,HLTH,1
2019,920324,HOSP,2
2019,920324,INFO,1
2019,920324,TRAN,1
2019,920348,AGNR,8
2019,920348,ARCH,16
2019,920348,AAVC,30
2019,920348,BMA,5
2019,920348,HLTH,1
2019,920348,HOSP,53
2019,920348,HUMA,8
2019,920348,INFO,17
2019,920348,MANU,23
2019,920348,MRKT,6
2019,920348,TRAN,6
2019,920368,AGNR,35
2019,920368,ARCH,52
2019,920368,AAVC,27
2019,920368,BMA,24
2019,920368,FINA,5
2019,920368,HLTH,24
2019,920368,HOSP,49
2019,920368,HUMA,3
2019,920368,INFO,34
2019,920368,MANU,3
2019,920368,MRKT,13
2019,920368,STEM,9
2019,920386,BMA,1
2019,920411,AGNR,33
2019,920411,ARCH,7
2019,920411,AAVC,12
2019,920411,BMA,4
2019,920411,HLTH,41
2019,920411,HOSP,11
2019,920411,HUMA,1
2019,920411,MRKT,4
2019,920411,STEM,3
2019,920411,TRAN,9
2019,920412,AGNR,13
2019,920412,ARCH,7
2019,920412,AAVC,30
2019,920412,BMA,12
2019,920412,HLTH,65
2019,920412,HOSP,23
2019,920412,HUMA,7
2019,920412,INFO,1
2019,920412,MANU,1
2019,920412,MRKT,10
2019,920412,STEM,19
2019,920412,TRAN,9
2019,920428,AGNR,42
2019,920428,ARCH,8
2019,920428,AAVC,35
2019,920428,BMA,9
2019,920428,HLTH,13
2019,920428,HOSP,31
2019,920428,HUMA,4
2019,920428,INFO,17
2019,920428,LAW,5
2019,920428,MANU,10
2019,920428,MRKT,5
2019,920428,STEM,30
2019,920436,AGNR,15
2019,920436,ARCH,15
2019,920436,AAVC,30
2019,920436,BMA,1
2019,920436,HLTH,28
2019,920436,HOSP,14
2019,920436,HUMA,9
2019,920436,INFO,11
2019,920436,LAW,23
2019,920436,STEM,44
2019,920436,TRAN,18
2019,920441,AGNR,10
2019,920441,ARCH,5
2019,920441,AAVC,68
2019,920441,BMA,74
2019,920441,FINA,9
2019,920441,HLTH,19
2019,920441,HOSP,73
2019,920441,INFO,127
2019,920441,MANU,13
2019,920441,MRKT,17
2019,920445,AGNR,45
2019,920445,ARCH,22
2019,920445,AAVC,28
2019,920445,BMA,24
2019,920445,FINA,5
2019,920445,HLTH,25
2019,920445,HOSP,19
2019,920445,INFO,17
2019,920445,MANU,3
2019,920445,MRKT,12
2019,920445,STEM,26
2019,920455,AGNR,21
2019,920455,ARCH,36
2019,920455,AAVC,27
2019,920455,BMA,21
2019,920455,HLTH,8
2019,920455,HOSP,51
2019,920455,HUMA,2
2019,920455,INFO,1
2019,920455,MRKT,24
2019,920455,STEM,33
2019,920466,AGNR,23
2019,920466,ARCH,11
2019,920466,AAVC,29
2019,920466,BMA,14
2019,920466,FINA,5
2019,920466,HLTH,2
2019,920466,HOSP,11
2019,920466,HUMA,5
2019,920466,INFO,16
2019,920466,MANU,3
2019,920466,MRKT,3
2019,920466,STEM,6
2019,920473,AGNR,8
2019,920473,ARCH,26
2019,920473,AAVC,36
2019,920473,BMA,17
2019,920473,FINA,1
2019,920473,HLTH,3
2019,920473,HOSP,38
2019,920473,HUMA,8
2019,920473,INFO,11
2019,920473,MANU,8
2019,920473,MRKT,9
2019,920473,STEM,17
2019,920495,AGNR,12
2019,920495,ARCH,11
2019,920495,AAVC,60
2019,920495,BMA,17
2019,920495,HOSP,12
2019,920495,INFO,1
2019,920495,MRKT,4
2019,920495,STEM,50
2019,920500,AGNR,59
2019,920500,ARCH,13
2019,920500,AAVC,59
2019,920500,BMA,36
2019,920500,HLTH,3
2019,920500,HOSP,64
2019,920500,HUMA,15
2019,920500,INFO,23
2019,920500,MANU,4
2019,920500,MRKT,15
2019,920500,STEM,1
2019,920500,TRAN,6
2019,920518,AGNR,1
2019,920518,ARCH,1
2019,920518,BMA,1
2019,920518,EDUC,1
2019,920518,HOSP,1
2019,920518,HUMA,1
2019,920518,INFO,3
2019,920526,AGNR,16
2019,920526,ARCH,9
2019,920526,AAVC,64
2019,920526,BMA,98
2019,920526,EDUC,9
2019,920526,FINA,13
2019,920526,HOSP,52
2019,920526,INFO,106
2019,920526,MANU,8
2019,920526,MRKT,29
2019,920526,STEM,16
2019,920528,AGNR,2
2019,920528,HOSP,1
2019,920528,INFO,1
2019,920546,AGNR,38
2019,920546,ARCH,42
2019,920546,AAVC,52
2019,920546,BMA,18
2019,920546,FINA,4
2019,920546,HLTH,33
2019,920546,HOSP,24
2019,920546,INFO,7
2019,920546,MANU,7
2019,920546,MRKT,9
2019,920546,STEM,16
2019,920552,AGNR,10
2019,920552,ARCH,9
2019,920552,AAVC,15
2019,920552,BMA,54
2019,920552,FINA,50
2019,920552,HOSP,41
2019,920552,HUMA,12
2019,920552,INFO,6
2019,920552,MANU,6
2019,920552,MRKT,4
2019,920552,STEM,7
2019,920556,AGNR,1
2019,920556,AAVC,4
2019,920556,HOSP,2
2019,920556,STEM,2
2019,920556,TRAN,1
2019,920562,AGNR,2
2019,920562,ARCH,3
2019,920562,AAVC,13
2019,920562,BMA,12
2019,920562,FINA,2
2019,920562,HLTH,17
2019,920562,HOSP,12
2019,920562,HUMA,2
2019,920562,INFO,23
2019,920562,MANU,5
2019,920562,MRKT,6
2019,920562,STEM,26
2019,920581,ARCH,13
2019,920581,AAVC,1
2019,920581,BMA,14
2019,920581,HLTH,16
2019,920581,HUMA,11
2019,920581,MANU,9
2019,920581,MRKT,4
2019,920581,STEM,1
2019,920583,HLTH,3
2019,920586,BMA,17
2019,920586,MRKT,13
2019,920588,AGNR,33
2019,920588,ARCH,17
2019,920588,AAVC,7
2019,920588,BMA,6
2019,920588,FINA,1
2019,920588,HLTH,30
2019,920588,HOSP,19
2019,920588,HUMA,5
2019,920588,INFO,2
2019,920588,MRKT,2
2019,920588,STEM,21
2019,920588,TRAN,3
2019,920595,AGNR,34
2019,920595,ARCH,26
2019,920595,AAVC,28
2019,920595,BMA,27
2019,920595,HOSP,35
2019,920595,HUMA,5
2019,920595,INFO,8
2019,920595,MANU,4
2019,920595,MRKT,12
2019,920595,STEM,7
2019,930352,AGNR,4
2019,930352,ARCH,26
2019,930352,BMA,12
2019,930352,HLTH,24
2019,930352,HOSP,2
2019,930352,HUMA,5
2019,930352,INFO,8
2019,930352,LAW,3
2019,930352,MRKT,13
2019,930352,TRAN,11
2019,930360,BMA,1
2019,940316,AGNR,20
2019,940316,AAVC,9
2019,940316,BMA,3
2019,940316,HLTH,3
2019,940316,INFO,11
2019,940316,STEM,4
2019,950336,AGNR,12
2019,950336,ARCH,9
2019,950336,AAVC,9
2019,950336,BMA,1
2019,950336,HLTH,14
2019,950336,HOSP,23
2019,950336,HUMA,6
2019,950336,INFO,1
2019,950336,MANU,8
2019,950336,MRKT,4
2019,950336,STEM,8
2019,950336,TRAN,3
2019,950338,AGNR,6
2019,950338,ARCH,1
2019,950338,BMA,2
2019,950338,HLTH,5
2019,950338,HOSP,2
2019,950338,HUMA,20
2019,950338,INFO,1
2019,950338,MANU,11
2019,950338,MRKT,2
2019,950338,STEM,4
2019,950338,TRAN,6
2019,960324,AGNR,46
2019,960324,ARCH,8
2019,960324,AAVC,3
2019,960324,BMA,14
2019,960324,HLTH,15
2019,960324,HOSP,36
2019,960324,INFO,1
2019,960324,MANU,2
2019,960324,MRKT,9
2019,960324,STEM,8
2019,960324,TRAN,25
2019,960330,AGNR,30
2019,960330,ARCH,13
2019,960330,AAVC,7
2019,960330,BMA,8
2019,960330,FINA,3
2019,960330,HLTH,22
2019,960330,HOSP,41
2019,960330,INFO,1
2019,960330,MANU,4
2019,960330,MRKT,3
2019,960330,TRAN,17
2019,960335,AGNR,14
2019,960335,ARCH,2
2019,960335,AAVC,4
2019,960335,BMA,5
2019,960335,HLTH,11
2019,960335,HOSP,19
2019,960335,INFO,5
2019,960372,AGNR,34
2019,960372,ARCH,10
2019,960372,BMA,1
2019,960372,HLTH,15
2019,960372,HOSP,10
2019,960372,INFO,7
2019,960372,MRKT,2
2019,960372,STEM,1
2019,960372,TRAN,1
2019,960380,AGNR,51
2019,960380,ARCH,60
2019,960380,AAVC,1
2019,960380,BMA,1
2019,960380,HLTH,13
2019,960380,HOSP,23
2019,960380,INFO,3
2019,960380,LAW,5
2019,960380,MANU,1
2019,960380,TRAN,19
2019,960386,AGNR,56
2019,960386,AAVC,3
2019,960386,BMA,3
2019,960386,HLTH,21
2019,960386,HOSP,5
2019,960386,INFO,8
2019,960386,MANU,3
2019,960386,TRAN,1
2019,960488,ARCH,1
2019,960490,AAVC,1
2019,960490,INFO,1
2019,960490,STEM,1
2019,960700,ARCH,2
2019,960700,BMA,1
2019,960700,MANU,1
2019,960700,STEM,8
2019,960700,TRAN,1
2019,970320,AGNR,26
2019,970320,ARCH,2
2019,970320,AAVC,2
2019,970320,BMA,1
2019,970320,FINA,1
2019,970320,HLTH,28
2019,970320,HOSP,3
2019,970320,INFO,2
2019,970320,LAW,2
2019,970320,MANU,10
2019,970320,MRKT,1
2019,970320,STEM,5
2019,970320,TRAN,6
2019,970356,AGNR,30
2019,970356,ARCH,14
2019,970356,HLTH,21
2019,970356,HOSP,2
2019,970356,HUMA,1
2019,970356,INFO,7
2019,970356,MANU,15
2019,970356,STEM,6
2019,970356,TRAN,7
2019,970388,AGNR,29
2019,970388,ARCH,9
2019,970388,AAVC,8
2019,970388,BMA,6
2019,970388,HLTH,46
2019,970388,HOSP,8
2019,970388,HUMA,3
2019,970388,INFO,14
2019,970388,LAW,1
2019,970388,MANU,17
2019,970388,MRKT,2
2019,970388,STEM,8
2019,970388,TRAN,10
2019,970390,AGNR,17
2019,970390,ARCH,13
2019,970390,AAVC,9
2019,970390,BMA,16
2019,970390,HLTH,39
2019,970390,HOSP,8
2019,970390,HUMA,4
2019,970390,INFO,12
2019,970390,LAW,3
2019,970390,MANU,23
2019,970390,STEM,11
2019,970390,TRAN,7
2019,970393,AGNR,1
2019,970393,ARCH,1
2019,970393,AAVC,1
2019,970393,INFO,5
2019,970393,MANU,1
2019,970393,STEM,1
2019,980318,AGNR,17
2019,980318,ARCH,8
2019,980318,BMA,2
2019,980318,HLTH,21
2019,980318,HOSP,12
2019,980318,HUMA,6
2019,980318,INFO,4
2019,980318,LAW,7
2019,980318,TRAN,6
2019,980336,AGNR,49
2019,980336,ARCH,8
2019,980336,BMA,5
2019,980336,FINA,3
2019,980336,HLTH,44
2019,980336,HOSP,66
2019,980336,INFO,17
2019,980336,LAW,2
2019,980342,AGNR,40
2019,980342,ARCH,10
2019,980342,AAVC,24
2019,980342,BMA,29
2019,980342,FINA,1
2019,980342,HLTH,2
2019,980342,HOSP,27
2019,980342,HUMA,8
2019,980342,INFO,14
2019,980342,LAW,3
2019,980342,MANU,1
2019,980342,STEM,3
2019,990322,AGNR,33
2019,990322,ARCH,36
2019,990322,AAVC,2
2019,990322,BMA,4
2019,990322,HLTH,34
2019,990322,HOSP,20
2019,990322,INFO,26
2019,990322,MANU,14
2019,990322,MRKT,2
2019,990322,STEM,7
2019,990322,TRAN,7
2019,990326,AGNR,22
2019,990326,ARCH,21
2019,990326,AAVC,11
2019,990326,HLTH,17
2019,990326,HOSP,17
2019,990326,INFO,12
2019,990326,MANU,1
2019,990326,TRAN,11
2019,990332,ARCH,2
2019,990332,HUMA,1
2019,990332,MANU,2
2019,990332,TRAN,3
2019,995330,AGNR,28
2019,995330,ARCH,40
2019,995330,AAVC,1
2019,995330,BMA,8
2019,995330,HLTH,22
2019,995330,HOSP,4
2019,995330,HUMA,12
2019,995330,INFO,20
2019,995330,LAW,8
2019,995330,MANU,23
2019,995330,MRKT,1
2019,995330,STEM,7
2019,995330,TRAN,8
