year,agency_code,pct_eds,pct_eds_masking
2019,00A000,19.2,
2019,00B000,28.0,
2019,010303,43.8,
2019,010304,49.8,
2019,010308,46.8,
2019,010310,55.3,
2019,010311,,3.0
2019,010312,37.7,
2019,010320,40.8,
2019,010324,36.9,
2019,010326,60.5,
2019,010328,32.2,
2019,010340,47.1,
2019,010346,59.6,
2019,010347,55.9,
2019,010348,70.8,
2019,010350,85.1,
2019,010351,60.9,
2019,010353,53.5,
2019,010354,69.1,
2019,010357,55.9,
2019,010358,57.6,
2019,010360,76.2,
2019,010362,45.5,
2019,010364,63.2,
2019,010372,52.0,
2019,010374,53.1,
2019,010378,70.2,
2019,010380,46.4,
2019,010384,41.2,
2019,010388,34.5,
2019,010390,37.0,
2019,010392,62.3,
2019,010394,65.0,
2019,010396,52.4,
2019,010400,28.6,
2019,010403,39.4,
2019,010406,46.3,
2019,01B000,11.6,
2019,01C000,11.0,
2019,01D000,8.1,
2019,020302,38.3,
2019,020303,27.5,
2019,020304,30.9,
2019,020306,53.6,
2019,020308,41.8,
2019,020316,61.0,
2019,020320,60.3,
2019,020324,42.1,
2019,020328,42.2,
2019,020330,35.3,
2019,020332,44.3,
2019,030304,51.9,
2019,030308,66.5,
2019,030316,49.7,
2019,030320,69.9,
2019,040304,33.6,
2019,040305,64.5,
2019,040306,50.7,
2019,040308,42.1,
2019,040309,55.2,
2019,040311,79.3,
2019,040316,65.3,
2019,040324,76.3,
2019,040328,46.9,
2019,040330,71.9,
2019,050302,51.5,
2019,050303,36.7,
2019,050305,55.4,
2019,050310,60.1,
2019,050330,63.4,
2019,050335,60.5,
2019,060302,46.9,
2019,060304,52.5,
2019,060310,53.2,
2019,060316,58.5,
2019,060318,55.7,
2019,060322,65.4,
2019,060328,73.0,
2019,060332,51.6,
2019,060334,68.4,
2019,060700,27.1,
2019,060701,60.0,
2019,06A000,50.0,
2019,06B000,74.1,
2019,070302,70.1,
2019,070308,27.7,
2019,070310,79.5,
2019,070311,53.1,
2019,070325,65.1,
2019,070326,66.6,
2019,070327,63.2,
2019,070328,65.2,
2019,070329,56.6,
2019,070330,42.1,
2019,070338,60.8,
2019,070339,58.0,
2019,070340,84.4,
2019,070342,50.2,
2019,07A000,10.0,
2019,080311,31.4,
2019,080312,56.7,
2019,080314,58.2,
2019,080348,63.9,
2019,080356,68.9,
2019,080360,66.3,
2019,080362,65.6,
2019,08A000,72.4,
2019,090315,74.4,
2019,090317,83.9,
2019,090318,83.5,
2019,090320,71.2,
2019,090324,85.2,
2019,090328,81.8,
2019,090330,70.7,
2019,090332,75.5,
2019,090333,83.2,
2019,090352,77.9,
2019,090365,83.9,
2019,090368,71.7,
2019,090376,74.5,
2019,09A000,72.3,
2019,09B000,40.0,
2019,100302,55.6,
2019,100304,71.9,
2019,100307,46.8,
2019,100308,83.0,
2019,100309,75.5,
2019,100310,73.3,
2019,100316,69.4,
2019,100320,81.8,
2019,100326,62.9,
2019,100332,66.1,
2019,100334,51.6,
2019,100335,61.9,
2019,100336,55.5,
2019,100338,84.7,
2019,100339,64.6,
2019,100340,59.6,
2019,100342,75.5,
2019,100344,73.3,
2019,100348,57.3,
2019,10A000,34.6,
2019,10B000,16.5,
2019,110303,83.1,
2019,110304,37.2,
2019,110306,59.2,
2019,110308,61.8,
2019,110318,54.9,
2019,110320,49.9,
2019,110322,39.6,
2019,110323,44.7,
2019,110324,44.2,
2019,110326,32.2,
2019,110332,53.0,
2019,110336,43.2,
2019,110338,54.9,
2019,110340,58.2,
2019,110342,68.4,
2019,110348,45.7,
2019,110352,45.6,
2019,110356,44.0,
2019,110366,32.4,
2019,110368,44.4,
2019,110370,41.1,
2019,110372,56.3,
2019,110376,69.4,
2019,110379,48.6,
2019,110380,37.9,
2019,110381,46.6,
2019,110382,47.8,
2019,110384,48.2,
2019,110388,57.3,
2019,110401,60.1,
2019,110408,71.8,
2019,110410,63.9,
2019,110412,59.7,
2019,110416,33.7,
2019,110420,45.2,
2019,110422,44.5,
2019,110425,59.9,
2019,110428,41.5,
2019,110432,42.3,
2019,110436,58.9,
2019,110444,45.5,
2019,110450,50.1,
2019,110451,73.6,
2019,110500,22.0,
2019,111302,25.2,
2019,111304,55.1,
2019,111306,36.4,
2019,111307,53.0,
2019,111312,36.2,
2019,111332,39.4,
2019,111356,39.8,
2019,111360,44.2,
2019,111369,43.8,
2019,111700,23.9,
2019,11A000,11.8,
2019,11B000,13.8,
2019,11C000,12.8,
2019,11D000,13.4,
2019,11K000,15.5,
2019,120308,80.5,
2019,120310,28.1,
2019,120312,65.6,
2019,120314,45.9,
2019,120315,58.1,
2019,120316,79.5,
2019,120318,51.8,
2019,120320,65.4,
2019,120324,68.7,
2019,120334,50.4,
2019,120338,64.5,
2019,120340,91.9,
2019,120344,66.3,
2019,120346,42.0,
2019,120350,48.9,
2019,120352,51.9,
2019,120354,82.6,
2019,120360,60.4,
2019,120364,54.3,
2019,120368,70.3,
2019,120370,42.1,
2019,120374,52.2,
2019,120376,58.2,
2019,120380,60.0,
2019,120386,64.5,
2019,120390,81.5,
2019,12A000,20.0,
2019,130304,58.1,
2019,130307,10.3,
2019,130308,43.4,
2019,130309,31.2,
2019,130310,43.7,
2019,130311,47.1,
2019,130312,9.5,
2019,130313,50.5,
2019,130314,51.3,
2019,130315,35.1,
2019,130316,46.6,
2019,130317,55.0,
2019,130318,50.7,
2019,130319,6.1,
2019,130320,13.7,
2019,130321,53.3,
2019,130322,37.4,
2019,130323,34.0,
2019,130324,28.3,
2019,130325,40.3,
2019,130326,38.9,
2019,130327,52.5,
2019,130328,48.6,
2019,130329,65.2,
2019,130330,39.2,
2019,130331,31.5,
2019,130332,16.0,
2019,130333,39.6,
2019,130336,11.6,
2019,130337,12.2,
2019,130338,53.4,
2019,130340,43.6,
2019,130342,49.9,
2019,130344,54.5,
2019,130345,24.1,
2019,130346,18.9,
2019,130349,41.1,
2019,130350,36.6,
2019,130355,49.0,
2019,132304,32.6,
2019,132308,41.7,
2019,132312,45.7,
2019,132314,30.6,
2019,132328,40.8,
2019,132330,39.7,
2019,132332,49.2,
2019,132336,43.5,
2019,13A000,14.9,
2019,13B000,36.1,
2019,13C000,57.1,
2019,13D000,50.1,
2019,140304,60.2,
2019,140305,43.1,
2019,140306,63.9,
2019,140307,60.5,
2019,140308,62.2,
2019,140309,32.2,
2019,140312,77.2,
2019,140316,61.9,
2019,140324,48.2,
2019,140332,77.3,
2019,140336,42.3,
2019,140340,45.5,
2019,140344,61.8,
2019,140348,47.6,
2019,140352,61.9,
2019,140356,53.6,
2019,140360,64.7,
2019,140368,57.5,
2019,140372,43.9,
2019,140376,67.5,
2019,140384,58.2,
2019,140386,42.3,
2019,140388,67.5,
2019,140390,67.8,
2019,140392,68.3,
2019,140396,50.8,
2019,150304,20.9,
2019,150308,23.7,
2019,150310,21.3,
2019,150312,25.4,
2019,150350,15.2,
2019,160304,78.6,
2019,160306,60.6,
2019,160308,71.3,
2019,160309,87.5,
2019,160310,67.0,
2019,160311,41.4,
2019,160313,59.8,
2019,160314,33.1,
2019,160316,67.7,
2019,160317,58.3,
2019,160318,52.1,
2019,160322,59.6,
2019,160324,72.7,
2019,160326,64.5,
2019,160332,71.1,
2019,160343,64.6,
2019,160344,49.6,
2019,160352,39.2,
2019,16B000,27.4,
2019,170316,55.1,
2019,170334,57.4,
2019,170338,66.0,
2019,170339,63.9,
2019,170342,50.7,
2019,170344,48.2,
2019,180302,50.1,
2019,180304,49.7,
2019,180308,30.4,
2019,180312,59.7,
2019,180316,50.4,
2019,180320,50.0,
2019,180323,61.5,
2019,180324,66.1,
2019,180325,37.0,
2019,180326,47.6,
2019,180332,66.7,
2019,180336,42.3,
2019,180340,35.8,
2019,180342,41.8,
2019,180343,64.2,
2019,180344,59.1,
2019,180346,44.4,
2019,180348,37.6,
2019,180352,36.5,
2019,180356,38.9,
2019,180360,64.9,
2019,180364,57.8,
2019,180368,26.1,
2019,180372,46.5,
2019,180376,46.3,
2019,180379,50.1,
2019,180380,46.3,
2019,180388,77.5,
2019,181312,53.8,
2019,181316,74.0,
2019,181318,53.7,
2019,181322,47.6,
2019,181326,47.5,
2019,181332,54.6,
2019,181336,51.5,
2019,181342,61.5,
2019,181344,67.2,
2019,182304,63.5,
2019,182316,53.7,
2019,182321,59.2,
2019,182322,53.5,
2019,182324,73.0,
2019,182328,73.6,
2019,182700,18.6,
2019,190304,40.7,
2019,190308,59.1,
2019,190310,78.3,
2019,190312,87.2,
2019,190316,37.3,
2019,190328,41.1,
2019,190332,54.3,
2019,190336,74.3,
2019,190339,20.1,
2019,190340,47.8,
2019,190341,34.5,
2019,190342,26.5,
2019,190346,18.3,
2019,190348,37.9,
2019,190350,85.3,
2019,190352,39.3,
2019,190370,91.7,
2019,190501,15.0,
2019,19A000,14.9,
2019,19B000,5.0,2.0
2019,19C000,5.0,2.0
2019,200304,42.9,
2019,200308,60.8,
2019,200310,66.8,
2019,200312,26.1,
2019,200314,48.2,
2019,200320,29.1,
2019,200322,49.3,
2019,200324,35.9,
2019,200328,47.6,
2019,200330,47.7,
2019,200332,38.3,
2019,200336,49.2,
2019,200350,38.5,
2019,20A000,39.0,
2019,210304,65.9,
2019,210306,66.6,
2019,210312,52.5,
2019,210316,68.5,
2019,220308,64.2,
2019,220310,42.3,
2019,220312,55.3,
2019,230304,45.4,
2019,230308,55.8,
2019,230312,49.3,
2019,230316,59.4,
2019,230320,51.7,
2019,230322,46.7,
2019,230324,44.9,
2019,230328,54.2,
2019,230330,71.2,
2019,230334,66.8,
2019,230336,58.4,
2019,230340,48.0,
2019,230342,78.3,
2019,230344,52.2,
2019,230346,74.6,
2019,230348,53.5,
2019,230350,43.4,
2019,230351,59.9,
2019,230352,54.9,
2019,230355,65.2,
2019,230357,65.5,
2019,230359,41.4,
2019,230361,59.4,
2019,230362,47.1,
2019,230364,55.8,
2019,230368,64.7,
2019,230370,52.6,
2019,230376,66.0,
2019,230380,50.0,
2019,23A000,20.6,
2019,240304,79.5,
2019,240308,82.1,
2019,240328,71.3,
2019,240332,91.3,
2019,240334,73.5,
2019,240344,85.8,
2019,240352,69.6,
2019,240354,79.8,
2019,240356,73.9,
2019,240368,65.8,
2019,240370,69.1,
2019,240371,63.4,
2019,240372,75.3,
2019,240373,65.2,
2019,240376,78.4,
2019,240380,73.9,
2019,240388,69.5,
2019,241304,76.8,
2019,241308,84.6,
2019,241312,95.0,1.0
2019,241316,70.3,
2019,241320,86.9,
2019,24B000,69.1,
2019,24N000,69.7,
2019,250304,57.7,
2019,250306,54.1,
2019,250308,69.6,
2019,250312,54.0,
2019,250314,45.8,
2019,250316,25.4,
2019,250320,79.6,
2019,250321,30.6,
2019,250324,45.1,
2019,250328,67.4,
2019,250332,67.1,
2019,250336,66.3,
2019,250340,50.6,
2019,250344,67.5,
2019,250348,87.6,
2019,250350,74.4,
2019,250356,51.1,
2019,250360,80.6,
2019,250362,58.2,
2019,250364,74.9,
2019,250368,47.4,
2019,250372,64.7,
2019,250376,72.9,
2019,250378,38.9,
2019,250380,53.8,
2019,260302,43.9,
2019,260306,49.5,
2019,260308,59.0,
2019,260310,65.5,
2019,260312,56.0,
2019,260316,75.3,
2019,260318,35.9,
2019,260320,77.7,
2019,260321,75.6,
2019,260322,71.4,
2019,260325,50.6,
2019,260326,79.4,
2019,260332,39.9,
2019,260336,63.1,
2019,260338,75.2,
2019,260340,67.9,
2019,260342,54.2,
2019,260344,67.6,
2019,260347,53.1,
2019,260348,62.8,
2019,260352,78.7,
2019,260354,61.4,
2019,260356,50.7,
2019,260357,45.0,
2019,260358,82.9,
2019,260359,64.9,
2019,260361,90.0,
2019,260362,50.7,
2019,260363,60.4,
2019,260364,55.8,
2019,260365,57.8,
2019,260366,48.0,
2019,260367,62.0,
2019,260368,55.1,
2019,260369,38.3,
2019,260370,56.9,
2019,260371,71.3,
2019,260372,74.4,
2019,260373,55.9,
2019,260374,69.7,
2019,260375,50.9,
2019,260380,47.8,
2019,260382,75.8,
2019,260383,57.3,
2019,260386,81.5,
2019,260388,34.6,
2019,260396,72.1,
2019,260397,45.4,
2019,260398,54.7,
2019,260400,71.5,
2019,260401,66.8,
2019,260402,73.2,
2019,260403,51.6,
2019,260404,72.0,
2019,260405,91.4,
2019,260406,52.0,
2019,260407,50.0,
2019,260408,59.5,
2019,260410,64.0,
2019,260411,63.5,
2019,260412,47.5,
2019,260413,78.5,
2019,260414,68.8,
2019,260415,53.7,
2019,260416,68.0,
2019,260417,54.9,
2019,260418,49.8,
2019,260419,77.3,
2019,260424,71.7,
2019,260425,60.3,
2019,260426,74.1,
2019,260427,64.9,
2019,260428,72.7,
2019,260430,46.0,
2019,260432,49.7,
2019,260434,30.6,
2019,260440,73.1,
2019,260444,90.2,
2019,260446,55.3,
2019,260448,45.2,
2019,260449,70.4,
2019,260450,77.8,
2019,260452,80.8,
2019,260454,72.6,
2019,260455,66.9,
2019,260459,69.1,
2019,260700,51.0,
2019,26B000,49.3,
2019,26C000,59.1,
2019,270304,45.4,
2019,270306,24.3,
2019,270308,36.3,
2019,270309,49.1,
2019,270310,33.8,
2019,270311,18.5,
2019,270312,34.6,
2019,270316,17.8,
2019,270318,26.5,
2019,270320,47.8,
2019,27A000,5.0,2.0
2019,280302,65.7,
2019,280304,49.4,
2019,280306,37.5,
2019,280308,18.1,
2019,280310,42.2,
2019,280312,52.4,
2019,280316,34.1,
2019,280320,47.3,
2019,280324,42.5,
2019,280328,29.2,
2019,280330,21.0,
2019,290302,63.4,
2019,290306,29.0,
2019,290307,63.6,
2019,290308,36.7,
2019,290309,55.3,
2019,290310,63.8,
2019,290312,61.3,
2019,290314,70.5,
2019,290315,23.8,
2019,290316,42.7,
2019,290320,56.3,
2019,290322,52.0,
2019,290324,35.7,
2019,290328,48.3,
2019,290330,26.9,
2019,290332,64.4,
2019,290333,32.3,
2019,290334,37.3,
2019,290336,33.1,
2019,290344,35.9,
2019,290348,25.2,
2019,290349,27.2,
2019,290350,37.1,
2019,290351,29.5,
2019,290352,53.8,
2019,290356,54.7,
2019,290364,71.5,
2019,290365,46.9,
2019,290366,65.5,
2019,290367,57.7,
2019,290375,53.8,
2019,290376,55.1,
2019,290380,32.3,
2019,290384,50.7,
2019,290388,40.1,
2019,290389,40.6,
2019,291308,65.5,
2019,291332,60.9,
2019,291336,50.3,
2019,291340,64.6,
2019,291348,68.3,
2019,291350,38.9,
2019,291352,57.3,
2019,292316,60.2,
2019,292318,63.6,
2019,292320,56.7,
2019,292324,45.0,
2019,295300,78.0,
2019,298202,54.2,
2019,298203,5.0,2.0
2019,298204,5.0,2.0
2019,29A000,22.7,
2019,300306,78.3,
2019,300308,75.6,
2019,300310,49.9,
2019,300312,37.1,
2019,300314,43.9,
2019,300320,60.8,
2019,300325,37.6,
2019,300326,35.4,
2019,300328,19.1,
2019,300330,65.1,
2019,300336,56.0,
2019,300337,30.5,
2019,310304,69.5,
2019,310308,59.8,
2019,310330,60.5,
2019,310336,85.0,
2019,310338,67.8,
2019,310344,56.6,
2019,310352,74.0,
2019,310356,68.6,
2019,310360,64.8,
2019,310364,54.4,
2019,310384,78.9,
2019,310388,74.7,
2019,310392,70.3,
2019,320304,56.3,
2019,320306,74.2,
2019,320308,58.8,
2019,320309,53.6,
2019,320310,69.5,
2019,320312,39.3,
2019,320313,29.1,
2019,320314,51.4,
2019,320315,65.4,
2019,320316,68.9,
2019,320317,56.3,
2019,320318,57.4,
2019,320319,43.4,
2019,320320,58.3,
2019,320322,77.4,
2019,320323,35.9,
2019,320324,65.2,
2019,320325,66.1,
2019,320327,68.7,
2019,320328,82.1,
2019,320329,,3.0
2019,320332,57.3,
2019,320336,,3.0
2019,320338,80.8,
2019,320339,54.9,
2019,320340,39.8,
2019,320341,87.6,
2019,320342,38.8,
2019,320343,64.6,
2019,320344,70.3,
2019,320346,80.0,
2019,320347,35.8,
2019,320348,23.6,
2019,320352,59.6,
2019,320353,26.2,
2019,320354,36.5,
2019,320355,76.2,
2019,320356,58.1,
2019,320360,79.4,
2019,320362,72.5,
2019,320363,50.8,
2019,320364,30.1,
2019,320365,54.2,
2019,320366,59.8,
2019,320367,50.7,
2019,320368,65.0,
2019,320369,70.5,
2019,320370,46.2,
2019,320372,58.3,
2019,320374,74.6,
2019,320376,61.7,
2019,320388,59.9,
2019,320400,70.6,
2019,320701,53.2,
2019,32A000,95.0,1.0
2019,32B000,69.9,
2019,32C000,69.5,
2019,32D000,28.9,
2019,32H000,67.3,
2019,32K000,29.6,
2019,32L000,9.8,
2019,32M000,85.6,
2019,32N000,5.0,2.0
2019,32P000,51.4,
2019,32Q000,21.1,
2019,32R000,7.5,
2019,32S000,70.1,
2019,330304,60.3,
2019,330308,50.1,
2019,330312,61.2,
2019,330326,24.6,
2019,330328,55.5,
2019,330332,64.9,
2019,330334,71.7,
2019,330340,46.6,
2019,330344,65.3,
2019,330348,55.4,
2019,330350,41.8,
2019,330354,66.2,
2019,330358,48.9,
2019,330360,44.3,
2019,33A000,61.2,
2019,340308,81.5,
2019,340311,26.0,
2019,340314,63.1,
2019,340320,45.0,
2019,340326,39.1,
2019,340330,69.2,
2019,340332,,3.0
2019,340334,43.4,
2019,340336,36.6,
2019,340344,53.7,
2019,340348,21.0,
2019,340350,48.2,
2019,340351,87.8,
2019,340354,17.4,
2019,340362,18.2,
2019,340364,36.0,
2019,340366,51.8,
2019,340368,70.4,
2019,340372,48.0,
2019,340376,71.0,
2019,340380,63.5,
2019,340382,54.2,
2019,340384,53.8,
2019,340385,77.4,
2019,340390,64.3,
2019,340392,37.1,
2019,340398,,3.0
2019,340400,69.2,
2019,340403,32.1,
2019,340406,33.0,
2019,340416,51.3,
2019,340420,41.6,
2019,340424,79.3,
2019,340426,39.3,
2019,340427,76.2,
2019,340428,58.7,
2019,340430,66.7,
2019,340432,23.1,
2019,340436,67.9,
2019,340440,22.4,
2019,340442,20.1,
2019,340446,14.6,
2019,340448,64.5,
2019,340452,67.9,
2019,340453,47.2,
2019,340454,45.2,
2019,340457,40.3,
2019,340460,44.7,
2019,340462,79.7,
2019,340464,45.9,
2019,340472,51.3,
2019,340476,61.0,
2019,340480,51.8,
2019,340486,46.3,
2019,340488,52.4,
2019,340490,80.0,
2019,340492,72.4,
2019,340494,32.7,
2019,340495,22.1,
2019,340496,45.7,
2019,340504,60.6,
2019,340508,52.2,
2019,340512,15.6,
2019,340514,40.6,
2019,340516,51.8,
2019,340520,59.3,
2019,340528,32.4,
2019,340530,50.3,
2019,340531,67.2,
2019,340532,56.4,
2019,340536,18.7,
2019,340540,45.0,
2019,340542,49.3,
2019,340544,67.0,
2019,340548,67.2,
2019,340556,24.5,
2019,340560,15.7,
2019,340564,47.6,
2019,340568,70.9,
2019,34B000,66.1,
2019,34D000,67.3,
2019,34F000,81.9,
2019,34G000,9.9,
2019,34H000,5.0,2.0
2019,34Z000,5.0,2.0
2019,350304,71.0,
2019,350308,53.1,
2019,350310,62.9,
2019,350312,52.9,
2019,350316,67.6,
2019,350317,43.6,
2019,350318,79.3,
2019,350321,42.3,
2019,350324,68.3,
2019,350330,78.1,
2019,350331,58.8,
2019,350332,85.2,
2019,350336,56.5,
2019,350338,71.9,
2019,350339,73.4,
2019,350340,45.2,
2019,35A000,25.9,
2019,35B000,5.0,2.0
2019,360310,60.7,
2019,360320,27.6,
2019,360324,31.1,
2019,360332,60.2,
2019,360336,63.6,
2019,360337,36.4,
2019,360338,61.0,
2019,360339,51.6,
2019,360340,47.4,
2019,360344,47.8,
2019,360348,55.0,
2019,360352,50.5,
2019,360360,47.3,
2019,360364,59.4,
2019,360372,55.2,
2019,360376,49.5,
2019,360378,37.3,
2019,360380,24.1,
2019,360390,39.3,
2019,360392,64.3,
2019,360394,58.8,
2019,360396,34.1,
2019,360400,44.5,
2019,360408,55.5,
2019,360418,24.7,
2019,360420,27.9,
2019,360426,65.3,
2019,360428,71.2,
2019,360430,24.1,
2019,360431,57.8,
2019,360432,54.9,
2019,360436,51.2,
2019,360438,72.8,
2019,360440,60.3,
2019,360448,55.0,
2019,360456,44.2,
2019,360464,27.3,
2019,360468,42.8,
2019,360470,49.5,
2019,360478,43.7,
2019,360480,48.1,
2019,360482,50.7,
2019,360488,49.2,
2019,360490,76.1,
2019,360492,63.2,
2019,360494,23.7,
2019,360498,49.2,
2019,360499,37.6,
2019,360500,45.9,
2019,360504,47.6,
2019,360510,33.3,
2019,360514,53.7,
2019,360520,70.2,
2019,360526,60.9,
2019,360550,5.0,2.0
2019,36B000,18.3,
2019,36C000,15.0,
2019,370304,52.4,
2019,370308,49.0,
2019,370312,45.4,
2019,370316,61.3,
2019,370324,51.8,
2019,380306,68.4,
2019,380308,52.5,
2019,380310,63.9,
2019,390309,69.6,
2019,390311,72.0,
2019,390312,78.6,
2019,390314,78.0,
2019,390316,76.2,
2019,390320,39.5,
2019,390321,38.6,
2019,390322,55.1,
2019,390323,35.7,
2019,390324,71.1,
2019,390331,76.0,
2019,390333,55.1,
2019,390334,76.8,
2019,390336,65.9,
2019,390352,38.5,
2019,390360,65.0,
2019,390362,44.4,
2019,390364,86.3,
2019,390368,44.7,
2019,390700,42.8,
2019,39A000,8.2,
2019,39B000,9.0,
2019,400308,64.9,
2019,400312,70.1,
2019,400315,56.7,
2019,400318,72.9,
2019,400321,71.8,
2019,400332,76.1,
2019,410304,37.7,
2019,410307,55.0,
2019,410310,58.0,
2019,410311,41.4,
2019,410313,52.5,
2019,410316,59.5,
2019,410319,60.3,
2019,410322,54.5,
2019,410325,58.2,
2019,410326,46.8,
2019,410328,81.3,
2019,410331,74.3,
2019,410334,70.9,
2019,410337,39.8,
2019,410340,65.7,
2019,410341,16.9,
2019,410343,35.1,
2019,410346,32.5,
2019,410349,82.0,
2019,410355,63.4,
2019,410358,63.8,
2019,410361,78.5,
2019,410364,77.2,
2019,410366,79.0,
2019,410367,59.7,
2019,410370,41.8,
2019,410373,67.2,
2019,410376,69.3,
2019,410379,64.4,
2019,410382,52.3,
2019,410385,77.2,
2019,410388,38.3,
2019,410390,38.7,
2019,410391,65.5,
2019,410394,40.1,
2019,410395,6.0,
2019,410397,76.4,
2019,410398,40.8,
2019,410399,48.9,
2019,410400,51.5,
2019,410401,42.9,
2019,410402,78.3,
2019,410403,76.4,
2019,410406,65.2,
2019,410407,38.4,
2019,410408,45.7,
2019,410409,66.7,
2019,410412,53.8,
2019,410415,66.4,
2019,410418,49.8,
2019,410421,58.9,
2019,410423,48.1,
2019,410424,34.8,
2019,410427,60.5,
2019,410430,48.7,
2019,410436,55.7,
2019,410437,25.9,
2019,410439,74.5,
2019,410442,57.3,
2019,410448,56.8,
2019,410451,54.1,
2019,410454,71.7,
2019,410457,72.1,
2019,410458,32.6,
2019,410460,45.7,
2019,410461,49.9,
2019,410462,64.4,
2019,410463,57.8,
2019,410464,58.6,
2019,410466,40.9,
2019,410469,67.4,
2019,410472,69.1,
2019,410478,70.5,
2019,410481,42.0,
2019,410483,54.9,
2019,410484,74.3,
2019,410486,11.6,
2019,410487,55.0,
2019,410488,25.4,
2019,410489,16.0,
2019,410490,11.8,
2019,410491,18.3,
2019,410493,12.1,
2019,410496,59.5,
2019,410499,60.2,
2019,410502,9.2,
2019,410505,64.0,
2019,410508,47.6,
2019,410511,82.1,
2019,410514,78.0,
2019,410517,68.0,
2019,410522,59.9,
2019,410523,46.4,
2019,410529,53.5,
2019,410530,72.3,
2019,410532,71.4,
2019,410533,63.5,
2019,410534,70.0,
2019,410535,58.5,
2019,410538,60.9,
2019,410541,57.8,
2019,410542,80.3,
2019,410544,58.6,
2019,410545,80.0,
2019,410547,37.6,
2019,410550,46.7,
2019,410553,68.1,
2019,410556,73.2,
2019,410559,21.4,
2019,410562,39.1,
2019,410565,46.7,
2019,410568,15.3,
2019,410569,28.3,
2019,410571,20.1,
2019,410574,19.3,
2019,410577,63.8,
2019,410578,74.3,
2019,410579,53.5,
2019,410580,63.5,
2019,410583,67.8,
2019,410586,73.8,
2019,410589,17.3,
2019,410592,65.3,
2019,410595,50.9,
2019,410598,85.9,
2019,41B000,7.6,
2019,41C000,63.9,
2019,41D000,19.8,
2019,41F000,62.6,
2019,41G000,11.4,
2019,41H000,62.0,
2019,41J000,14.0,
2019,41K000,22.6,
2019,41L000,67.2,
2019,41M000,49.2,
2019,41N000,18.7,
2019,420304,69.5,
2019,420316,76.6,
2019,420324,72.0,
2019,420328,71.2,
2019,420336,59.4,
2019,420340,73.5,
2019,420346,57.4,
2019,420348,68.8,
2019,420358,64.2,
2019,420376,61.5,
2019,421304,80.4,
2019,421306,64.8,
2019,421316,52.8,
2019,421328,62.8,
2019,421336,51.4,
2019,422310,30.0,
2019,422314,71.3,
2019,422315,63.7,
2019,422318,70.9,
2019,42A000,61.2,
2019,430304,57.1,
2019,430308,73.5,
2019,430312,42.2,
2019,430316,69.3,
2019,430320,42.3,
2019,430328,64.3,
2019,430330,64.1,
2019,430332,67.9,
2019,430336,58.4,
2019,430340,67.3,
2019,430341,38.3,
2019,430344,70.1,
2019,430345,74.9,
2019,430346,49.2,
2019,430347,59.3,
2019,430348,63.3,
2019,430349,40.4,
2019,430351,58.3,
2019,430352,37.7,
2019,430358,59.2,
2019,430368,73.8,
2019,430369,52.5,
2019,430370,57.5,
2019,430371,43.9,
2019,430376,65.4,
2019,430378,58.8,
2019,430380,71.2,
2019,430384,50.1,
2019,430386,51.9,
2019,43C000,5.6,
2019,440314,51.8,
2019,440318,51.7,
2019,440320,59.3,
2019,440326,53.1,
2019,440328,46.2,
2019,440332,41.7,
2019,440346,45.1,
2019,440348,45.4,
2019,440349,57.2,
2019,440350,49.7,
2019,440364,59.0,
2019,440368,48.9,
2019,440378,40.9,
2019,440390,39.3,
2019,440396,48.3,
2019,44A000,22.1,
2019,450301,69.4,
2019,450302,43.3,
2019,450306,66.9,
2019,450307,62.4,
2019,450308,78.0,
2019,450316,49.4,
2019,450322,70.8,
2019,450324,48.1,
2019,450328,64.3,
2019,450332,43.1,
2019,450333,34.4,
2019,450334,35.8,
2019,450335,46.1,
2019,450336,67.9,
2019,450339,22.9,
2019,450340,35.4,
2019,450341,53.7,
2019,450342,35.3,
2019,450343,69.1,
2019,450344,46.4,
2019,450346,76.0,
2019,450352,27.8,
2019,450354,44.6,
2019,45A000,12.1,
2019,45B000,13.7,
2019,460308,63.7,
2019,460312,64.6,
2019,460318,58.2,
2019,460320,55.2,
2019,460322,28.8,
2019,460332,66.3,
2019,460340,37.3,
2019,470310,52.5,
2019,470312,71.5,
2019,470316,71.9,
2019,470320,70.1,
2019,470328,59.4,
2019,470330,80.1,
2019,470332,69.8,
2019,470336,69.6,
2019,470340,41.2,
2019,470342,84.3,
2019,470346,64.7,
2019,470441,76.0,
2019,470442,60.1,
2019,470443,53.7,
2019,480306,71.0,
2019,480316,65.5,
2019,480318,59.5,
2019,490307,28.9,
2019,490308,14.9,
2019,490310,6.3,
2019,490312,59.8,
2019,490316,33.8,
2019,490318,22.0,
2019,490319,64.2,
2019,490320,25.0,
2019,490324,45.1,
2019,490326,62.7,
2019,490327,73.3,
2019,490332,59.2,
2019,490335,8.5,
2019,490336,10.7,
2019,490337,15.2,
2019,490338,25.0,
2019,490344,5.0,2.0
2019,490345,87.9,
2019,490346,41.2,
2019,490347,25.6,
2019,490348,62.2,
2019,490349,45.6,
2019,490350,63.5,
2019,490352,82.2,
2019,490354,62.5,
2019,490355,38.0,
2019,490356,49.1,
2019,490360,36.4,
2019,490362,23.0,
2019,490363,73.3,
2019,490364,42.1,
2019,490366,47.1,
2019,490368,49.4,
2019,490380,48.1,
2019,490384,60.6,
2019,490390,7.1,
2019,491303,39.7,
2019,491305,,3.0
2019,491306,37.1,
2019,491308,36.2,
2019,491312,29.2,
2019,491316,48.5,
2019,491318,18.7,
2019,491320,54.4,
2019,49B000,13.9,
2019,49D000,60.0,
2019,49E000,5.0,2.0
2019,49F000,7.9,
2019,49G000,36.1,
2019,500302,25.8,
2019,500304,59.7,
2019,500314,55.5,
2019,500316,42.0,
2019,500323,21.9,
2019,500324,56.1,
2019,500332,64.1,
2019,500337,36.0,
2019,500340,40.6,
2019,50A000,8.1,
2019,50Z000,45.5,
2019,510308,67.7,
2019,510310,63.2,
2019,510324,26.6,
2019,510325,35.6,
2019,510326,43.2,
2019,510327,24.6,
2019,510328,26.9,
2019,510329,21.8,
2019,510330,59.2,
2019,510332,59.1,
2019,510333,23.0,
2019,510334,37.8,
2019,510336,26.1,
2019,510340,65.1,
2019,510342,60.0,
2019,510343,69.0,
2019,510344,61.1,
2019,510356,63.0,
2019,510358,44.4,
2019,510359,37.3,
2019,510360,60.4,
2019,510364,30.9,
2019,510367,37.3,
2019,510368,49.9,
2019,510372,56.9,
2019,510373,20.5,
2019,510374,51.9,
2019,510376,44.7,
2019,510377,22.2,
2019,510378,20.3,
2019,510379,27.2,
2019,510382,44.9,
2019,510388,67.2,
2019,510390,68.9,
2019,510396,70.7,
2019,510397,81.3,
2019,510399,68.0,
2019,510402,49.3,
2019,510404,66.1,
2019,510406,28.9,
2019,510408,75.6,
2019,510410,35.3,
2019,510411,38.6,
2019,510412,44.8,
2019,510414,26.6,
2019,51A000,19.7,
2019,51B000,23.2,
2019,520304,65.6,
2019,520308,71.2,
2019,520320,64.7,
2019,520324,70.3,
2019,520328,73.0,
2019,520336,79.1,
2019,530302,73.2,
2019,530306,92.0,
2019,530308,72.8,
2019,530312,78.7,
2019,530314,66.6,
2019,530316,43.3,
2019,530320,77.8,
2019,530335,56.2,
2019,530336,56.2,
2019,530340,79.2,
2019,530341,73.5,
2019,530343,64.5,
2019,530346,45.5,
2019,530354,69.7,
2019,530356,68.5,
2019,530358,91.3,
2019,53B000,17.4,
2019,540304,55.3,
2019,540308,72.5,
2019,540312,66.3,
2019,540315,86.0,
2019,540316,76.8,
2019,540317,55.4,
2019,540318,63.3,
2019,540320,72.0,
2019,540324,60.7,
2019,540325,93.7,
2019,540326,82.0,
2019,540328,68.1,
2019,540330,91.6,
2019,540336,51.4,
2019,540338,95.0,1.0
2019,540340,61.2,
2019,540344,61.3,
2019,54A000,91.3,
2019,550308,60.7,
2019,550312,65.6,
2019,550314,27.4,
2019,550316,73.2,
2019,550320,23.7,
2019,550322,30.7,
2019,550328,52.3,
2019,550330,,3.0
2019,550332,60.5,
2019,550334,72.1,
2019,550336,69.5,
2019,550340,59.9,
2019,550342,66.8,
2019,550344,18.6,
2019,550348,40.0,
2019,550349,36.0,
2019,550350,27.1,
2019,550356,16.1,
2019,550360,46.8,
2019,550362,20.3,
2019,550364,53.2,
2019,550368,46.6,
2019,550372,54.5,
2019,55A000,6.9,
2019,560304,55.0,
2019,560316,42.4,
2019,560320,47.3,
2019,560324,41.2,
2019,560328,63.6,
2019,560329,30.1,
2019,560330,58.3,
2019,560331,62.0,
2019,560332,53.9,
2019,560338,68.4,
2019,560350,54.6,
2019,570306,56.6,
2019,570312,48.9,
2019,570317,36.2,
2019,570318,48.0,
2019,570319,53.6,
2019,570320,49.6,
2019,580308,64.5,
2019,580312,58.2,
2019,580316,64.8,
2019,580324,36.8,
2019,580344,52.5,
2019,580356,33.2,
2019,580368,42.8,
2019,580372,54.3,
2019,58B000,14.9,
2019,590306,77.0,
2019,590310,69.7,
2019,590316,52.9,
2019,590320,74.5,
2019,590326,54.5,
2019,590328,36.2,
2019,590330,52.9,
2019,590332,66.7,
2019,590336,59.9,
2019,590340,68.5,
2019,590344,56.0,
2019,590352,64.2,
2019,590356,54.9,
2019,590393,48.4,
2019,600300,57.7,
2019,600301,49.1,
2019,600302,9.6,
2019,600303,57.0,
2019,600305,52.4,
2019,600308,73.4,
2019,600311,74.2,
2019,600312,13.9,
2019,600313,17.8,
2019,600314,18.0,
2019,600316,44.9,
2019,600317,50.3,
2019,600318,49.3,
2019,600319,40.7,
2019,600322,12.9,
2019,600328,21.8,
2019,600329,55.3,
2019,600333,37.9,
2019,600334,30.0,
2019,600335,46.4,
2019,600336,13.4,
2019,600338,53.9,
2019,600341,50.5,
2019,600344,49.4,
2019,600345,12.4,
2019,600346,25.9,
2019,600349,35.3,
2019,600351,44.3,
2019,600352,63.3,
2019,600353,25.8,
2019,600357,13.0,
2019,600361,38.9,
2019,600362,44.0,
2019,600364,35.9,
2019,600365,58.2,
2019,600366,61.7,
2019,600367,24.5,
2019,600368,55.1,
2019,600369,47.3,
2019,600374,79.5,
2019,600377,52.7,
2019,600379,25.8,
2019,600381,52.6,
2019,600382,9.8,
2019,600383,8.5,
2019,600384,52.5,
2019,600385,28.4,
2019,600386,31.0,
2019,600392,6.2,
2019,600394,36.7,
2019,600397,48.5,
2019,600398,52.8,
2019,600399,27.1,
2019,600404,19.0,
2019,600405,51.7,
2019,600406,8.6,
2019,600408,53.9,
2019,600409,52.4,
2019,600410,53.1,
2019,600411,30.9,
2019,600412,65.6,
2019,600413,25.4,
2019,600414,63.5,
2019,600415,42.1,
2019,600416,49.9,
2019,600418,47.7,
2019,600420,26.4,
2019,600422,39.2,
2019,600424,48.6,
2019,600426,51.1,
2019,600428,42.5,
2019,600429,34.0,
2019,600431,8.9,
2019,600432,44.9,
2019,600433,19.9,
2019,600434,51.4,
2019,600435,25.7,
2019,600436,60.7,
2019,600437,12.7,
2019,600438,42.3,
2019,600439,67.2,
2019,600440,42.4,
2019,600442,49.9,
2019,600443,9.3,
2019,600444,51.6,
2019,600445,40.9,
2019,600446,54.8,
2019,600447,28.5,
2019,600448,56.2,
2019,600449,28.4,
2019,600450,42.0,
2019,600451,14.0,
2019,600453,60.1,
2019,600454,37.0,
2019,600455,37.9,
2019,600457,60.9,
2019,600459,43.5,
2019,600461,57.0,
2019,600462,37.4,
2019,600463,39.0,
2019,600464,43.9,
2019,600466,23.6,
2019,600468,41.7,
2019,600471,46.2,
2019,600474,53.5,
2019,600475,58.7,
2019,600478,48.5,
2019,600479,38.9,
2019,600480,51.3,
2019,600481,37.7,
2019,600482,35.0,
2019,600484,48.1,
2019,600485,56.9,
2019,600488,63.7,
2019,600489,75.3,
2019,600490,44.9,
2019,600491,12.5,
2019,600492,9.7,
2019,600493,34.0,
2019,600494,50.5,
2019,600496,56.3,
2019,600497,40.8,
2019,600498,39.7,
2019,600499,24.0,
2019,600500,58.6,
2019,600501,48.9,
2019,600503,48.5,
2019,600507,5.0,2.0
2019,600508,8.5,
2019,600509,36.1,
2019,600512,50.7,
2019,600513,42.5,
2019,600514,55.7,
2019,600515,76.1,
2019,600516,63.4,
2019,600517,78.1,
2019,600518,53.8,
2019,600519,25.9,
2019,600520,57.3,
2019,600521,42.2,
2019,600522,15.0,
2019,600527,42.1,
2019,600530,11.0,
2019,600532,26.9,
2019,600534,42.6,
2019,600535,40.3,
2019,600537,19.9,
2019,600538,56.7,
2019,600545,40.6,
2019,600546,60.0,
2019,600549,68.6,
2019,600550,49.7,
2019,600553,67.7,
2019,600557,28.8,
2019,600558,16.6,
2019,600562,50.1,
2019,600565,63.0,
2019,600566,46.8,
2019,600567,28.9,
2019,600569,36.0,
2019,600571,22.1,
2019,600574,80.1,
2019,600576,56.0,
2019,600577,72.9,
2019,600579,40.5,
2019,600582,17.1,
2019,600583,64.7,
2019,600586,48.6,
2019,600587,47.2,
2019,600588,35.2,
2019,600589,63.1,
2019,600590,42.9,
2019,600592,40.7,
2019,600593,64.7,
2019,600594,14.1,
2019,60B000,79.2,
2019,60D000,5.0,2.0
2019,60F000,5.0,2.0
2019,60G000,15.9,
2019,60I000,5.0,2.0
2019,60J000,5.9,
2019,60K000,28.0,
2019,60L000,55.8,
2019,60M000,5.0,2.0
2019,60N000,73.5,
2019,60P000,79.1,
2019,60Q000,49.6,
2019,60S000,5.3,
2019,60U000,50.2,
2019,60V000,52.5,
2019,60Y000,5.1,
2019,610302,51.7,
2019,610310,59.2,
2019,610320,59.0,
2019,610322,65.1,
2019,610326,59.6,
2019,610332,38.5,
2019,610334,41.6,
2019,61J000,14.3,
2019,61K000,17.3,
2019,61L000,41.1,
2019,61M000,9.0,
2019,61N000,9.1,
2019,61P000,21.6,
2019,61Q000,15.4,
2019,61R000,33.7,
2019,61S000,18.8,
2019,61T000,76.8,
2019,61U000,28.6,
2019,61W000,17.5,
2019,61X000,9.2,
2019,620310,70.5,
2019,620312,90.1,
2019,620314,83.9,
2019,620316,76.8,
2019,620318,84.5,
2019,620324,84.6,
2019,620330,65.9,
2019,620334,73.7,
2019,620336,67.2,
2019,620339,59.0,
2019,620340,53.6,
2019,620350,48.9,
2019,630304,74.9,
2019,630308,81.6,
2019,630312,61.2,
2019,630316,57.3,
2019,630317,50.9,
2019,630320,81.0,
2019,630324,16.1,
2019,630328,38.2,
2019,630330,70.0,
2019,630331,32.6,
2019,630332,56.7,
2019,630336,30.4,
2019,630342,13.1,
2019,630348,83.6,
2019,630350,64.8,
2019,630352,59.1,
2019,630356,57.7,
2019,630360,31.6,
2019,630364,47.8,
2019,630368,32.9,
2019,630373,33.4,
2019,630374,25.6,
2019,630376,55.7,
2019,63A000,16.3,
2019,63B000,24.7,
2019,63C000,13.6,
2019,640302,83.8,
2019,640304,40.5,
2019,640306,85.9,
2019,640308,51.4,
2019,640316,52.4,
2019,640320,55.9,
2019,640324,54.3,
2019,640326,84.8,
2019,640328,53.4,
2019,640329,50.3,
2019,640332,49.3,
2019,640334,77.4,
2019,640335,63.9,
2019,640336,39.7,
2019,640340,69.9,
2019,640342,83.3,
2019,640346,55.7,
2019,640347,38.1,
2019,640348,57.0,
2019,640350,48.5,
2019,640358,55.4,
2019,640360,49.8,
2019,640361,46.2,
2019,640362,64.6,
2019,640364,58.5,
2019,640376,47.4,
2019,640384,49.8,
2019,640396,77.0,
2019,640400,54.7,
2019,64A000,76.9,
2019,650304,52.4,
2019,650308,38.0,
2019,650309,62.2,
2019,650310,37.6,
2019,650312,95.0,1.0
2019,650316,73.3,
2019,650323,44.2,
2019,650324,67.8,
2019,650325,55.7,
2019,650326,48.0,
2019,650327,42.5,
2019,650328,81.9,
2019,650332,56.9,
2019,650338,43.1,
2019,650339,31.5,
2019,650340,35.4,
2019,650341,49.8,
2019,650342,28.7,
2019,650343,65.4,
2019,650345,90.0,
2019,650346,71.1,
2019,650348,61.9,
2019,650350,35.7,
2019,650351,49.8,
2019,650352,54.6,
2019,650353,25.4,
2019,650354,88.3,
2019,650355,70.3,
2019,650356,18.3,
2019,650362,55.0,
2019,650364,37.0,
2019,650366,28.1,
2019,650368,90.4,
2019,650380,19.1,
2019,650384,91.5,
2019,650392,80.0,
2019,650394,48.6,
2019,650395,63.0,
2019,650400,68.6,
2019,650404,79.9,
2019,650408,13.4,
2019,650420,42.7,
2019,65A000,21.4,
2019,65B000,79.3,
2019,65C000,85.5,
2019,65D000,17.5,
2019,65F000,16.4,
2019,65G000,76.5,
2019,65Z000,74.9,
2019,660306,75.8,
2019,660308,64.5,
2019,660320,74.1,
2019,660325,69.3,
2019,660336,63.8,
2019,660360,68.3,
2019,660400,33.1,
2019,66A000,43.0,
2019,670300,31.7,
2019,670304,69.8,
2019,670308,62.1,
2019,670310,39.7,
2019,670312,73.3,
2019,670314,33.8,
2019,670318,40.6,
2019,670320,36.7,
2019,670321,66.1,
2019,670322,56.3,
2019,670323,68.2,
2019,670324,47.0,
2019,670325,63.5,
2019,670329,56.0,
2019,670330,58.9,
2019,670331,43.8,
2019,670332,72.2,
2019,670333,51.0,
2019,670335,53.1,
2019,670336,55.4,
2019,670337,50.5,
2019,670338,48.1,
2019,670339,53.0,
2019,670340,42.9,
2019,670341,56.2,
2019,670342,53.5,
2019,670343,53.9,
2019,670344,54.1,
2019,670345,61.4,
2019,670346,63.6,
2019,670347,42.9,
2019,670350,36.2,
2019,670351,45.9,
2019,670352,39.5,
2019,670356,51.4,
2019,670364,47.3,
2019,67B000,77.0,
2019,680304,52.3,
2019,680308,40.3,
2019,680310,33.3,
2019,680312,70.1,
2019,680316,30.7,
2019,680324,65.9,
2019,680327,46.6,
2019,680328,52.1,
2019,680329,12.7,
2019,680330,61.5,
2019,680332,30.5,
2019,680335,69.6,
2019,680336,41.5,
2019,681300,46.3,
2019,681304,31.9,
2019,681305,24.3,
2019,681308,20.3,
2019,681309,26.0,
2019,681310,24.5,
2019,681311,31.8,
2019,681312,26.2,
2019,681314,17.1,
2019,681316,41.3,
2019,681320,23.6,
2019,681322,24.9,
2019,681324,25.3,
2019,681326,31.9,
2019,681328,,3.0
2019,681330,26.4,
2019,681332,17.9,
2019,681334,29.6,
2019,681336,22.5,
2019,681338,73.8,
2019,68A000,5.0,2.0
2019,68C000,5.0,2.0
2019,690312,58.6,
2019,690316,48.8,
2019,690320,54.7,
2019,690324,59.6,
2019,69A000,60.4,
2019,700306,56.2,
2019,700308,67.0,
2019,700310,59.0,
2019,700314,53.9,
2019,700316,54.1,
2019,700317,53.9,
2019,700318,53.0,
2019,700319,57.1,
2019,700320,66.3,
2019,700322,67.2,
2019,700324,52.3,
2019,700325,52.5,
2019,700328,56.9,
2019,70A000,13.7,
2019,710312,90.6,
2019,710316,88.3,
2019,710318,80.9,
2019,710320,78.3,
2019,710321,78.0,
2019,710323,34.9,
2019,710324,90.7,
2019,710326,81.5,
2019,710327,49.3,
2019,710328,75.5,
2019,710332,89.8,
2019,710342,29.0,
2019,710344,22.8,
2019,710346,28.4,
2019,710347,42.9,
2019,710348,92.2,
2019,710350,39.3,
2019,710352,32.4,
2019,720304,62.4,
2019,720312,55.6,
2019,720316,52.4,
2019,720320,59.7,
2019,730332,32.4,
2019,730334,83.0,
2019,730340,57.6,
2019,730344,71.4,
2019,730348,22.8,
2019,730350,37.8,
2019,730352,50.3,
2019,730354,48.2,
2019,730356,62.9,
2019,730360,54.4,
2019,730368,32.8,
2019,73A000,44.0,
2019,73B000,7.4,
2019,740302,48.9,
2019,740304,65.6,
2019,740308,56.5,
2019,740309,62.0,
2019,740310,75.2,
2019,740320,71.9,
2019,740324,76.6,
2019,740330,59.8,
2019,740332,33.0,
2019,740333,28.9,
2019,740334,78.7,
2019,740336,59.8,
2019,740337,70.8,
2019,740338,59.2,
2019,740340,57.9,
2019,740344,49.9,
2019,740352,70.6,
2019,740358,64.8,
2019,740360,59.0,
2019,740362,25.9,
2019,740366,47.9,
2019,740368,74.4,
2019,740374,61.3,
2019,740375,77.8,
2019,740376,68.8,
2019,740378,65.4,
2019,740379,44.7,
2019,740380,54.1,
2019,740386,56.2,
2019,740388,53.4,
2019,740390,90.8,
2019,740396,55.6,
2019,740400,78.6,
2019,740402,73.4,
2019,740404,36.2,
2019,740406,35.0,
2019,740500,44.2,
2019,740501,56.6,
2019,74B000,47.8,
2019,74C000,53.7,
2019,74Z000,52.6,
2019,750304,36.4,
2019,750314,41.5,
2019,750317,27.6,
2019,750318,40.9,
2019,750319,51.8,
2019,750320,30.5,
2019,750328,46.9,
2019,760304,62.0,
2019,760308,46.2,
2019,760316,64.6,
2019,760318,62.6,
2019,760320,56.5,
2019,760324,62.9,
2019,760328,52.5,
2019,760329,45.3,
2019,760330,42.1,
2019,760331,57.3,
2019,760332,66.1,
2019,760336,55.7,
2019,760338,50.3,
2019,760339,41.6,
2019,760340,55.9,
2019,760344,70.7,
2019,760348,54.4,
2019,760352,65.0,
2019,760354,37.2,
2019,760356,61.6,
2019,760357,69.4,
2019,760358,47.7,
2019,760359,62.8,
2019,760360,60.1,
2019,760364,67.1,
2019,760368,56.1,
2019,760376,60.0,
2019,760378,46.0,
2019,760380,43.2,
2019,760382,50.0,
2019,760388,31.4,
2019,761304,66.1,
2019,761308,67.2,
2019,761312,86.2,
2019,761320,88.4,
2019,761321,84.1,
2019,761328,66.7,
2019,761332,72.5,
2019,761336,88.5,
2019,76A000,13.9,
2019,770310,84.0,
2019,770316,77.9,
2019,770318,85.0,
2019,770328,82.6,
2019,770340,74.6,
2019,770342,84.1,
2019,770344,76.1,
2019,770346,92.1,
2019,770348,68.7,
2019,770349,66.2,
2019,770351,72.5,
2019,770360,70.2,
2019,770364,89.1,
2019,770368,85.0,
2019,770370,79.3,
2019,780320,90.4,
2019,780322,83.0,
2019,780324,83.5,
2019,780325,80.4,
2019,780326,89.3,
2019,780328,84.5,
2019,780329,88.5,
2019,780330,81.6,
2019,780331,,3.0
2019,780336,74.5,
2019,780340,87.0,
2019,780341,83.4,
2019,780342,70.4,
2019,780344,82.3,
2019,780352,83.3,
2019,780356,85.9,
2019,780360,80.8,
2019,780364,83.4,
2019,780368,85.2,
2019,780374,81.0,
2019,780376,87.9,
2019,780384,74.4,
2019,780385,62.0,
2019,780390,85.0,
2019,780391,77.3,
2019,780392,81.3,
2019,780393,77.8,
2019,780394,91.9,
2019,780396,88.7,
2019,780398,87.5,
2019,780400,78.4,
2019,780401,74.3,
2019,780402,83.2,
2019,780403,78.8,
2019,780407,61.3,
2019,780410,82.9,
2019,780412,81.5,
2019,780416,84.6,
2019,780417,95.0,1.0
2019,780420,74.8,
2019,78A000,76.7,
2019,78B000,39.3,
2019,790302,36.0,
2019,790310,53.8,
2019,790314,42.8,
2019,790318,63.9,
2019,790327,65.3,
2019,790330,66.3,
2019,790344,62.8,
2019,790347,57.1,
2019,790350,60.2,
2019,790354,52.1,
2019,790362,55.2,
2019,790366,58.7,
2019,790374,54.6,
2019,790378,32.1,
2019,790379,36.9,
2019,790380,43.2,
2019,790386,55.1,
2019,790390,71.6,
2019,790392,80.0,
2019,790394,59.5,
2019,790398,47.5,
2019,790402,54.6,
2019,79A000,16.6,
2019,79Z000,63.4,
2019,800308,62.8,
2019,800312,32.4,
2019,800314,51.6,
2019,800315,56.9,
2019,800316,35.7,
2019,800320,47.5,
2019,800328,60.6,
2019,800340,44.4,
2019,800346,71.2,
2019,800347,51.1,
2019,800348,58.7,
2019,800352,44.4,
2019,800356,57.2,
2019,800358,56.6,
2019,800359,61.6,
2019,800360,53.5,
2019,800361,40.5,
2019,800362,37.0,
2019,800363,53.6,
2019,800364,47.1,
2019,800366,44.8,
2019,800368,57.8,
2019,800372,51.6,
2019,800373,46.1,
2019,800376,69.8,
2019,800377,53.2,
2019,800392,45.7,
2019,800394,54.1,
2019,800396,63.8,
2019,800398,62.4,
2019,800400,50.9,
2019,800406,55.4,
2019,800408,49.8,
2019,800410,58.7,
2019,80B000,60.0,
2019,810324,30.4,
2019,810326,39.0,
2019,810328,47.9,
2019,810336,67.9,
2019,810340,31.6,
2019,810342,47.1,
2019,810344,47.9,
2019,810350,48.5,
2019,810360,40.8,
2019,810364,40.9,
2019,810370,39.1,
2019,810378,38.0,
2019,810384,33.5,
2019,810385,17.5,
2019,810386,61.3,
2019,810388,41.9,
2019,810396,64.0,
2019,810400,46.0,
2019,81A000,13.3,
2019,81B000,20.8,
2019,820312,77.0,
2019,820320,61.2,
2019,820324,54.4,
2019,820340,74.1,
2019,820346,63.2,
2019,820347,61.8,
2019,820348,58.7,
2019,820349,61.9,
2019,820350,58.3,
2019,820352,41.5,
2019,820354,45.9,
2019,820364,40.5,
2019,820370,73.8,
2019,820372,72.7,
2019,820376,72.3,
2019,820384,77.9,
2019,820385,80.4,
2019,820388,70.1,
2019,821304,73.7,
2019,821308,54.2,
2019,821316,72.5,
2019,821320,65.6,
2019,821330,70.0,
2019,830304,75.2,
2019,830312,82.6,
2019,830316,91.0,
2019,830320,93.2,
2019,830328,77.9,
2019,830343,72.8,
2019,830348,46.6,
2019,830349,76.5,
2019,830356,64.2,
2019,830360,81.0,
2019,830364,79.7,
2019,840302,66.0,
2019,840303,56.6,
2019,840304,49.5,
2019,840308,56.1,
2019,840310,56.8,
2019,840312,45.7,
2019,840316,62.4,
2019,840320,38.1,
2019,840324,48.0,
2019,840328,51.4,
2019,840332,38.2,
2019,840336,61.8,
2019,840342,41.0,
2019,840344,44.6,
2019,840350,39.1,
2019,840356,43.8,
2019,840358,52.4,
2019,840360,50.5,
2019,840361,40.4,
2019,840366,5.0,2.0
2019,840368,28.4,
2019,840370,50.0,
2019,84B000,5.0,2.0
2019,850304,44.9,
2019,850312,53.2,
2019,850314,41.6,
2019,850316,60.7,
2019,850320,48.9,
2019,850324,76.4,
2019,850328,61.4,
2019,850332,45.2,
2019,850336,55.6,
2019,850338,50.9,
2019,850340,61.3,
2019,850342,51.1,
2019,850348,61.0,
2019,850350,55.4,
2019,850352,44.1,
2019,850354,65.4,
2019,850356,67.0,
2019,850358,38.0,
2019,850360,34.1,
2019,860302,70.0,
2019,860306,68.9,
2019,860308,73.5,
2019,860312,64.6,
2019,860316,42.6,
2019,860320,59.1,
2019,860324,73.8,
2019,860326,60.8,
2019,860330,66.0,
2019,860332,74.7,
2019,860336,51.8,
2019,860339,52.5,
2019,860340,48.2,
2019,860344,72.2,
2019,860348,45.1,
2019,860352,60.0,
2019,860354,60.7,
2019,860356,70.2,
2019,860360,58.2,
2019,861304,45.3,
2019,861308,37.1,
2019,861312,37.0,
2019,862308,62.1,
2019,862310,64.1,
2019,862312,44.2,
2019,862316,58.9,
2019,86T000,18.7,
2019,870314,48.5,
2019,870318,58.1,
2019,870320,64.0,
2019,870324,33.8,
2019,87A000,18.4,
2019,880304,53.5,
2019,880308,35.2,
2019,880312,48.8,
2019,880318,53.3,
2019,880320,87.5,
2019,880324,63.0,
2019,880328,44.6,
2019,880330,62.2,
2019,880336,76.9,
2019,88A000,20.9,
2019,890304,43.3,
2019,890306,43.5,
2019,890308,44.6,
2019,900302,7.2,
2019,900303,5.0,2.0
2019,900304,47.4,
2019,900305,5.0,2.0
2019,900306,62.8,
2019,900307,63.4,
2019,900308,70.5,
2019,900310,5.9,
2019,900311,5.0,2.0
2019,900312,25.5,
2019,900314,51.1,
2019,900316,60.0,
2019,900318,24.8,
2019,900320,35.7,
2019,900328,5.4,
2019,900332,53.5,
2019,900334,5.0,2.0
2019,900336,70.4,
2019,900340,31.5,
2019,900341,45.6,
2019,900342,25.5,
2019,900343,28.4,
2019,900344,29.1,
2019,900346,39.9,
2019,900347,19.6,
2019,900348,19.5,
2019,900350,27.0,
2019,900351,54.7,
2019,900352,41.0,
2019,900353,5.8,
2019,900354,62.4,
2019,900356,46.5,
2019,900358,20.4,
2019,900360,25.1,
2019,900362,33.0,
2019,900363,26.3,
2019,900364,66.9,
2019,900365,71.9,
2019,900366,15.0,
2019,900367,28.2,
2019,900368,27.0,
2019,900370,56.0,
2019,900372,41.7,
2019,900376,5.0,2.0
2019,900377,5.1,
2019,900378,6.0,
2019,900380,12.2,
2019,900384,35.0,
2019,900388,53.2,
2019,900391,5.0,2.0
2019,900392,39.4,
2019,900393,5.0,2.0
2019,90A000,9.8,
2019,90B000,5.0,2.0
2019,90C000,28.1,
2019,910304,58.4,
2019,910308,67.6,
2019,910311,72.7,
2019,910314,65.9,
2019,910316,71.7,
2019,910340,75.1,
2019,910346,65.3,
2019,910356,82.5,
2019,910360,76.5,
2019,910368,67.0,
2019,910370,57.7,
2019,910376,73.1,
2019,910380,57.4,
2019,910382,27.8,
2019,910384,45.5,
2019,91A000,13.6,
2019,91B000,37.0,
2019,920302,60.4,
2019,920303,24.1,
2019,920304,45.8,
2019,920306,19.5,
2019,920307,10.4,
2019,920308,26.2,
2019,920312,18.3,
2019,920315,13.1,
2019,920316,13.9,
2019,920317,7.7,
2019,920318,37.6,
2019,920320,60.8,
2019,920324,77.6,
2019,920325,32.1,
2019,920326,55.7,
2019,920327,27.0,
2019,920328,20.6,
2019,920329,76.3,
2019,920332,64.1,
2019,920334,29.4,
2019,920336,74.8,
2019,920340,41.0,
2019,920342,32.3,
2019,920344,38.0,
2019,920348,26.8,
2019,920349,48.8,
2019,920351,32.5,
2019,920352,81.2,
2019,920356,37.8,
2019,920358,20.8,
2019,920360,46.9,
2019,920362,63.8,
2019,920364,36.9,
2019,920368,28.6,
2019,920369,10.1,
2019,920370,53.5,
2019,920376,36.8,
2019,920380,40.0,
2019,920381,78.6,
2019,920384,73.3,
2019,920386,5.0,2.0
2019,920388,31.3,
2019,920390,5.0,2.0
2019,920391,8.3,
2019,920393,61.4,
2019,920394,48.4,
2019,920396,32.9,
2019,920398,45.2,
2019,920399,45.3,
2019,920400,39.9,
2019,920402,33.3,
2019,920403,76.5,
2019,920404,60.3,
2019,920408,68.9,
2019,920410,71.4,
2019,920411,54.8,
2019,920412,26.1,
2019,920413,60.9,
2019,920414,31.6,
2019,920415,75.6,
2019,920416,40.2,
2019,920417,44.2,
2019,920420,35.7,
2019,920424,39.7,
2019,920428,24.4,
2019,920436,40.5,
2019,920438,84.0,
2019,920439,7.0,
2019,920440,60.2,
2019,920441,7.5,
2019,920442,28.3,
2019,920443,5.0,2.0
2019,920444,11.4,
2019,920445,18.8,
2019,920446,71.9,
2019,920447,14.7,
2019,920448,30.9,
2019,920449,17.5,
2019,920450,24.3,
2019,920451,35.3,
2019,920452,21.5,
2019,920453,9.9,
2019,920454,17.2,
2019,920455,11.7,
2019,920456,24.5,
2019,920457,8.3,
2019,920458,20.4,
2019,920459,13.6,
2019,920460,42.0,
2019,920464,70.5,
2019,920466,51.3,
2019,920467,13.3,
2019,920468,22.6,
2019,920469,26.5,
2019,920470,35.8,
2019,920471,29.2,
2019,920472,28.9,
2019,920473,15.9,
2019,920474,50.2,
2019,920476,52.2,
2019,920480,63.4,
2019,920484,19.6,
2019,920488,54.5,
2019,920492,27.9,
2019,920494,24.2,
2019,920495,22.9,
2019,920496,75.5,
2019,920500,30.6,
2019,920501,6.1,
2019,920502,6.8,
2019,920504,6.8,
2019,920506,29.7,
2019,920508,77.0,
2019,920512,50.8,
2019,920514,26.7,
2019,920516,41.7,
2019,920518,35.3,
2019,920520,32.8,
2019,920521,15.8,
2019,920522,19.9,
2019,920523,8.3,
2019,920524,21.8,
2019,920525,35.2,
2019,920526,7.2,
2019,920528,69.4,
2019,920529,14.5,
2019,920530,26.7,
2019,920531,11.6,
2019,920532,65.0,
2019,920533,40.4,
2019,920536,49.7,
2019,920540,36.0,
2019,920542,56.0,
2019,920543,47.8,
2019,920544,32.0,
2019,920545,27.5,
2019,920546,39.6,
2019,920547,82.1,
2019,920548,20.4,
2019,920549,66.3,
2019,920550,28.1,
2019,920551,21.3,
2019,920552,30.7,
2019,920554,31.0,
2019,920556,33.3,
2019,920557,5.0,
2019,920560,77.1,
2019,920561,58.2,
2019,920562,58.9,
2019,920564,30.5,
2019,920568,39.9,
2019,920569,11.1,
2019,920570,39.3,
2019,920571,20.2,
2019,920572,22.9,
2019,920576,34.1,
2019,920580,60.3,
2019,920581,37.5,
2019,920582,15.8,
2019,920583,28.3,
2019,920584,48.4,
2019,920585,39.8,
2019,920586,35.6,
2019,920588,23.5,
2019,920592,39.7,
2019,920593,42.8,
2019,920594,18.5,
2019,920595,26.3,
2019,920596,32.5,
2019,920597,72.3,
2019,920598,25.1,
2019,920599,70.5,
2019,920600,47.2,
2019,920601,60.2,
2019,920604,22.1,
2019,920606,21.4,
2019,920607,24.0,
2019,920608,46.9,
2019,920614,5.8,
2019,920616,74.9,
2019,920618,63.5,
2019,920620,36.0,
2019,920624,21.5,
2019,920626,50.2,
2019,920628,43.2,
2019,920632,65.4,
2019,920636,59.8,
2019,92B000,5.0,2.0
2019,92D000,5.0,2.0
2019,92E000,5.0,2.0
2019,92F000,5.0,2.0
2019,92G000,7.4,
2019,92K000,5.0,2.0
2019,92L000,50.3,
2019,92M000,74.7,
2019,92N000,5.0,2.0
2019,92P000,5.0,2.0
2019,92Q000,48.5,
2019,92R000,7.4,
2019,92S000,5.0,2.0
2019,92T000,5.5,
2019,92U000,6.8,
2019,92V000,10.8,
2019,92W000,14.1,
2019,92Y000,5.0,2.0
2019,930330,65.4,
2019,930340,53.2,
2019,930344,65.6,
2019,930348,59.7,
2019,930352,46.6,
2019,930354,63.2,
2019,930360,36.0,
2019,930700,36.8,
2019,93A000,65.0,
2019,93J000,47.1,
2019,93L000,38.5,
2019,93M000,7.6,
2019,93N000,5.0,2.0
2019,93P000,22.5,
2019,93R000,5.1,
2019,940306,53.5,
2019,940314,71.3,
2019,940316,63.1,
2019,940328,63.5,
2019,940330,28.6,
2019,94Z000,25.0,
2019,950308,54.2,
2019,950312,19.8,
2019,950316,48.6,
2019,950320,56.5,
2019,950322,36.6,
2019,950324,59.6,
2019,950328,32.3,
2019,950332,33.8,
2019,950336,22.8,
2019,950338,30.6,
2019,95A000,13.3,
2019,960312,84.4,
2019,960314,85.4,
2019,960316,79.3,
2019,960318,91.4,
2019,960324,42.1,
2019,960326,94.8,
2019,960329,73.1,
2019,960330,52.3,
2019,960331,65.3,
2019,960332,65.6,
2019,960334,57.6,
2019,960335,90.6,
2019,960336,66.8,
2019,960338,57.9,
2019,960340,57.2,
2019,960344,43.2,
2019,960348,71.9,
2019,960360,53.8,
2019,960370,47.2,
2019,960372,48.9,
2019,960374,53.4,
2019,960380,67.3,
2019,960382,72.7,
2019,960386,62.3,
2019,960387,65.2,
2019,960388,54.7,
2019,960390,92.1,
2019,960450,50.7,
2019,960454,51.2,
2019,960488,89.0,
2019,960490,55.7,
2019,960700,25.9,
2019,96C000,89.1,
2019,96F000,32.9,
2019,970308,63.8,
2019,970310,32.2,
2019,970312,46.9,
2019,970315,40.6,
2019,970320,41.3,
2019,970322,30.0,
2019,970337,39.5,
2019,970340,48.3,
2019,970344,34.1,
2019,970348,40.7,
2019,970352,48.2,
2019,970356,46.6,
2019,970358,38.0,
2019,970360,59.8,
2019,970368,35.1,
2019,970370,26.5,
2019,970376,52.2,
2019,970388,36.3,
2019,970389,36.4,
2019,970390,45.3,
2019,970392,32.5,
2019,970393,27.9,
2019,97D000,41.6,
2019,980306,66.7,
2019,980308,78.8,
2019,980317,63.3,
2019,980318,24.1,
2019,980320,41.9,
2019,980324,18.5,
2019,980336,15.1,
2019,980338,24.9,
2019,980340,41.6,
2019,980342,17.6,
2019,980344,51.0,
2019,980348,46.8,
2019,980352,45.0,
2019,980356,78.5,
2019,980357,84.4,
2019,980360,20.4,
2019,980364,22.8,
2019,980380,33.9,
2019,980384,14.5,
2019,980388,45.5,
2019,980390,19.9,
2019,980392,46.9,
2019,980396,51.7,
2019,980397,30.3,
2019,980398,5.0,2.0
2019,980400,68.7,
2019,98A000,61.1,
2019,98B000,7.9,
2019,990304,63.3,
2019,990308,64.0,
2019,990312,62.7,
2019,990316,51.8,
2019,990320,26.1,
2019,990321,54.8,
2019,990322,44.5,
2019,990324,75.8,
2019,990325,62.8,
2019,990326,52.7,
2019,990328,67.1,
2019,990332,54.3,
2019,990336,75.7,
2019,990340,86.8,
2019,995304,58.6,
2019,995312,61.5,
2019,995316,52.7,
2019,995320,45.0,
2019,995324,46.3,
2019,995328,55.4,
2019,995330,43.1,
2019,995336,58.2,
