year,agency_code,grade,naep_subject,subgroup,Proficiency_level,average_scale_score,participation_rate,percent_proficient
2009,NAT,04,M,ALL,At_Advanced,239,,0.06
2009,NAT,04,M,AIAN,At_Advanced,227,,0.02
2009,NAT,04,M,ASPI,At_Advanced,255,,0.18
2009,NAT,04,M,BL7,At_Advanced,222,,0.01
2009,NAT,04,M,EDS,At_Advanced,228,,0.01
2009,NAT,04,M,FEM,At_Advanced,238,,0.05
2009,NAT,04,M,HI7,At_Advanced,227,,0.01
2009,NAT,04,M,ELS,At_Advanced,218,0.94,0.01
2009,NAT,04,M,MALE,At_Advanced,240,,0.07
2009,NAT,04,M,NOT_EDS,At_Advanced,250,,0.1
2009,NAT,04,M,SWD,At_Advanced,220,0.85,0.02
2009,NAT,04,M,WH7,At_Advanced,248,,0.08
2009,NAT,08,M,ALL,At_Advanced,282,,0.07
2009,NAT,08,M,AIAN,At_Advanced,267,,0.03
2009,NAT,08,M,ASPI,At_Advanced,300,,0.2
2009,NAT,08,M,BL7,At_Advanced,260,,0.01
2009,NAT,08,M,EDS,At_Advanced,266,,0.02
2009,NAT,08,M,FEM,At_Advanced,281,,0.07
2009,NAT,08,M,HI7,At_Advanced,266,,0.02
2009,NAT,08,M,ELS,At_Advanced,243,0.92,0.01
2009,NAT,08,M,MALE,At_Advanced,283,,0.08
2009,NAT,08,M,NOT_EDS,At_Advanced,293,,0.12
2009,NAT,08,M,SWD,At_Advanced,249,0.78,0.01
2009,NAT,08,M,WH7,At_Advanced,292,,0.1
2009,NAT,04,RD,ALL,At_Advanced,220,,0.07
2009,NAT,04,RD,AIAN,At_Advanced,206,,0.05
2009,NAT,04,RD,ASPI,At_Advanced,234,,0.17
2009,NAT,04,RD,BL7,At_Advanced,204,,0.02
2009,NAT,04,RD,EDS,At_Advanced,206,,0.02
2009,NAT,04,RD,FEM,At_Advanced,223,,0.09
2009,NAT,04,RD,HI7,At_Advanced,204,,0.02
2009,NAT,04,RD,ELS,At_Advanced,188,0.84,0
2009,NAT,04,RD,MALE,At_Advanced,216,,0.06
2009,NAT,04,RD,NOT_EDS,At_Advanced,232,,0.12
2009,NAT,04,RD,SWD,At_Advanced,189,0.72,0.02
2009,NAT,04,RD,WH7,At_Advanced,229,,0.1
2009,NAT,08,RD,ALL,At_Advanced,262,,0.02
2009,NAT,08,RD,AIAN,At_Advanced,252,,0.02
2009,NAT,08,RD,ASPI,At_Advanced,273,,0.06
2009,NAT,08,RD,BL7,At_Advanced,245,,0
2009,NAT,08,RD,EDS,At_Advanced,249,,0.01
2009,NAT,08,RD,FEM,At_Advanced,267,,0.03
2009,NAT,08,RD,HI7,At_Advanced,248,,0.01
2009,NAT,08,RD,ELS,At_Advanced,219,0.83,0
2009,NAT,08,RD,MALE,At_Advanced,258,,0.02
2009,NAT,08,RD,NOT_EDS,At_Advanced,273,,0.04
2009,NAT,08,RD,SWD,At_Advanced,229,0.72,0
2009,NAT,08,RD,WH7,At_Advanced,271,,0.03
2009,NC-SEA,04,M,ALL,At_Advanced,244,,0.08
2009,NC-SEA,04,M,AIAN,At_Advanced,232,,0.02
2009,NC-SEA,04,M,ASPI,At_Advanced,259,,0.25
2009,NC-SEA,04,M,BL7,At_Advanced,226,,0.01
2009,NC-SEA,04,M,EDS,At_Advanced,232,,0.02
2009,NC-SEA,04,M,FEM,At_Advanced,244,,0.08
2009,NC-SEA,04,M,HI7,At_Advanced,236,,0.02
2009,NC-SEA,04,M,ELS,At_Advanced,229,0.96,0.01
2009,NC-SEA,04,M,MALE,At_Advanced,244,,0.08
2009,NC-SEA,04,M,NOT_EDS,At_Advanced,255,,0.14
2009,NC-SEA,04,M,SWD,At_Advanced,224,0.87,0.02
2009,NC-SEA,04,M,WH7,At_Advanced,254,,0.13
2009,NC-SEA,08,M,ALL,At_Advanced,284,,0.09
2009,NC-SEA,08,M,AIAN,At_Advanced,256,,0.02
2009,NC-SEA,08,M,ASPI,At_Advanced,311,,0.36
2009,NC-SEA,08,M,BL7,At_Advanced,262,,0.01
2009,NC-SEA,08,M,EDS,At_Advanced,268,,0.03
2009,NC-SEA,08,M,FEM,At_Advanced,284,,0.09
2009,NC-SEA,08,M,HI7,At_Advanced,274,,0.02
2009,NC-SEA,08,M,ELS,At_Advanced,259,0.92,0.01
2009,NC-SEA,08,M,MALE,At_Advanced,284,,0.09
2009,NC-SEA,08,M,NOT_EDS,At_Advanced,298,,0.15
2009,NC-SEA,08,M,SWD,At_Advanced,251,0.88,0.02
2009,NC-SEA,08,M,WH7,At_Advanced,297,,0.14
2009,NC-SEA,04,RD,ALL,At_Advanced,219,,0.07
2009,NC-SEA,04,RD,AIAN,At_Advanced,202,,0.06
2009,NC-SEA,04,RD,ASPI,At_Advanced,241,,0.15
2009,NC-SEA,04,RD,BL7,At_Advanced,204,,0.01
2009,NC-SEA,04,RD,EDS,At_Advanced,205,,0.02
2009,NC-SEA,04,RD,FEM,At_Advanced,224,,0.08
2009,NC-SEA,04,RD,HI7,At_Advanced,204,,0.03
2009,NC-SEA,04,RD,ELS,At_Advanced,189,0.85,0.01
2009,NC-SEA,04,RD,MALE,At_Advanced,215,,0.06
2009,NC-SEA,04,RD,NOT_EDS,At_Advanced,233,,0.12
2009,NC-SEA,04,RD,SWD,At_Advanced,187,0.86,0.02
2009,NC-SEA,04,RD,WH7,At_Advanced,230,,0.11
2009,NC-SEA,08,RD,ALL,At_Advanced,260,,0.03
2009,NC-SEA,08,RD,AIAN,At_Advanced,235,,0.02
2009,NC-SEA,08,RD,ASPI,At_Advanced,272,,0.08
2009,NC-SEA,08,RD,BL7,At_Advanced,243,,0
2009,NC-SEA,08,RD,EDS,At_Advanced,245,,0.01
2009,NC-SEA,08,RD,FEM,At_Advanced,267,,0.04
2009,NC-SEA,08,RD,HI7,At_Advanced,249,,0.02
2009,NC-SEA,08,RD,ELS,At_Advanced,226,0.86,0
2009,NC-SEA,08,RD,MALE,At_Advanced,253,,0.01
2009,NC-SEA,08,RD,NOT_EDS,At_Advanced,271,,0.04
2009,NC-SEA,08,RD,SWD,At_Advanced,221,0.86,0
2009,NC-SEA,08,RD,WH7,At_Advanced,270,,0.04
2011,NAT,04,M,ALL,At_Advanced,240,,0.06
2011,NAT,04,M,AIAN,At_Advanced,227,,0.02
2011,NAT,04,M,ASPI,At_Advanced,256,,0.2
2011,NAT,04,M,BL7,At_Advanced,224,,0.01
2011,NAT,04,M,EDS,At_Advanced,229,,0.02
2011,NAT,04,M,FEM,At_Advanced,239,,0.06
2011,NAT,04,M,HI7,At_Advanced,229,,0.02
2011,NAT,04,M,ELS,At_Advanced,219,0.89,0.01
2011,NAT,04,M,MALE,At_Advanced,241,,0.07
2011,NAT,04,M,NOT_EDS,At_Advanced,252,,0.12
2011,NAT,04,M,SWD,At_Advanced,218,0.84,0.02
2011,NAT,04,M,WH7,At_Advanced,249,,0.09
2011,NAT,08,M,ALL,At_Advanced,283,,0.08
2011,NAT,08,M,AIAN,At_Advanced,266,,0.04
2011,NAT,08,M,ASPI,At_Advanced,302,,0.22
2011,NAT,08,M,BL7,At_Advanced,262,,0.01
2011,NAT,08,M,EDS,At_Advanced,269,,0.02
2011,NAT,08,M,FEM,At_Advanced,282,,0.07
2011,NAT,08,M,HI7,At_Advanced,269,,0.03
2011,NAT,08,M,ELS,At_Advanced,244,0.86,0.01
2011,NAT,08,M,MALE,At_Advanced,283,,0.09
2011,NAT,08,M,NOT_EDS,At_Advanced,295,,0.13
2011,NAT,08,M,SWD,At_Advanced,249,0.76,0.02
2011,NAT,08,M,WH7,At_Advanced,293,,0.1
2011,NAT,04,RD,ALL,At_Advanced,220,,0.07
2011,NAT,04,RD,AIAN,At_Advanced,204,,0.04
2011,NAT,04,RD,ASPI,At_Advanced,234,,0.17
2011,NAT,04,RD,BL7,At_Advanced,205,,0.02
2011,NAT,04,RD,EDS,At_Advanced,207,,0.02
2011,NAT,04,RD,FEM,At_Advanced,223,,0.09
2011,NAT,04,RD,HI7,At_Advanced,205,,0.02
2011,NAT,04,RD,ELS,At_Advanced,188,0.89,0.01
2011,NAT,04,RD,MALE,At_Advanced,217,,0.06
2011,NAT,04,RD,NOT_EDS,At_Advanced,234,,0.13
2011,NAT,04,RD,SWD,At_Advanced,186,0.77,0.02
2011,NAT,04,RD,WH7,At_Advanced,230,,0.1
2011,NAT,08,RD,ALL,At_Advanced,264,,0.03
2011,NAT,08,RD,AIAN,At_Advanced,253,,0.02
2011,NAT,08,RD,ASPI,At_Advanced,275,,0.08
2011,NAT,08,RD,BL7,At_Advanced,248,,0.01
2011,NAT,08,RD,EDS,At_Advanced,251,,0.01
2011,NAT,08,RD,FEM,At_Advanced,268,,0.04
2011,NAT,08,RD,HI7,At_Advanced,251,,0.01
2011,NAT,08,RD,ELS,At_Advanced,223,0.86,0
2011,NAT,08,RD,MALE,At_Advanced,259,,0.02
2011,NAT,08,RD,NOT_EDS,At_Advanced,275,,0.05
2011,NAT,08,RD,SWD,At_Advanced,230,0.76,0
2011,NAT,08,RD,WH7,At_Advanced,272,,0.04
2011,NC-SEA,04,M,ALL,At_Advanced,245,,0.07
2011,NC-SEA,04,M,AIAN,At_Advanced,225,,0.03
2011,NC-SEA,04,M,ASPI,At_Advanced,263,,0.26
2011,NC-SEA,04,M,BL7,At_Advanced,229,,0
2011,NC-SEA,04,M,EDS,At_Advanced,235,,0.02
2011,NC-SEA,04,M,FEM,At_Advanced,244,,0.06
2011,NC-SEA,04,M,HI7,At_Advanced,238,,0.02
2011,NC-SEA,04,M,ELS,At_Advanced,229,0.96,0
2011,NC-SEA,04,M,MALE,At_Advanced,245,,0.08
2011,NC-SEA,04,M,NOT_EDS,At_Advanced,256,,0.13
2011,NC-SEA,04,M,SWD,At_Advanced,225,0.87,0.01
2011,NC-SEA,04,M,WH7,At_Advanced,253,,0.1
2011,NC-SEA,08,M,ALL,At_Advanced,286,,0.1
2011,NC-SEA,08,M,AIAN,At_Advanced,265,,0.05
2011,NC-SEA,08,M,ASPI,At_Advanced,314,,0.38
2011,NC-SEA,08,M,BL7,At_Advanced,267,,0.02
2011,NC-SEA,08,M,EDS,At_Advanced,273,,0.03
2011,NC-SEA,08,M,FEM,At_Advanced,287,,0.09
2011,NC-SEA,08,M,HI7,At_Advanced,275,,0.04
2011,NC-SEA,08,M,ELS,At_Advanced,254,0.91,0
2011,NC-SEA,08,M,MALE,At_Advanced,285,,0.1
2011,NC-SEA,08,M,NOT_EDS,At_Advanced,300,,0.16
2011,NC-SEA,08,M,SWD,At_Advanced,254,0.85,0.01
2011,NC-SEA,08,M,WH7,At_Advanced,296,,0.13
2011,NC-SEA,04,RD,ALL,At_Advanced,221,,0.08
2011,NC-SEA,04,RD,AIAN,At_Advanced,192,,0.02
2011,NC-SEA,04,RD,ASPI,At_Advanced,236,,0.19
2011,NC-SEA,04,RD,BL7,At_Advanced,206,,0.02
2011,NC-SEA,04,RD,EDS,At_Advanced,208,,0.02
2011,NC-SEA,04,RD,FEM,At_Advanced,225,,0.1
2011,NC-SEA,04,RD,HI7,At_Advanced,207,,0.04
2011,NC-SEA,04,RD,ELS,At_Advanced,189,0.96,0.01
2011,NC-SEA,04,RD,MALE,At_Advanced,217,,0.07
2011,NC-SEA,04,RD,NOT_EDS,At_Advanced,236,,0.14
2011,NC-SEA,04,RD,SWD,At_Advanced,184,0.84,0.01
2011,NC-SEA,04,RD,WH7,At_Advanced,232,,0.12
2011,NC-SEA,08,RD,ALL,At_Advanced,263,,0.03
2011,NC-SEA,08,RD,AIAN,At_Advanced,245,,0.03
2011,NC-SEA,08,RD,ASPI,At_Advanced,274,,0.08
2011,NC-SEA,08,RD,BL7,At_Advanced,247,,0
2011,NC-SEA,08,RD,EDS,At_Advanced,252,,0.01
2011,NC-SEA,08,RD,FEM,At_Advanced,270,,0.04
2011,NC-SEA,08,RD,HI7,At_Advanced,256,,0.01
2011,NC-SEA,08,RD,ELS,At_Advanced,233,0.91,0
2011,NC-SEA,08,RD,MALE,At_Advanced,256,,0.02
2011,NC-SEA,08,RD,NOT_EDS,At_Advanced,274,,0.05
2011,NC-SEA,08,RD,SWD,At_Advanced,227,0.85,0
2011,NC-SEA,08,RD,WH7,At_Advanced,271,,0.04
2013,NAT,04,M,ALL,At_Advanced,241,,0.08
2013,NAT,04,M,AIAN,At_Advanced,228,,0.02
2013,NAT,04,M,ASPI,At_Advanced,258,,0.23
2013,NAT,04,M,BL7,At_Advanced,224,,0.01
2013,NAT,04,M,EDS,At_Advanced,230,,0.02
2013,NAT,04,M,FEM,At_Advanced,241,,0.07
2013,NAT,04,M,HI7,At_Advanced,230,,0.02
2013,NAT,04,M,ELS,At_Advanced,219,0.96,0.01
2013,NAT,04,M,MALE,At_Advanced,242,,0.08
2013,NAT,04,M,NOT_EDS,At_Advanced,254,,0.14
2013,NAT,04,M,SWD,At_Advanced,218,0.9,0.02
2013,NAT,04,M,WH7,At_Advanced,250,,0.1
2013,NAT,08,M,ALL,At_Advanced,284,,0.08
2013,NAT,08,M,AIAN,At_Advanced,270,,0.03
2013,NAT,08,M,ASPI,At_Advanced,306,,0.25
2013,NAT,08,M,BL7,At_Advanced,263,,0.02
2013,NAT,08,M,EDS,At_Advanced,270,,0.03
2013,NAT,08,M,FEM,At_Advanced,283,,0.07
2013,NAT,08,M,HI7,At_Advanced,271,,0.03
2013,NAT,08,M,ELS,At_Advanced,245,0.93,0.01
2013,NAT,08,M,MALE,At_Advanced,284,,0.09
2013,NAT,08,M,NOT_EDS,At_Advanced,297,,0.14
2013,NAT,08,M,SWD,At_Advanced,248,0.89,0.01
2013,NAT,08,M,WH7,At_Advanced,293,,0.11
2013,NAT,04,RD,ALL,At_Advanced,221,,0.08
2013,NAT,04,RD,AIAN,At_Advanced,206,,0.04
2013,NAT,04,RD,ASPI,At_Advanced,235,,0.18
2013,NAT,04,RD,BL7,At_Advanced,205,,0.02
2013,NAT,04,RD,EDS,At_Advanced,207,,0.03
2013,NAT,04,RD,FEM,At_Advanced,224,,0.09
2013,NAT,04,RD,HI7,At_Advanced,207,,0.03
2013,NAT,04,RD,ELS,At_Advanced,187,0.92,0.01
2013,NAT,04,RD,MALE,At_Advanced,217,,0.07
2013,NAT,04,RD,NOT_EDS,At_Advanced,236,,0.14
2013,NAT,04,RD,SWD,At_Advanced,184,0.83,0.02
2013,NAT,04,RD,WH7,At_Advanced,231,,0.11
2013,NAT,08,RD,ALL,At_Advanced,266,,0.04
2013,NAT,08,RD,AIAN,At_Advanced,252,,0.01
2013,NAT,08,RD,ASPI,At_Advanced,279,,0.09
2013,NAT,08,RD,BL7,At_Advanced,250,,0.01
2013,NAT,08,RD,EDS,At_Advanced,254,,0.01
2013,NAT,08,RD,FEM,At_Advanced,271,,0.05
2013,NAT,08,RD,HI7,At_Advanced,255,,0.01
2013,NAT,08,RD,ELS,At_Advanced,225,0.9,0
2013,NAT,08,RD,MALE,At_Advanced,261,,0.02
2013,NAT,08,RD,NOT_EDS,At_Advanced,278,,0.06
2013,NAT,08,RD,SWD,At_Advanced,231,0.84,0
2013,NAT,08,RD,WH7,At_Advanced,275,,0.05
2013,NC-SEA,04,M,ALL,At_Advanced,245,,0.08
2013,NC-SEA,04,M,AIAN,At_Advanced,225,,0
2013,NC-SEA,04,M,ASPI,At_Advanced,261,,0.29
2013,NC-SEA,04,M,BL7,At_Advanced,230,,0.01
2013,NC-SEA,04,M,EDS,At_Advanced,235,,0.02
2013,NC-SEA,04,M,FEM,At_Advanced,245,,0.08
2013,NC-SEA,04,M,HI7,At_Advanced,239,,0.03
2013,NC-SEA,04,M,ELS,At_Advanced,226,0.95,0
2013,NC-SEA,04,M,MALE,At_Advanced,245,,0.08
2013,NC-SEA,04,M,NOT_EDS,At_Advanced,259,,0.16
2013,NC-SEA,04,M,SWD,At_Advanced,223,0.92,0.02
2013,NC-SEA,04,M,WH7,At_Advanced,254,,0.12
2013,NC-SEA,08,M,ALL,At_Advanced,286,,0.09
2013,NC-SEA,08,M,AIAN,At_Advanced,0,,0
2013,NC-SEA,08,M,ASPI,At_Advanced,298,,0.25
2013,NC-SEA,08,M,BL7,At_Advanced,268,,0.02
2013,NC-SEA,08,M,EDS,At_Advanced,274,,0.04
2013,NC-SEA,08,M,FEM,At_Advanced,286,,0.09
2013,NC-SEA,08,M,HI7,At_Advanced,279,,0.05
2013,NC-SEA,08,M,ELS,At_Advanced,255,0.94,0.01
2013,NC-SEA,08,M,MALE,At_Advanced,285,,0.1
2013,NC-SEA,08,M,NOT_EDS,At_Advanced,300,,0.16
2013,NC-SEA,08,M,SWD,At_Advanced,250,0.92,0.01
2013,NC-SEA,08,M,WH7,At_Advanced,296,,0.14
2013,NC-SEA,04,RD,ALL,At_Advanced,222,,0.08
2013,NC-SEA,04,RD,AIAN,At_Advanced,206,,0.02
2013,NC-SEA,04,RD,ASPI,At_Advanced,236,,0.19
2013,NC-SEA,04,RD,BL7,At_Advanced,210,,0.02
2013,NC-SEA,04,RD,EDS,At_Advanced,211,,0.03
2013,NC-SEA,04,RD,FEM,At_Advanced,226,,0.1
2013,NC-SEA,04,RD,HI7,At_Advanced,210,,0.04
2013,NC-SEA,04,RD,ELS,At_Advanced,183,0.93,0
2013,NC-SEA,04,RD,MALE,At_Advanced,219,,0.06
2013,NC-SEA,04,RD,NOT_EDS,At_Advanced,237,,0.15
2013,NC-SEA,04,RD,SWD,At_Advanced,185,0.89,0.01
2013,NC-SEA,04,RD,WH7,At_Advanced,232,,0.11
2013,NC-SEA,08,RD,ALL,At_Advanced,265,,0.04
2013,NC-SEA,08,RD,AIAN,At_Advanced,0,,0
2013,NC-SEA,08,RD,ASPI,At_Advanced,272,,0.06
2013,NC-SEA,08,RD,BL7,At_Advanced,251,,0.01
2013,NC-SEA,08,RD,EDS,At_Advanced,253,,0.01
2013,NC-SEA,08,RD,FEM,At_Advanced,271,,0.06
2013,NC-SEA,08,RD,HI7,At_Advanced,258,,0.01
2013,NC-SEA,08,RD,ELS,At_Advanced,232,0.91,0
2013,NC-SEA,08,RD,MALE,At_Advanced,258,,0.02
2013,NC-SEA,08,RD,NOT_EDS,At_Advanced,278,,0.07
2013,NC-SEA,08,RD,SWD,At_Advanced,228,0.89,0
2013,NC-SEA,08,RD,WH7,At_Advanced,273,,0.06
2009,NAT,04,M,ALL,At_Basic,239,,0.43
2009,NAT,04,M,AIAN,At_Basic,227,,0.45
2009,NAT,04,M,ASPI,At_Basic,255,,0.31
2009,NAT,04,M,BL7,At_Basic,222,,0.48
2009,NAT,04,M,EDS,At_Basic,228,,0.49
2009,NAT,04,M,FEM,At_Basic,238,,0.44
2009,NAT,04,M,HI7,At_Basic,227,,0.49
2009,NAT,04,M,ELS,At_Basic,218,0.94,0.45
2009,NAT,04,M,MALE,At_Basic,240,,0.41
2009,NAT,04,M,NOT_EDS,At_Basic,250,,0.37
2009,NAT,04,M,SWD,At_Basic,220,0.85,0.4
2009,NAT,04,M,WH7,At_Basic,248,,0.4
2009,NAT,08,M,ALL,At_Basic,282,,0.39
2009,NAT,08,M,AIAN,At_Basic,267,,0.37
2009,NAT,08,M,ASPI,At_Basic,300,,0.31
2009,NAT,08,M,BL7,At_Basic,260,,0.37
2009,NAT,08,M,EDS,At_Basic,266,,0.4
2009,NAT,08,M,FEM,At_Basic,281,,0.4
2009,NAT,08,M,HI7,At_Basic,266,,0.39
2009,NAT,08,M,ELS,At_Basic,243,0.92,0.23
2009,NAT,08,M,MALE,At_Basic,283,,0.38
2009,NAT,08,M,NOT_EDS,At_Basic,293,,0.38
2009,NAT,08,M,SWD,At_Basic,249,0.78,0.27
2009,NAT,08,M,WH7,At_Basic,292,,0.4
2009,NAT,04,RD,ALL,At_Basic,220,,0.34
2009,NAT,04,RD,AIAN,At_Basic,206,,0.3
2009,NAT,04,RD,ASPI,At_Basic,234,,0.3
2009,NAT,04,RD,BL7,At_Basic,204,,0.32
2009,NAT,04,RD,EDS,At_Basic,206,,0.34
2009,NAT,04,RD,FEM,At_Basic,223,,0.35
2009,NAT,04,RD,HI7,At_Basic,204,,0.32
2009,NAT,04,RD,ELS,At_Basic,188,0.84,0.23
2009,NAT,04,RD,MALE,At_Basic,216,,0.34
2009,NAT,04,RD,NOT_EDS,At_Basic,232,,0.35
2009,NAT,04,RD,SWD,At_Basic,189,0.72,0.22
2009,NAT,04,RD,WH7,At_Basic,229,,0.36
2009,NAT,08,RD,ALL,At_Basic,262,,0.43
2009,NAT,08,RD,AIAN,At_Basic,252,,0.41
2009,NAT,08,RD,ASPI,At_Basic,273,,0.38
2009,NAT,08,RD,BL7,At_Basic,245,,0.43
2009,NAT,08,RD,EDS,At_Basic,249,,0.44
2009,NAT,08,RD,FEM,At_Basic,267,,0.43
2009,NAT,08,RD,HI7,At_Basic,248,,0.43
2009,NAT,08,RD,ELS,At_Basic,219,0.83,0.22
2009,NAT,08,RD,MALE,At_Basic,258,,0.44
2009,NAT,08,RD,NOT_EDS,At_Basic,273,,0.43
2009,NAT,08,RD,SWD,At_Basic,229,0.72,0.29
2009,NAT,08,RD,WH7,At_Basic,271,,0.44
2009,NC-SEA,04,M,ALL,At_Basic,244,,0.43
2009,NC-SEA,04,M,AIAN,At_Basic,232,,0.47
2009,NC-SEA,04,M,ASPI,At_Basic,259,,0.31
2009,NC-SEA,04,M,BL7,At_Basic,226,,0.53
2009,NC-SEA,04,M,EDS,At_Basic,232,,0.53
2009,NC-SEA,04,M,FEM,At_Basic,244,,0.45
2009,NC-SEA,04,M,HI7,At_Basic,236,,0.57
2009,NC-SEA,04,M,ELS,At_Basic,229,0.96,0.57
2009,NC-SEA,04,M,MALE,At_Basic,244,,0.42
2009,NC-SEA,04,M,NOT_EDS,At_Basic,255,,0.34
2009,NC-SEA,04,M,SWD,At_Basic,224,0.87,0.42
2009,NC-SEA,04,M,WH7,At_Basic,254,,0.36
2009,NC-SEA,08,M,ALL,At_Basic,284,,0.38
2009,NC-SEA,08,M,AIAN,At_Basic,256,,0.3
2009,NC-SEA,08,M,ASPI,At_Basic,311,,0.22
2009,NC-SEA,08,M,BL7,At_Basic,262,,0.41
2009,NC-SEA,08,M,EDS,At_Basic,268,,0.4
2009,NC-SEA,08,M,FEM,At_Basic,284,,0.41
2009,NC-SEA,08,M,HI7,At_Basic,274,,0.43
2009,NC-SEA,08,M,ELS,At_Basic,259,0.92,0.4
2009,NC-SEA,08,M,MALE,At_Basic,284,,0.36
2009,NC-SEA,08,M,NOT_EDS,At_Basic,298,,0.36
2009,NC-SEA,08,M,SWD,At_Basic,251,0.88,0.27
2009,NC-SEA,08,M,WH7,At_Basic,297,,0.36
2009,NC-SEA,04,RD,ALL,At_Basic,219,,0.33
2009,NC-SEA,04,RD,AIAN,At_Basic,202,,0.28
2009,NC-SEA,04,RD,ASPI,At_Basic,241,,0.38
2009,NC-SEA,04,RD,BL7,At_Basic,204,,0.33
2009,NC-SEA,04,RD,EDS,At_Basic,205,,0.33
2009,NC-SEA,04,RD,FEM,At_Basic,224,,0.34
2009,NC-SEA,04,RD,HI7,At_Basic,204,,0.33
2009,NC-SEA,04,RD,ELS,At_Basic,189,0.85,0.22
2009,NC-SEA,04,RD,MALE,At_Basic,215,,0.32
2009,NC-SEA,04,RD,NOT_EDS,At_Basic,233,,0.33
2009,NC-SEA,04,RD,SWD,At_Basic,187,0.86,0.22
2009,NC-SEA,04,RD,WH7,At_Basic,230,,0.33
2009,NC-SEA,08,RD,ALL,At_Basic,260,,0.41
2009,NC-SEA,08,RD,AIAN,At_Basic,235,,0.3
2009,NC-SEA,08,RD,ASPI,At_Basic,272,,0.34
2009,NC-SEA,08,RD,BL7,At_Basic,243,,0.41
2009,NC-SEA,08,RD,EDS,At_Basic,245,,0.41
2009,NC-SEA,08,RD,FEM,At_Basic,267,,0.41
2009,NC-SEA,08,RD,HI7,At_Basic,249,,0.39
2009,NC-SEA,08,RD,ELS,At_Basic,226,0.86,0.3
2009,NC-SEA,08,RD,MALE,At_Basic,253,,0.42
2009,NC-SEA,08,RD,NOT_EDS,At_Basic,271,,0.41
2009,NC-SEA,08,RD,SWD,At_Basic,221,0.86,0.22
2009,NC-SEA,08,RD,WH7,At_Basic,270,,0.43
2011,NAT,04,M,ALL,At_Basic,240,,0.42
2011,NAT,04,M,AIAN,At_Basic,227,,0.44
2011,NAT,04,M,ASPI,At_Basic,256,,0.29
2011,NAT,04,M,BL7,At_Basic,224,,0.49
2011,NAT,04,M,EDS,At_Basic,229,,0.48
2011,NAT,04,M,FEM,At_Basic,239,,0.43
2011,NAT,04,M,HI7,At_Basic,229,,0.48
2011,NAT,04,M,ELS,At_Basic,219,0.89,0.45
2011,NAT,04,M,MALE,At_Basic,241,,0.41
2011,NAT,04,M,NOT_EDS,At_Basic,252,,0.35
2011,NAT,04,M,SWD,At_Basic,218,0.84,0.38
2011,NAT,04,M,WH7,At_Basic,249,,0.39
2011,NAT,08,M,ALL,At_Basic,283,,0.39
2011,NAT,08,M,AIAN,At_Basic,266,,0.38
2011,NAT,08,M,ASPI,At_Basic,302,,0.3
2011,NAT,08,M,BL7,At_Basic,262,,0.37
2011,NAT,08,M,EDS,At_Basic,269,,0.41
2011,NAT,08,M,FEM,At_Basic,282,,0.4
2011,NAT,08,M,HI7,At_Basic,269,,0.4
2011,NAT,08,M,ELS,At_Basic,244,0.86,0.24
2011,NAT,08,M,MALE,At_Basic,283,,0.38
2011,NAT,08,M,NOT_EDS,At_Basic,295,,0.37
2011,NAT,08,M,SWD,At_Basic,249,0.76,0.27
2011,NAT,08,M,WH7,At_Basic,293,,0.39
2011,NAT,04,RD,ALL,At_Basic,220,,0.34
2011,NAT,04,RD,AIAN,At_Basic,204,,0.3
2011,NAT,04,RD,ASPI,At_Basic,234,,0.3
2011,NAT,04,RD,BL7,At_Basic,205,,0.32
2011,NAT,04,RD,EDS,At_Basic,207,,0.34
2011,NAT,04,RD,FEM,At_Basic,223,,0.34
2011,NAT,04,RD,HI7,At_Basic,205,,0.33
2011,NAT,04,RD,ELS,At_Basic,188,0.89,0.24
2011,NAT,04,RD,MALE,At_Basic,217,,0.33
2011,NAT,04,RD,NOT_EDS,At_Basic,234,,0.34
2011,NAT,04,RD,SWD,At_Basic,186,0.77,0.21
2011,NAT,04,RD,WH7,At_Basic,230,,0.35
2011,NAT,08,RD,ALL,At_Basic,264,,0.43
2011,NAT,08,RD,AIAN,At_Basic,253,,0.42
2011,NAT,08,RD,ASPI,At_Basic,275,,0.36
2011,NAT,08,RD,BL7,At_Basic,248,,0.44
2011,NAT,08,RD,EDS,At_Basic,251,,0.45
2011,NAT,08,RD,FEM,At_Basic,268,,0.43
2011,NAT,08,RD,HI7,At_Basic,251,,0.45
2011,NAT,08,RD,ELS,At_Basic,223,0.86,0.26
2011,NAT,08,RD,MALE,At_Basic,259,,0.43
2011,NAT,08,RD,NOT_EDS,At_Basic,275,,0.41
2011,NAT,08,RD,SWD,At_Basic,230,0.76,0.29
2011,NAT,08,RD,WH7,At_Basic,272,,0.43
2011,NC-SEA,04,M,ALL,At_Basic,245,,0.44
2011,NC-SEA,04,M,AIAN,At_Basic,225,,0.44
2011,NC-SEA,04,M,ASPI,At_Basic,263,,0.26
2011,NC-SEA,04,M,BL7,At_Basic,229,,0.57
2011,NC-SEA,04,M,EDS,At_Basic,235,,0.54
2011,NC-SEA,04,M,FEM,At_Basic,244,,0.44
2011,NC-SEA,04,M,HI7,At_Basic,238,,0.53
2011,NC-SEA,04,M,ELS,At_Basic,229,0.96,0.62
2011,NC-SEA,04,M,MALE,At_Basic,245,,0.44
2011,NC-SEA,04,M,NOT_EDS,At_Basic,256,,0.33
2011,NC-SEA,04,M,SWD,At_Basic,225,0.87,0.5
2011,NC-SEA,04,M,WH7,At_Basic,253,,0.36
2011,NC-SEA,08,M,ALL,At_Basic,286,,0.38
2011,NC-SEA,08,M,AIAN,At_Basic,265,,0.32
2011,NC-SEA,08,M,ASPI,At_Basic,314,,0.17
2011,NC-SEA,08,M,BL7,At_Basic,267,,0.42
2011,NC-SEA,08,M,EDS,At_Basic,273,,0.43
2011,NC-SEA,08,M,FEM,At_Basic,287,,0.4
2011,NC-SEA,08,M,HI7,At_Basic,275,,0.43
2011,NC-SEA,08,M,ELS,At_Basic,254,0.91,0.33
2011,NC-SEA,08,M,MALE,At_Basic,285,,0.37
2011,NC-SEA,08,M,NOT_EDS,At_Basic,300,,0.34
2011,NC-SEA,08,M,SWD,At_Basic,254,0.85,0.33
2011,NC-SEA,08,M,WH7,At_Basic,296,,0.37
2011,NC-SEA,04,RD,ALL,At_Basic,221,,0.34
2011,NC-SEA,04,RD,AIAN,At_Basic,192,,0.28
2011,NC-SEA,04,RD,ASPI,At_Basic,236,,0.33
2011,NC-SEA,04,RD,BL7,At_Basic,206,,0.34
2011,NC-SEA,04,RD,EDS,At_Basic,208,,0.35
2011,NC-SEA,04,RD,FEM,At_Basic,225,,0.34
2011,NC-SEA,04,RD,HI7,At_Basic,207,,0.32
2011,NC-SEA,04,RD,ELS,At_Basic,189,0.96,0.25
2011,NC-SEA,04,RD,MALE,At_Basic,217,,0.35
2011,NC-SEA,04,RD,NOT_EDS,At_Basic,236,,0.34
2011,NC-SEA,04,RD,SWD,At_Basic,184,0.84,0.21
2011,NC-SEA,04,RD,WH7,At_Basic,232,,0.35
2011,NC-SEA,08,RD,ALL,At_Basic,263,,0.43
2011,NC-SEA,08,RD,AIAN,At_Basic,245,,0.36
2011,NC-SEA,08,RD,ASPI,At_Basic,274,,0.39
2011,NC-SEA,08,RD,BL7,At_Basic,247,,0.43
2011,NC-SEA,08,RD,EDS,At_Basic,252,,0.45
2011,NC-SEA,08,RD,FEM,At_Basic,270,,0.43
2011,NC-SEA,08,RD,HI7,At_Basic,256,,0.45
2011,NC-SEA,08,RD,ELS,At_Basic,233,0.91,0.35
2011,NC-SEA,08,RD,MALE,At_Basic,256,,0.42
2011,NC-SEA,08,RD,NOT_EDS,At_Basic,274,,0.41
2011,NC-SEA,08,RD,SWD,At_Basic,227,0.85,0.27
2011,NC-SEA,08,RD,WH7,At_Basic,271,,0.42
2013,NAT,04,M,ALL,At_Basic,241,,0.41
2013,NAT,04,M,AIAN,At_Basic,228,,0.46
2013,NAT,04,M,ASPI,At_Basic,258,,0.27
2013,NAT,04,M,BL7,At_Basic,224,,0.48
2013,NAT,04,M,EDS,At_Basic,230,,0.47
2013,NAT,04,M,FEM,At_Basic,241,,0.42
2013,NAT,04,M,HI7,At_Basic,230,,0.47
2013,NAT,04,M,ELS,At_Basic,219,0.96,0.45
2013,NAT,04,M,MALE,At_Basic,242,,0.4
2013,NAT,04,M,NOT_EDS,At_Basic,254,,0.33
2013,NAT,04,M,SWD,At_Basic,218,0.9,0.38
2013,NAT,04,M,WH7,At_Basic,250,,0.37
2013,NAT,08,M,ALL,At_Basic,284,,0.39
2013,NAT,08,M,AIAN,At_Basic,270,,0.38
2013,NAT,08,M,ASPI,At_Basic,306,,0.27
2013,NAT,08,M,BL7,At_Basic,263,,0.38
2013,NAT,08,M,EDS,At_Basic,270,,0.41
2013,NAT,08,M,FEM,At_Basic,283,,0.4
2013,NAT,08,M,HI7,At_Basic,271,,0.41
2013,NAT,08,M,ELS,At_Basic,245,0.93,0.25
2013,NAT,08,M,MALE,At_Basic,284,,0.38
2013,NAT,08,M,NOT_EDS,At_Basic,297,,0.36
2013,NAT,08,M,SWD,At_Basic,248,0.89,0.26
2013,NAT,08,M,WH7,At_Basic,293,,0.39
2013,NAT,04,RD,ALL,At_Basic,221,,0.33
2013,NAT,04,RD,AIAN,At_Basic,206,,0.3
2013,NAT,04,RD,ASPI,At_Basic,235,,0.28
2013,NAT,04,RD,BL7,At_Basic,205,,0.32
2013,NAT,04,RD,EDS,At_Basic,207,,0.34
2013,NAT,04,RD,FEM,At_Basic,224,,0.33
2013,NAT,04,RD,HI7,At_Basic,207,,0.33
2013,NAT,04,RD,ELS,At_Basic,187,0.92,0.24
2013,NAT,04,RD,MALE,At_Basic,217,,0.33
2013,NAT,04,RD,NOT_EDS,At_Basic,236,,0.32
2013,NAT,04,RD,SWD,At_Basic,184,0.83,0.2
2013,NAT,04,RD,WH7,At_Basic,231,,0.34
2013,NAT,08,RD,ALL,At_Basic,266,,0.42
2013,NAT,08,RD,AIAN,At_Basic,252,,0.44
2013,NAT,08,RD,ASPI,At_Basic,279,,0.35
2013,NAT,08,RD,BL7,At_Basic,250,,0.44
2013,NAT,08,RD,EDS,At_Basic,254,,0.46
2013,NAT,08,RD,FEM,At_Basic,271,,0.41
2013,NAT,08,RD,HI7,At_Basic,255,,0.46
2013,NAT,08,RD,ELS,At_Basic,225,0.9,0.26
2013,NAT,08,RD,MALE,At_Basic,261,,0.43
2013,NAT,08,RD,NOT_EDS,At_Basic,278,,0.39
2013,NAT,08,RD,SWD,At_Basic,231,0.84,0.3
2013,NAT,08,RD,WH7,At_Basic,275,,0.41
2013,NC-SEA,04,M,ALL,At_Basic,245,,0.42
2013,NC-SEA,04,M,AIAN,At_Basic,225,,0.52
2013,NC-SEA,04,M,ASPI,At_Basic,261,,0.23
2013,NC-SEA,04,M,BL7,At_Basic,230,,0.53
2013,NC-SEA,04,M,EDS,At_Basic,235,,0.51
2013,NC-SEA,04,M,FEM,At_Basic,245,,0.43
2013,NC-SEA,04,M,HI7,At_Basic,239,,0.5
2013,NC-SEA,04,M,ELS,At_Basic,226,0.95,0.56
2013,NC-SEA,04,M,MALE,At_Basic,245,,0.4
2013,NC-SEA,04,M,NOT_EDS,At_Basic,259,,0.29
2013,NC-SEA,04,M,SWD,At_Basic,223,0.92,0.41
2013,NC-SEA,04,M,WH7,At_Basic,254,,0.33
2013,NC-SEA,08,M,ALL,At_Basic,286,,0.39
2013,NC-SEA,08,M,AIAN,At_Basic,0,,0
2013,NC-SEA,08,M,ASPI,At_Basic,298,,0.24
2013,NC-SEA,08,M,BL7,At_Basic,268,,0.41
2013,NC-SEA,08,M,EDS,At_Basic,274,,0.42
2013,NC-SEA,08,M,FEM,At_Basic,286,,0.4
2013,NC-SEA,08,M,HI7,At_Basic,279,,0.44
2013,NC-SEA,08,M,ELS,At_Basic,255,0.94,0.35
2013,NC-SEA,08,M,MALE,At_Basic,285,,0.38
2013,NC-SEA,08,M,NOT_EDS,At_Basic,300,,0.34
2013,NC-SEA,08,M,SWD,At_Basic,250,0.92,0.3
2013,NC-SEA,08,M,WH7,At_Basic,296,,0.37
2013,NC-SEA,04,RD,ALL,At_Basic,222,,0.34
2013,NC-SEA,04,RD,AIAN,At_Basic,206,,0.39
2013,NC-SEA,04,RD,ASPI,At_Basic,236,,0.24
2013,NC-SEA,04,RD,BL7,At_Basic,210,,0.35
2013,NC-SEA,04,RD,EDS,At_Basic,211,,0.36
2013,NC-SEA,04,RD,FEM,At_Basic,226,,0.35
2013,NC-SEA,04,RD,HI7,At_Basic,210,,0.33
2013,NC-SEA,04,RD,ELS,At_Basic,183,0.93,0.19
2013,NC-SEA,04,RD,MALE,At_Basic,219,,0.33
2013,NC-SEA,04,RD,NOT_EDS,At_Basic,237,,0.31
2013,NC-SEA,04,RD,SWD,At_Basic,185,0.89,0.21
2013,NC-SEA,04,RD,WH7,At_Basic,232,,0.34
2013,NC-SEA,08,RD,ALL,At_Basic,265,,0.43
2013,NC-SEA,08,RD,AIAN,At_Basic,0,,0
2013,NC-SEA,08,RD,ASPI,At_Basic,272,,0.38
2013,NC-SEA,08,RD,BL7,At_Basic,251,,0.47
2013,NC-SEA,08,RD,EDS,At_Basic,253,,0.46
2013,NC-SEA,08,RD,FEM,At_Basic,271,,0.41
2013,NC-SEA,08,RD,HI7,At_Basic,258,,0.49
2013,NC-SEA,08,RD,ELS,At_Basic,232,0.91,0.34
2013,NC-SEA,08,RD,MALE,At_Basic,258,,0.45
2013,NC-SEA,08,RD,NOT_EDS,At_Basic,278,,0.39
2013,NC-SEA,08,RD,SWD,At_Basic,228,0.89,0.3
2013,NC-SEA,08,RD,WH7,At_Basic,273,,0.4
2009,NAT,04,M,ALL,At_proficient,239,,0.33
2009,NAT,04,M,AIAN,At_proficient,227,,0.21
2009,NAT,04,M,ASPI,At_proficient,255,,0.43
2009,NAT,04,M,BL7,At_proficient,222,,0.15
2009,NAT,04,M,EDS,At_proficient,228,,0.2
2009,NAT,04,M,FEM,At_proficient,238,,0.32
2009,NAT,04,M,HI7,At_proficient,227,,0.2
2009,NAT,04,M,ELS,At_proficient,218,0.94,0.11
2009,NAT,04,M,MALE,At_proficient,240,,0.33
2009,NAT,04,M,NOT_EDS,At_proficient,250,,0.44
2009,NAT,04,M,SWD,At_proficient,220,0.85,0.17
2009,NAT,04,M,WH7,At_proficient,248,,0.42
2009,NAT,08,M,ALL,At_proficient,282,,0.25
2009,NAT,08,M,AIAN,At_proficient,267,,0.16
2009,NAT,08,M,ASPI,At_proficient,300,,0.33
2009,NAT,08,M,BL7,At_proficient,260,,0.11
2009,NAT,08,M,EDS,At_proficient,266,,0.15
2009,NAT,08,M,FEM,At_proficient,281,,0.24
2009,NAT,08,M,HI7,At_proficient,266,,0.15
2009,NAT,08,M,ELS,At_proficient,243,0.92,0.04
2009,NAT,08,M,MALE,At_proficient,283,,0.26
2009,NAT,08,M,NOT_EDS,At_proficient,293,,0.33
2009,NAT,08,M,SWD,At_proficient,249,0.78,0.08
2009,NAT,08,M,WH7,At_proficient,292,,0.32
2009,NAT,04,RD,ALL,At_proficient,220,,0.24
2009,NAT,04,RD,AIAN,At_proficient,206,,0.17
2009,NAT,04,RD,ASPI,At_proficient,234,,0.32
2009,NAT,04,RD,BL7,At_proficient,204,,0.13
2009,NAT,04,RD,EDS,At_proficient,206,,0.15
2009,NAT,04,RD,FEM,At_proficient,223,,0.26
2009,NAT,04,RD,HI7,At_proficient,204,,0.14
2009,NAT,04,RD,ELS,At_proficient,188,0.84,0.06
2009,NAT,04,RD,MALE,At_proficient,216,,0.23
2009,NAT,04,RD,NOT_EDS,At_proficient,232,,0.33
2009,NAT,04,RD,SWD,At_proficient,189,0.72,0.1
2009,NAT,04,RD,WH7,At_proficient,229,,0.31
2009,NAT,08,RD,ALL,At_proficient,262,,0.28
2009,NAT,08,RD,AIAN,At_proficient,252,,0.19
2009,NAT,08,RD,ASPI,At_proficient,273,,0.38
2009,NAT,08,RD,BL7,At_proficient,245,,0.12
2009,NAT,08,RD,EDS,At_proficient,249,,0.15
2009,NAT,08,RD,FEM,At_proficient,267,,0.32
2009,NAT,08,RD,HI7,At_proficient,248,,0.15
2009,NAT,08,RD,ELS,At_proficient,219,0.83,0.03
2009,NAT,08,RD,MALE,At_proficient,258,,0.24
2009,NAT,08,RD,NOT_EDS,At_proficient,273,,0.38
2009,NAT,08,RD,SWD,At_proficient,229,0.72,0.07
2009,NAT,08,RD,WH7,At_proficient,271,,0.36
2009,NC-SEA,04,M,ALL,At_proficient,244,,0.35
2009,NC-SEA,04,M,AIAN,At_proficient,232,,0.28
2009,NC-SEA,04,M,ASPI,At_proficient,259,,0.37
2009,NC-SEA,04,M,BL7,At_proficient,226,,0.17
2009,NC-SEA,04,M,EDS,At_proficient,232,,0.23
2009,NC-SEA,04,M,FEM,At_proficient,244,,0.34
2009,NC-SEA,04,M,HI7,At_proficient,236,,0.25
2009,NC-SEA,04,M,ELS,At_proficient,229,0.96,0.17
2009,NC-SEA,04,M,MALE,At_proficient,244,,0.36
2009,NC-SEA,04,M,NOT_EDS,At_proficient,255,,0.46
2009,NC-SEA,04,M,SWD,At_proficient,224,0.87,0.2
2009,NC-SEA,04,M,WH7,At_proficient,254,,0.46
2009,NC-SEA,08,M,ALL,At_proficient,284,,0.26
2009,NC-SEA,08,M,AIAN,At_proficient,256,,0.12
2009,NC-SEA,08,M,ASPI,At_proficient,311,,0.29
2009,NC-SEA,08,M,BL7,At_proficient,262,,0.11
2009,NC-SEA,08,M,EDS,At_proficient,268,,0.16
2009,NC-SEA,08,M,FEM,At_proficient,284,,0.25
2009,NC-SEA,08,M,HI7,At_proficient,274,,0.22
2009,NC-SEA,08,M,ELS,At_proficient,259,0.92,0.1
2009,NC-SEA,08,M,MALE,At_proficient,284,,0.28
2009,NC-SEA,08,M,NOT_EDS,At_proficient,298,,0.35
2009,NC-SEA,08,M,SWD,At_proficient,251,0.88,0.1
2009,NC-SEA,08,M,WH7,At_proficient,297,,0.35
2009,NC-SEA,04,RD,ALL,At_proficient,219,,0.25
2009,NC-SEA,04,RD,AIAN,At_proficient,202,,0.13
2009,NC-SEA,04,RD,ASPI,At_proficient,241,,0.37
2009,NC-SEA,04,RD,BL7,At_proficient,204,,0.13
2009,NC-SEA,04,RD,EDS,At_proficient,205,,0.15
2009,NC-SEA,04,RD,FEM,At_proficient,224,,0.27
2009,NC-SEA,04,RD,HI7,At_proficient,204,,0.14
2009,NC-SEA,04,RD,ELS,At_proficient,189,0.85,0.1
2009,NC-SEA,04,RD,MALE,At_proficient,215,,0.23
2009,NC-SEA,04,RD,NOT_EDS,At_proficient,233,,0.35
2009,NC-SEA,04,RD,SWD,At_proficient,187,0.86,0.1
2009,NC-SEA,04,RD,WH7,At_proficient,230,,0.33
2009,NC-SEA,08,RD,ALL,At_proficient,260,,0.26
2009,NC-SEA,08,RD,AIAN,At_proficient,235,,0.14
2009,NC-SEA,08,RD,ASPI,At_proficient,272,,0.37
2009,NC-SEA,08,RD,BL7,At_proficient,243,,0.12
2009,NC-SEA,08,RD,EDS,At_proficient,245,,0.14
2009,NC-SEA,08,RD,FEM,At_proficient,267,,0.32
2009,NC-SEA,08,RD,HI7,At_proficient,249,,0.17
2009,NC-SEA,08,RD,ELS,At_proficient,226,0.86,0.05
2009,NC-SEA,08,RD,MALE,At_proficient,253,,0.21
2009,NC-SEA,08,RD,NOT_EDS,At_proficient,271,,0.36
2009,NC-SEA,08,RD,SWD,At_proficient,221,0.86,0.05
2009,NC-SEA,08,RD,WH7,At_proficient,270,,0.35
2011,NAT,04,M,ALL,At_proficient,240,,0.33
2011,NAT,04,M,AIAN,At_proficient,227,,0.22
2011,NAT,04,M,ASPI,At_proficient,256,,0.43
2011,NAT,04,M,BL7,At_proficient,224,,0.16
2011,NAT,04,M,EDS,At_proficient,229,,0.22
2011,NAT,04,M,FEM,At_proficient,239,,0.33
2011,NAT,04,M,HI7,At_proficient,229,,0.22
2011,NAT,04,M,ELS,At_proficient,219,0.89,0.13
2011,NAT,04,M,MALE,At_proficient,241,,0.34
2011,NAT,04,M,NOT_EDS,At_proficient,252,,0.45
2011,NAT,04,M,SWD,At_proficient,218,0.84,0.15
2011,NAT,04,M,WH7,At_proficient,249,,0.43
2011,NAT,08,M,ALL,At_proficient,283,,0.26
2011,NAT,08,M,AIAN,At_proficient,266,,0.14
2011,NAT,08,M,ASPI,At_proficient,302,,0.33
2011,NAT,08,M,BL7,At_proficient,262,,0.11
2011,NAT,08,M,EDS,At_proficient,269,,0.16
2011,NAT,08,M,FEM,At_proficient,282,,0.26
2011,NAT,08,M,HI7,At_proficient,269,,0.17
2011,NAT,08,M,ELS,At_proficient,244,0.86,0.04
2011,NAT,08,M,MALE,At_proficient,283,,0.26
2011,NAT,08,M,NOT_EDS,At_proficient,295,,0.34
2011,NAT,08,M,SWD,At_proficient,249,0.76,0.07
2011,NAT,08,M,WH7,At_proficient,293,,0.33
2011,NAT,04,RD,ALL,At_proficient,220,,0.25
2011,NAT,04,RD,AIAN,At_proficient,204,,0.15
2011,NAT,04,RD,ASPI,At_proficient,234,,0.32
2011,NAT,04,RD,BL7,At_proficient,205,,0.14
2011,NAT,04,RD,EDS,At_proficient,207,,0.16
2011,NAT,04,RD,FEM,At_proficient,223,,0.26
2011,NAT,04,RD,HI7,At_proficient,205,,0.15
2011,NAT,04,RD,ELS,At_proficient,188,0.89,0.06
2011,NAT,04,RD,MALE,At_proficient,217,,0.23
2011,NAT,04,RD,NOT_EDS,At_proficient,234,,0.35
2011,NAT,04,RD,SWD,At_proficient,186,0.77,0.09
2011,NAT,04,RD,WH7,At_proficient,230,,0.32
2011,NAT,08,RD,ALL,At_proficient,264,,0.29
2011,NAT,08,RD,AIAN,At_proficient,253,,0.2
2011,NAT,08,RD,ASPI,At_proficient,275,,0.39
2011,NAT,08,RD,BL7,At_proficient,248,,0.14
2011,NAT,08,RD,EDS,At_proficient,251,,0.17
2011,NAT,08,RD,FEM,At_proficient,268,,0.32
2011,NAT,08,RD,HI7,At_proficient,251,,0.17
2011,NAT,08,RD,ELS,At_proficient,223,0.86,0.03
2011,NAT,08,RD,MALE,At_proficient,259,,0.25
2011,NAT,08,RD,NOT_EDS,At_proficient,275,,0.39
2011,NAT,08,RD,SWD,At_proficient,230,0.76,0.07
2011,NAT,08,RD,WH7,At_proficient,272,,0.37
2011,NC-SEA,04,M,ALL,At_proficient,245,,0.38
2011,NC-SEA,04,M,AIAN,At_proficient,225,,0.17
2011,NC-SEA,04,M,ASPI,At_proficient,263,,0.44
2011,NC-SEA,04,M,BL7,At_proficient,229,,0.18
2011,NC-SEA,04,M,EDS,At_proficient,235,,0.27
2011,NC-SEA,04,M,FEM,At_proficient,244,,0.39
2011,NC-SEA,04,M,HI7,At_proficient,238,,0.31
2011,NC-SEA,04,M,ELS,At_proficient,229,0.96,0.16
2011,NC-SEA,04,M,MALE,At_proficient,245,,0.36
2011,NC-SEA,04,M,NOT_EDS,At_proficient,256,,0.5
2011,NC-SEA,04,M,SWD,At_proficient,225,0.87,0.17
2011,NC-SEA,04,M,WH7,At_proficient,253,,0.48
2011,NC-SEA,08,M,ALL,At_proficient,286,,0.27
2011,NC-SEA,08,M,AIAN,At_proficient,265,,0.17
2011,NC-SEA,08,M,ASPI,At_proficient,314,,0.33
2011,NC-SEA,08,M,BL7,At_proficient,267,,0.13
2011,NC-SEA,08,M,EDS,At_proficient,273,,0.19
2011,NC-SEA,08,M,FEM,At_proficient,287,,0.28
2011,NC-SEA,08,M,HI7,At_proficient,275,,0.19
2011,NC-SEA,08,M,ELS,At_proficient,254,0.91,0.07
2011,NC-SEA,08,M,MALE,At_proficient,285,,0.27
2011,NC-SEA,08,M,NOT_EDS,At_proficient,300,,0.36
2011,NC-SEA,08,M,SWD,At_proficient,254,0.85,0.08
2011,NC-SEA,08,M,WH7,At_proficient,296,,0.35
2011,NC-SEA,04,RD,ALL,At_proficient,221,,0.26
2011,NC-SEA,04,RD,AIAN,At_proficient,192,,0.08
2011,NC-SEA,04,RD,ASPI,At_proficient,236,,0.29
2011,NC-SEA,04,RD,BL7,At_proficient,206,,0.14
2011,NC-SEA,04,RD,EDS,At_proficient,208,,0.17
2011,NC-SEA,04,RD,FEM,At_proficient,225,,0.28
2011,NC-SEA,04,RD,HI7,At_proficient,207,,0.16
2011,NC-SEA,04,RD,ELS,At_proficient,189,0.96,0.06
2011,NC-SEA,04,RD,MALE,At_proficient,217,,0.23
2011,NC-SEA,04,RD,NOT_EDS,At_proficient,236,,0.35
2011,NC-SEA,04,RD,SWD,At_proficient,184,0.84,0.09
2011,NC-SEA,04,RD,WH7,At_proficient,232,,0.34
2011,NC-SEA,08,RD,ALL,At_proficient,263,,0.28
2011,NC-SEA,08,RD,AIAN,At_proficient,245,,0.13
2011,NC-SEA,08,RD,ASPI,At_proficient,274,,0.35
2011,NC-SEA,08,RD,BL7,At_proficient,247,,0.14
2011,NC-SEA,08,RD,EDS,At_proficient,252,,0.18
2011,NC-SEA,08,RD,FEM,At_proficient,270,,0.33
2011,NC-SEA,08,RD,HI7,At_proficient,256,,0.21
2011,NC-SEA,08,RD,ELS,At_proficient,233,0.91,0.03
2011,NC-SEA,08,RD,MALE,At_proficient,256,,0.23
2011,NC-SEA,08,RD,NOT_EDS,At_proficient,274,,0.39
2011,NC-SEA,08,RD,SWD,At_proficient,227,0.85,0.06
2011,NC-SEA,08,RD,WH7,At_proficient,271,,0.36
2013,NAT,04,M,ALL,At_proficient,241,,0.34
2013,NAT,04,M,AIAN,At_proficient,228,,0.22
2013,NAT,04,M,ASPI,At_proficient,258,,0.41
2013,NAT,04,M,BL7,At_proficient,224,,0.17
2013,NAT,04,M,EDS,At_proficient,230,,0.23
2013,NAT,04,M,FEM,At_proficient,241,,0.34
2013,NAT,04,M,HI7,At_proficient,230,,0.24
2013,NAT,04,M,ELS,At_proficient,219,0.96,0.13
2013,NAT,04,M,MALE,At_proficient,242,,0.34
2013,NAT,04,M,NOT_EDS,At_proficient,254,,0.46
2013,NAT,04,M,SWD,At_proficient,218,0.9,0.16
2013,NAT,04,M,WH7,At_proficient,250,,0.43
2013,NAT,08,M,ALL,At_proficient,284,,0.26
2013,NAT,08,M,AIAN,At_proficient,270,,0.18
2013,NAT,08,M,ASPI,At_proficient,306,,0.34
2013,NAT,08,M,BL7,At_proficient,263,,0.12
2013,NAT,08,M,EDS,At_proficient,270,,0.17
2013,NAT,08,M,FEM,At_proficient,283,,0.26
2013,NAT,08,M,HI7,At_proficient,271,,0.18
2013,NAT,08,M,ELS,At_proficient,245,0.93,0.04
2013,NAT,08,M,MALE,At_proficient,284,,0.26
2013,NAT,08,M,NOT_EDS,At_proficient,297,,0.35
2013,NAT,08,M,SWD,At_proficient,248,0.89,0.07
2013,NAT,08,M,WH7,At_proficient,293,,0.33
2013,NAT,04,RD,ALL,At_proficient,221,,0.26
2013,NAT,04,RD,AIAN,At_proficient,206,,0.18
2013,NAT,04,RD,ASPI,At_proficient,235,,0.33
2013,NAT,04,RD,BL7,At_proficient,205,,0.15
2013,NAT,04,RD,EDS,At_proficient,207,,0.17
2013,NAT,04,RD,FEM,At_proficient,224,,0.28
2013,NAT,04,RD,HI7,At_proficient,207,,0.17
2013,NAT,04,RD,ELS,At_proficient,187,0.92,0.06
2013,NAT,04,RD,MALE,At_proficient,217,,0.24
2013,NAT,04,RD,NOT_EDS,At_proficient,236,,0.37
2013,NAT,04,RD,SWD,At_proficient,184,0.83,0.09
2013,NAT,04,RD,WH7,At_proficient,231,,0.33
2013,NAT,08,RD,ALL,At_proficient,266,,0.31
2013,NAT,08,RD,AIAN,At_proficient,252,,0.18
2013,NAT,08,RD,ASPI,At_proficient,279,,0.41
2013,NAT,08,RD,BL7,At_proficient,250,,0.15
2013,NAT,08,RD,EDS,At_proficient,254,,0.19
2013,NAT,08,RD,FEM,At_proficient,271,,0.35
2013,NAT,08,RD,HI7,At_proficient,255,,0.2
2013,NAT,08,RD,ELS,At_proficient,225,0.9,0.03
2013,NAT,08,RD,MALE,At_proficient,261,,0.27
2013,NAT,08,RD,NOT_EDS,At_proficient,278,,0.42
2013,NAT,08,RD,SWD,At_proficient,231,0.84,0.08
2013,NAT,08,RD,WH7,At_proficient,275,,0.39
2013,NC-SEA,04,M,ALL,At_proficient,245,,0.37
2013,NC-SEA,04,M,AIAN,At_proficient,225,,0.16
2013,NC-SEA,04,M,ASPI,At_proficient,261,,0.38
2013,NC-SEA,04,M,BL7,At_proficient,230,,0.21
2013,NC-SEA,04,M,EDS,At_proficient,235,,0.27
2013,NC-SEA,04,M,FEM,At_proficient,245,,0.36
2013,NC-SEA,04,M,HI7,At_proficient,239,,0.32
2013,NC-SEA,04,M,ELS,At_proficient,226,0.95,0.14
2013,NC-SEA,04,M,MALE,At_proficient,245,,0.38
2013,NC-SEA,04,M,NOT_EDS,At_proficient,259,,0.51
2013,NC-SEA,04,M,SWD,At_proficient,223,0.92,0.19
2013,NC-SEA,04,M,WH7,At_proficient,254,,0.48
2013,NC-SEA,08,M,ALL,At_proficient,286,,0.27
2013,NC-SEA,08,M,AIAN,At_proficient,0,,0
2013,NC-SEA,08,M,ASPI,At_proficient,298,,0.29
2013,NC-SEA,08,M,BL7,At_proficient,268,,0.15
2013,NC-SEA,08,M,EDS,At_proficient,274,,0.19
2013,NC-SEA,08,M,FEM,At_proficient,286,,0.28
2013,NC-SEA,08,M,HI7,At_proficient,279,,0.22
2013,NC-SEA,08,M,ELS,At_proficient,255,0.94,0.06
2013,NC-SEA,08,M,MALE,At_proficient,285,,0.26
2013,NC-SEA,08,M,NOT_EDS,At_proficient,300,,0.36
2013,NC-SEA,08,M,SWD,At_proficient,250,0.92,0.06
2013,NC-SEA,08,M,WH7,At_proficient,296,,0.35
2013,NC-SEA,04,RD,ALL,At_proficient,222,,0.27
2013,NC-SEA,04,RD,AIAN,At_proficient,206,,0.14
2013,NC-SEA,04,RD,ASPI,At_proficient,236,,0.36
2013,NC-SEA,04,RD,BL7,At_proficient,210,,0.17
2013,NC-SEA,04,RD,EDS,At_proficient,211,,0.19
2013,NC-SEA,04,RD,FEM,At_proficient,226,,0.29
2013,NC-SEA,04,RD,HI7,At_proficient,210,,0.19
2013,NC-SEA,04,RD,ELS,At_proficient,183,0.93,0.04
2013,NC-SEA,04,RD,MALE,At_proficient,219,,0.26
2013,NC-SEA,04,RD,NOT_EDS,At_proficient,237,,0.38
2013,NC-SEA,04,RD,SWD,At_proficient,185,0.89,0.08
2013,NC-SEA,04,RD,WH7,At_proficient,232,,0.35
2013,NC-SEA,08,RD,ALL,At_proficient,265,,0.29
2013,NC-SEA,08,RD,AIAN,At_proficient,0,,0
2013,NC-SEA,08,RD,ASPI,At_proficient,272,,0.38
2013,NC-SEA,08,RD,BL7,At_proficient,251,,0.16
2013,NC-SEA,08,RD,EDS,At_proficient,253,,0.18
2013,NC-SEA,08,RD,FEM,At_proficient,271,,0.34
2013,NC-SEA,08,RD,HI7,At_proficient,258,,0.22
2013,NC-SEA,08,RD,ELS,At_proficient,232,0.91,0.07
2013,NC-SEA,08,RD,MALE,At_proficient,258,,0.24
2013,NC-SEA,08,RD,NOT_EDS,At_proficient,278,,0.42
2013,NC-SEA,08,RD,SWD,At_proficient,228,0.89,0.06
2013,NC-SEA,08,RD,WH7,At_proficient,273,,0.37
2009,NAT,04,M,ALL,Below_Basic,239,,0.19
2009,NAT,04,M,AIAN,Below_Basic,227,,0.32
2009,NAT,04,M,ASPI,Below_Basic,255,,0.09
2009,NAT,04,M,BL7,Below_Basic,222,,0.37
2009,NAT,04,M,EDS,Below_Basic,228,,0.29
2009,NAT,04,M,FEM,Below_Basic,238,,0.19
2009,NAT,04,M,HI7,Below_Basic,227,,0.3
2009,NAT,04,M,ELS,Below_Basic,218,0.94,0.43
2009,NAT,04,M,MALE,Below_Basic,240,,0.19
2009,NAT,04,M,NOT_EDS,Below_Basic,250,,0.09
2009,NAT,04,M,SWD,Below_Basic,220,0.85,0.41
2009,NAT,04,M,WH7,Below_Basic,248,,0.1
2009,NAT,08,M,ALL,Below_Basic,282,,0.29
2009,NAT,08,M,AIAN,Below_Basic,267,,0.43
2009,NAT,08,M,ASPI,Below_Basic,300,,0.16
2009,NAT,08,M,BL7,Below_Basic,260,,0.51
2009,NAT,08,M,EDS,Below_Basic,266,,0.43
2009,NAT,08,M,FEM,Below_Basic,281,,0.29
2009,NAT,08,M,HI7,Below_Basic,266,,0.44
2009,NAT,08,M,ELS,Below_Basic,243,0.92,0.72
2009,NAT,08,M,MALE,Below_Basic,283,,0.28
2009,NAT,08,M,NOT_EDS,Below_Basic,293,,0.17
2009,NAT,08,M,SWD,Below_Basic,249,0.78,0.64
2009,NAT,08,M,WH7,Below_Basic,292,,0.18
2009,NAT,04,RD,ALL,Below_Basic,220,,0.34
2009,NAT,04,RD,AIAN,Below_Basic,206,,0.48
2009,NAT,04,RD,ASPI,Below_Basic,234,,0.21
2009,NAT,04,RD,BL7,Below_Basic,204,,0.53
2009,NAT,04,RD,EDS,Below_Basic,206,,0.49
2009,NAT,04,RD,FEM,Below_Basic,223,,0.31
2009,NAT,04,RD,HI7,Below_Basic,204,,0.52
2009,NAT,04,RD,ELS,Below_Basic,188,0.84,0.71
2009,NAT,04,RD,MALE,Below_Basic,216,,0.38
2009,NAT,04,RD,NOT_EDS,Below_Basic,232,,0.21
2009,NAT,04,RD,SWD,Below_Basic,189,0.72,0.66
2009,NAT,04,RD,WH7,Below_Basic,229,,0.23
2009,NAT,08,RD,ALL,Below_Basic,262,,0.26
2009,NAT,08,RD,AIAN,Below_Basic,252,,0.37
2009,NAT,08,RD,ASPI,Below_Basic,273,,0.18
2009,NAT,08,RD,BL7,Below_Basic,245,,0.44
2009,NAT,08,RD,EDS,Below_Basic,249,,0.4
2009,NAT,08,RD,FEM,Below_Basic,267,,0.22
2009,NAT,08,RD,HI7,Below_Basic,248,,0.41
2009,NAT,08,RD,ELS,Below_Basic,219,0.83,0.75
2009,NAT,08,RD,MALE,Below_Basic,258,,0.3
2009,NAT,08,RD,NOT_EDS,Below_Basic,273,,0.16
2009,NAT,08,RD,SWD,Below_Basic,229,0.72,0.63
2009,NAT,08,RD,WH7,Below_Basic,271,,0.17
2009,NC-SEA,04,M,ALL,Below_Basic,244,,0.13
2009,NC-SEA,04,M,AIAN,Below_Basic,232,,0.23
2009,NC-SEA,04,M,ASPI,Below_Basic,259,,0.07
2009,NC-SEA,04,M,BL7,Below_Basic,226,,0.29
2009,NC-SEA,04,M,EDS,Below_Basic,232,,0.22
2009,NC-SEA,04,M,FEM,Below_Basic,244,,0.13
2009,NC-SEA,04,M,HI7,Below_Basic,236,,0.16
2009,NC-SEA,04,M,ELS,Below_Basic,229,0.96,0.25
2009,NC-SEA,04,M,MALE,Below_Basic,244,,0.14
2009,NC-SEA,04,M,NOT_EDS,Below_Basic,255,,0.06
2009,NC-SEA,04,M,SWD,Below_Basic,224,0.87,0.36
2009,NC-SEA,04,M,WH7,Below_Basic,254,,0.05
2009,NC-SEA,08,M,ALL,Below_Basic,284,,0.26
2009,NC-SEA,08,M,AIAN,Below_Basic,256,,0.55
2009,NC-SEA,08,M,ASPI,Below_Basic,311,,0.13
2009,NC-SEA,08,M,BL7,Below_Basic,262,,0.47
2009,NC-SEA,08,M,EDS,Below_Basic,268,,0.42
2009,NC-SEA,08,M,FEM,Below_Basic,284,,0.25
2009,NC-SEA,08,M,HI7,Below_Basic,274,,0.33
2009,NC-SEA,08,M,ELS,Below_Basic,259,0.92,0.49
2009,NC-SEA,08,M,MALE,Below_Basic,284,,0.27
2009,NC-SEA,08,M,NOT_EDS,Below_Basic,298,,0.14
2009,NC-SEA,08,M,SWD,Below_Basic,251,0.88,0.61
2009,NC-SEA,08,M,WH7,Below_Basic,297,,0.15
2009,NC-SEA,04,RD,ALL,Below_Basic,219,,0.35
2009,NC-SEA,04,RD,AIAN,Below_Basic,202,,0.53
2009,NC-SEA,04,RD,ASPI,Below_Basic,241,,0.1
2009,NC-SEA,04,RD,BL7,Below_Basic,204,,0.52
2009,NC-SEA,04,RD,EDS,Below_Basic,205,,0.5
2009,NC-SEA,04,RD,FEM,Below_Basic,224,,0.3
2009,NC-SEA,04,RD,HI7,Below_Basic,204,,0.5
2009,NC-SEA,04,RD,ELS,Below_Basic,189,0.85,0.67
2009,NC-SEA,04,RD,MALE,Below_Basic,215,,0.39
2009,NC-SEA,04,RD,NOT_EDS,Below_Basic,233,,0.21
2009,NC-SEA,04,RD,SWD,Below_Basic,187,0.86,0.66
2009,NC-SEA,04,RD,WH7,Below_Basic,230,,0.23
2009,NC-SEA,08,RD,ALL,Below_Basic,260,,0.3
2009,NC-SEA,08,RD,AIAN,Below_Basic,235,,0.54
2009,NC-SEA,08,RD,ASPI,Below_Basic,272,,0.2
2009,NC-SEA,08,RD,BL7,Below_Basic,243,,0.47
2009,NC-SEA,08,RD,EDS,Below_Basic,245,,0.44
2009,NC-SEA,08,RD,FEM,Below_Basic,267,,0.24
2009,NC-SEA,08,RD,HI7,Below_Basic,249,,0.42
2009,NC-SEA,08,RD,ELS,Below_Basic,226,0.86,0.65
2009,NC-SEA,08,RD,MALE,Below_Basic,253,,0.36
2009,NC-SEA,08,RD,NOT_EDS,Below_Basic,271,,0.19
2009,NC-SEA,08,RD,SWD,Below_Basic,221,0.86,0.72
2009,NC-SEA,08,RD,WH7,Below_Basic,270,,0.19
2011,NAT,04,M,ALL,Below_Basic,240,,0.18
2011,NAT,04,M,AIAN,Below_Basic,227,,0.32
2011,NAT,04,M,ASPI,Below_Basic,256,,0.09
2011,NAT,04,M,BL7,Below_Basic,224,,0.34
2011,NAT,04,M,EDS,Below_Basic,229,,0.27
2011,NAT,04,M,FEM,Below_Basic,239,,0.18
2011,NAT,04,M,HI7,Below_Basic,229,,0.28
2011,NAT,04,M,ELS,Below_Basic,219,0.89,0.42
2011,NAT,04,M,MALE,Below_Basic,241,,0.18
2011,NAT,04,M,NOT_EDS,Below_Basic,252,,0.08
2011,NAT,04,M,SWD,Below_Basic,218,0.84,0.45
2011,NAT,04,M,WH7,Below_Basic,249,,0.09
2011,NAT,08,M,ALL,Below_Basic,283,,0.28
2011,NAT,08,M,AIAN,Below_Basic,266,,0.45
2011,NAT,08,M,ASPI,Below_Basic,302,,0.15
2011,NAT,08,M,BL7,Below_Basic,262,,0.5
2011,NAT,08,M,EDS,Below_Basic,269,,0.41
2011,NAT,08,M,FEM,Below_Basic,282,,0.28
2011,NAT,08,M,HI7,Below_Basic,269,,0.4
2011,NAT,08,M,ELS,Below_Basic,244,0.86,0.72
2011,NAT,08,M,MALE,Below_Basic,283,,0.28
2011,NAT,08,M,NOT_EDS,Below_Basic,295,,0.16
2011,NAT,08,M,SWD,Below_Basic,249,0.76,0.65
2011,NAT,08,M,WH7,Below_Basic,293,,0.17
2011,NAT,04,RD,ALL,Below_Basic,220,,0.34
2011,NAT,04,RD,AIAN,Below_Basic,204,,0.51
2011,NAT,04,RD,ASPI,Below_Basic,234,,0.21
2011,NAT,04,RD,BL7,Below_Basic,205,,0.51
2011,NAT,04,RD,EDS,Below_Basic,207,,0.48
2011,NAT,04,RD,FEM,Below_Basic,223,,0.3
2011,NAT,04,RD,HI7,Below_Basic,205,,0.5
2011,NAT,04,RD,ELS,Below_Basic,188,0.89,0.7
2011,NAT,04,RD,MALE,Below_Basic,217,,0.37
2011,NAT,04,RD,NOT_EDS,Below_Basic,234,,0.18
2011,NAT,04,RD,SWD,Below_Basic,186,0.77,0.68
2011,NAT,04,RD,WH7,Below_Basic,230,,0.23
2011,NAT,08,RD,ALL,Below_Basic,264,,0.25
2011,NAT,08,RD,AIAN,Below_Basic,253,,0.36
2011,NAT,08,RD,ASPI,Below_Basic,275,,0.18
2011,NAT,08,RD,BL7,Below_Basic,248,,0.42
2011,NAT,08,RD,EDS,Below_Basic,251,,0.37
2011,NAT,08,RD,FEM,Below_Basic,268,,0.21
2011,NAT,08,RD,HI7,Below_Basic,251,,0.37
2011,NAT,08,RD,ELS,Below_Basic,223,0.86,0.71
2011,NAT,08,RD,MALE,Below_Basic,259,,0.3
2011,NAT,08,RD,NOT_EDS,Below_Basic,275,,0.15
2011,NAT,08,RD,SWD,Below_Basic,230,0.76,0.64
2011,NAT,08,RD,WH7,Below_Basic,272,,0.16
2011,NC-SEA,04,M,ALL,Below_Basic,245,,0.12
2011,NC-SEA,04,M,AIAN,Below_Basic,225,,0.36
2011,NC-SEA,04,M,ASPI,Below_Basic,263,,0.03
2011,NC-SEA,04,M,BL7,Below_Basic,229,,0.25
2011,NC-SEA,04,M,EDS,Below_Basic,235,,0.18
2011,NC-SEA,04,M,FEM,Below_Basic,244,,0.12
2011,NC-SEA,04,M,HI7,Below_Basic,238,,0.14
2011,NC-SEA,04,M,ELS,Below_Basic,229,0.96,0.21
2011,NC-SEA,04,M,MALE,Below_Basic,245,,0.12
2011,NC-SEA,04,M,NOT_EDS,Below_Basic,256,,0.04
2011,NC-SEA,04,M,SWD,Below_Basic,225,0.87,0.32
2011,NC-SEA,04,M,WH7,Below_Basic,253,,0.05
2011,NC-SEA,08,M,ALL,Below_Basic,286,,0.25
2011,NC-SEA,08,M,AIAN,Below_Basic,265,,0.46
2011,NC-SEA,08,M,ASPI,Below_Basic,314,,0.12
2011,NC-SEA,08,M,BL7,Below_Basic,267,,0.43
2011,NC-SEA,08,M,EDS,Below_Basic,273,,0.36
2011,NC-SEA,08,M,FEM,Below_Basic,287,,0.23
2011,NC-SEA,08,M,HI7,Below_Basic,275,,0.34
2011,NC-SEA,08,M,ELS,Below_Basic,254,0.91,0.6
2011,NC-SEA,08,M,MALE,Below_Basic,285,,0.26
2011,NC-SEA,08,M,NOT_EDS,Below_Basic,300,,0.14
2011,NC-SEA,08,M,SWD,Below_Basic,254,0.85,0.58
2011,NC-SEA,08,M,WH7,Below_Basic,296,,0.15
2011,NC-SEA,04,RD,ALL,Below_Basic,221,,0.32
2011,NC-SEA,04,RD,AIAN,Below_Basic,192,,0.62
2011,NC-SEA,04,RD,ASPI,Below_Basic,236,,0.19
2011,NC-SEA,04,RD,BL7,Below_Basic,206,,0.5
2011,NC-SEA,04,RD,EDS,Below_Basic,208,,0.46
2011,NC-SEA,04,RD,FEM,Below_Basic,225,,0.28
2011,NC-SEA,04,RD,HI7,Below_Basic,207,,0.48
2011,NC-SEA,04,RD,ELS,Below_Basic,189,0.96,0.68
2011,NC-SEA,04,RD,MALE,Below_Basic,217,,0.36
2011,NC-SEA,04,RD,NOT_EDS,Below_Basic,236,,0.17
2011,NC-SEA,04,RD,SWD,Below_Basic,184,0.84,0.69
2011,NC-SEA,04,RD,WH7,Below_Basic,232,,0.19
2011,NC-SEA,08,RD,ALL,Below_Basic,263,,0.26
2011,NC-SEA,08,RD,AIAN,Below_Basic,245,,0.48
2011,NC-SEA,08,RD,ASPI,Below_Basic,274,,0.17
2011,NC-SEA,08,RD,BL7,Below_Basic,247,,0.42
2011,NC-SEA,08,RD,EDS,Below_Basic,252,,0.37
2011,NC-SEA,08,RD,FEM,Below_Basic,270,,0.19
2011,NC-SEA,08,RD,HI7,Below_Basic,256,,0.33
2011,NC-SEA,08,RD,ELS,Below_Basic,233,0.91,0.62
2011,NC-SEA,08,RD,MALE,Below_Basic,256,,0.33
2011,NC-SEA,08,RD,NOT_EDS,Below_Basic,274,,0.15
2011,NC-SEA,08,RD,SWD,Below_Basic,227,0.85,0.67
2011,NC-SEA,08,RD,WH7,Below_Basic,271,,0.17
2013,NAT,04,M,ALL,Below_Basic,241,,0.18
2013,NAT,04,M,AIAN,Below_Basic,228,,0.3
2013,NAT,04,M,ASPI,Below_Basic,258,,0.09
2013,NAT,04,M,BL7,Below_Basic,224,,0.34
2013,NAT,04,M,EDS,Below_Basic,230,,0.27
2013,NAT,04,M,FEM,Below_Basic,241,,0.18
2013,NAT,04,M,HI7,Below_Basic,230,,0.27
2013,NAT,04,M,ELS,Below_Basic,219,0.96,0.41
2013,NAT,04,M,MALE,Below_Basic,242,,0.18
2013,NAT,04,M,NOT_EDS,Below_Basic,254,,0.07
2013,NAT,04,M,SWD,Below_Basic,218,0.9,0.45
2013,NAT,04,M,WH7,Below_Basic,250,,0.09
2013,NAT,08,M,ALL,Below_Basic,284,,0.27
2013,NAT,08,M,AIAN,Below_Basic,270,,0.4
2013,NAT,08,M,ASPI,Below_Basic,306,,0.13
2013,NAT,08,M,BL7,Below_Basic,263,,0.49
2013,NAT,08,M,EDS,Below_Basic,270,,0.39
2013,NAT,08,M,FEM,Below_Basic,283,,0.27
2013,NAT,08,M,HI7,Below_Basic,271,,0.38
2013,NAT,08,M,ELS,Below_Basic,245,0.93,0.69
2013,NAT,08,M,MALE,Below_Basic,284,,0.27
2013,NAT,08,M,NOT_EDS,Below_Basic,297,,0.14
2013,NAT,08,M,SWD,Below_Basic,248,0.89,0.66
2013,NAT,08,M,WH7,Below_Basic,293,,0.17
2013,NAT,04,RD,ALL,Below_Basic,221,,0.33
2013,NAT,04,RD,AIAN,Below_Basic,206,,0.48
2013,NAT,04,RD,ASPI,Below_Basic,235,,0.21
2013,NAT,04,RD,BL7,Below_Basic,205,,0.5
2013,NAT,04,RD,EDS,Below_Basic,207,,0.47
2013,NAT,04,RD,FEM,Below_Basic,224,,0.3
2013,NAT,04,RD,HI7,Below_Basic,207,,0.48
2013,NAT,04,RD,ELS,Below_Basic,187,0.92,0.69
2013,NAT,04,RD,MALE,Below_Basic,217,,0.36
2013,NAT,04,RD,NOT_EDS,Below_Basic,236,,0.17
2013,NAT,04,RD,SWD,Below_Basic,184,0.83,0.69
2013,NAT,04,RD,WH7,Below_Basic,231,,0.21
2013,NAT,08,RD,ALL,Below_Basic,266,,0.23
2013,NAT,08,RD,AIAN,Below_Basic,252,,0.37
2013,NAT,08,RD,ASPI,Below_Basic,279,,0.15
2013,NAT,08,RD,BL7,Below_Basic,250,,0.4
2013,NAT,08,RD,EDS,Below_Basic,254,,0.34
2013,NAT,08,RD,FEM,Below_Basic,271,,0.19
2013,NAT,08,RD,HI7,Below_Basic,255,,0.33
2013,NAT,08,RD,ELS,Below_Basic,225,0.9,0.7
2013,NAT,08,RD,MALE,Below_Basic,261,,0.27
2013,NAT,08,RD,NOT_EDS,Below_Basic,278,,0.13
2013,NAT,08,RD,SWD,Below_Basic,231,0.84,0.62
2013,NAT,08,RD,WH7,Below_Basic,275,,0.15
2013,NC-SEA,04,M,ALL,Below_Basic,245,,0.13
2013,NC-SEA,04,M,AIAN,Below_Basic,225,,0.32
2013,NC-SEA,04,M,ASPI,Below_Basic,261,,0.11
2013,NC-SEA,04,M,BL7,Below_Basic,230,,0.24
2013,NC-SEA,04,M,EDS,Below_Basic,235,,0.2
2013,NC-SEA,04,M,FEM,Below_Basic,245,,0.13
2013,NC-SEA,04,M,HI7,Below_Basic,239,,0.15
2013,NC-SEA,04,M,ELS,Below_Basic,226,0.95,0.29
2013,NC-SEA,04,M,MALE,Below_Basic,245,,0.14
2013,NC-SEA,04,M,NOT_EDS,Below_Basic,259,,0.04
2013,NC-SEA,04,M,SWD,Below_Basic,223,0.92,0.38
2013,NC-SEA,04,M,WH7,Below_Basic,254,,0.06
2013,NC-SEA,08,M,ALL,Below_Basic,286,,0.25
2013,NC-SEA,08,M,AIAN,Below_Basic,0,,0
2013,NC-SEA,08,M,ASPI,Below_Basic,298,,0.22
2013,NC-SEA,08,M,BL7,Below_Basic,268,,0.42
2013,NC-SEA,08,M,EDS,Below_Basic,274,,0.35
2013,NC-SEA,08,M,FEM,Below_Basic,286,,0.24
2013,NC-SEA,08,M,HI7,Below_Basic,279,,0.29
2013,NC-SEA,08,M,ELS,Below_Basic,255,0.94,0.59
2013,NC-SEA,08,M,MALE,Below_Basic,285,,0.26
2013,NC-SEA,08,M,NOT_EDS,Below_Basic,300,,0.13
2013,NC-SEA,08,M,SWD,Below_Basic,250,0.92,0.63
2013,NC-SEA,08,M,WH7,Below_Basic,296,,0.15
2013,NC-SEA,04,RD,ALL,Below_Basic,222,,0.31
2013,NC-SEA,04,RD,AIAN,Below_Basic,206,,0.45
2013,NC-SEA,04,RD,ASPI,Below_Basic,236,,0.21
2013,NC-SEA,04,RD,BL7,Below_Basic,210,,0.45
2013,NC-SEA,04,RD,EDS,Below_Basic,211,,0.42
2013,NC-SEA,04,RD,FEM,Below_Basic,226,,0.27
2013,NC-SEA,04,RD,HI7,Below_Basic,210,,0.44
2013,NC-SEA,04,RD,ELS,Below_Basic,183,0.93,0.77
2013,NC-SEA,04,RD,MALE,Below_Basic,219,,0.35
2013,NC-SEA,04,RD,NOT_EDS,Below_Basic,237,,0.16
2013,NC-SEA,04,RD,SWD,Below_Basic,185,0.89,0.69
2013,NC-SEA,04,RD,WH7,Below_Basic,232,,0.19
2013,NC-SEA,08,RD,ALL,Below_Basic,265,,0.24
2013,NC-SEA,08,RD,AIAN,Below_Basic,0,,0
2013,NC-SEA,08,RD,ASPI,Below_Basic,272,,0.17
2013,NC-SEA,08,RD,BL7,Below_Basic,251,,0.37
2013,NC-SEA,08,RD,EDS,Below_Basic,253,,0.34
2013,NC-SEA,08,RD,FEM,Below_Basic,271,,0.19
2013,NC-SEA,08,RD,HI7,Below_Basic,258,,0.28
2013,NC-SEA,08,RD,ELS,Below_Basic,232,0.91,0.59
2013,NC-SEA,08,RD,MALE,Below_Basic,258,,0.3
2013,NC-SEA,08,RD,NOT_EDS,Below_Basic,278,,0.12
2013,NC-SEA,08,RD,SWD,Below_Basic,228,0.89,0.64
2013,NC-SEA,08,RD,WH7,Below_Basic,273,,0.17
2015,NAT,04,M,ALL,At_Advanced,240,,0.07
2015,NAT,04,M,AIAN,At_Advanced,228,,0.02
2015,NAT,04,M,ASPI,At_Advanced,256,,0.22
2015,NAT,04,M,BL7,At_Advanced,224,,0.01
2015,NAT,04,M,EDS,At_Advanced,229,,0.02
2015,NAT,04,M,ELS,At_Advanced,218,0.95,0.01
2015,NAT,04,M,FEM,At_Advanced,239,,0.06
2015,NAT,04,M,HI7,At_Advanced,230,,0.03
2015,NAT,04,M,MALE,At_Advanced,241,,0.08
2015,NAT,04,M,NOT_EDS,At_Advanced,253,,0.13
2015,NAT,04,M,SWD,At_Advanced,215,0.89,0.02
2015,NAT,04,M,MU7,At_Advanced,244,,0.09
2015,NAT,04,M,WH7,At_Advanced,248,,0.1
2015,NAT,08,M,ALL,At_Advanced,281,,0.08
2015,NAT,08,M,AIAN,At_Advanced,267,,0.03
2015,NAT,08,M,ASPI,At_Advanced,305,,0.25
2015,NAT,08,M,BL7,At_Advanced,260,,0.01
2015,NAT,08,M,EDS,At_Advanced,268,,0.02
2015,NAT,08,M,ELS,At_Advanced,246,0.93,0.01
2015,NAT,08,M,FEM,At_Advanced,281,,0.07
2015,NAT,08,M,HI7,At_Advanced,269,,0.03
2015,NAT,08,M,MALE,At_Advanced,281,,0.08
2015,NAT,08,M,NOT_EDS,At_Advanced,296,,0.13
2015,NAT,08,M,SWD,At_Advanced,243,0.9,0.01
2015,NAT,08,M,MU7,At_Advanced,283,,0.09
2015,NAT,08,M,WH7,At_Advanced,291,,0.1
2015,NAT,04,RD,ALL,At_Advanced,221,,0.08
2015,NAT,04,RD,AIAN,At_Advanced,206,,0.04
2015,NAT,04,RD,ASPI,At_Advanced,238,,0.19
2015,NAT,04,RD,BL7,At_Advanced,206,,0.02
2015,NAT,04,RD,EDS,At_Advanced,209,,0.03
2015,NAT,04,RD,ELS,At_Advanced,189,0.93,0.01
2015,NAT,04,RD,FEM,At_Advanced,225,,0.1
2015,NAT,04,RD,HI7,At_Advanced,208,,0.03
2015,NAT,04,RD,MALE,At_Advanced,218,,0.07
2015,NAT,04,RD,NOT_EDS,At_Advanced,237,,0.15
2015,NAT,04,RD,SWD,At_Advanced,184,0.87,0.02
2015,NAT,04,RD,MU7,At_Advanced,226,,0.1
2015,NAT,04,RD,WH7,At_Advanced,232,,0.11
2015,NAT,08,RD,ALL,At_Advanced,264,,0.03
2015,NAT,08,RD,AIAN,At_Advanced,253,,0.02
2015,NAT,08,RD,ASPI,At_Advanced,279,,0.09
2015,NAT,08,RD,BL7,At_Advanced,247,,0.01
2015,NAT,08,RD,EDS,At_Advanced,253,,0.01
2015,NAT,08,RD,ELS,At_Advanced,223,0.9,
2015,NAT,08,RD,FEM,At_Advanced,269,,0.04
2015,NAT,08,RD,HI7,At_Advanced,253,,0.01
2015,NAT,08,RD,MALE,At_Advanced,259,,0.02
2015,NAT,08,RD,NOT_EDS,At_Advanced,276,,0.06
2015,NAT,08,RD,SWD,At_Advanced,226,0.87,
2015,NAT,08,RD,MU7,At_Advanced,267,,0.04
2015,NAT,08,RD,WH7,At_Advanced,273,,0.04
2015,NC-SEA,04,M,ALL,At_Advanced,244,,0.08
2015,NC-SEA,04,M,AIAN,At_Advanced,229,,0.04
2015,NC-SEA,04,M,ASPI,At_Advanced,258,,0.27
2015,NC-SEA,04,M,BL7,At_Advanced,229,,0.02
2015,NC-SEA,04,M,EDS,At_Advanced,234,,0.03
2015,NC-SEA,04,M,ELS,At_Advanced,216,0.93,
2015,NC-SEA,04,M,FEM,At_Advanced,242,,0.07
2015,NC-SEA,04,M,HI7,At_Advanced,235,,0.03
2015,NC-SEA,04,M,MALE,At_Advanced,245,,0.09
2015,NC-SEA,04,M,NOT_EDS,At_Advanced,258,,0.16
2015,NC-SEA,04,M,SWD,At_Advanced,215,0.93,0.02
2015,NC-SEA,04,M,MU7,At_Advanced,249,,0.11
2015,NC-SEA,04,M,WH7,At_Advanced,253,,0.12
2015,NC-SEA,08,M,ALL,At_Advanced,281,,0.09
2015,NC-SEA,08,M,AIAN,At_Advanced,261,,0.02
2015,NC-SEA,08,M,ASPI,At_Advanced,309,,0.35
2015,NC-SEA,08,M,BL7,At_Advanced,263,,0.02
2015,NC-SEA,08,M,EDS,At_Advanced,268,,0.03
2015,NC-SEA,08,M,ELS,At_Advanced,247,0.93,0.01
2015,NC-SEA,08,M,FEM,At_Advanced,282,,0.08
2015,NC-SEA,08,M,HI7,At_Advanced,273,,0.03
2015,NC-SEA,08,M,MALE,At_Advanced,281,,0.1
2015,NC-SEA,08,M,NOT_EDS,At_Advanced,299,,0.18
2015,NC-SEA,08,M,SWD,At_Advanced,241,0.93,
2015,NC-SEA,08,M,MU7,At_Advanced,274,,0.03
2015,NC-SEA,08,M,WH7,At_Advanced,292,,0.13
2015,NC-SEA,04,RD,ALL,At_Advanced,226,,0.09
2015,NC-SEA,04,RD,AIAN,At_Advanced,198,,0.04
2015,NC-SEA,04,RD,ASPI,At_Advanced,242,,0.2
2015,NC-SEA,04,RD,BL7,At_Advanced,214,,0.03
2015,NC-SEA,04,RD,EDS,At_Advanced,215,,0.04
2015,NC-SEA,04,RD,ELS,At_Advanced,187,0.92,
2015,NC-SEA,04,RD,FEM,At_Advanced,230,,0.12
2015,NC-SEA,04,RD,HI7,At_Advanced,212,,0.02
2015,NC-SEA,04,RD,MALE,At_Advanced,222,,0.07
2015,NC-SEA,04,RD,NOT_EDS,At_Advanced,242,,0.18
2015,NC-SEA,04,RD,SWD,At_Advanced,186,0.91,0.01
2015,NC-SEA,04,RD,MU7,At_Advanced,228,,0.09
2015,NC-SEA,04,RD,WH7,At_Advanced,236,,0.15
2015,NC-SEA,08,RD,ALL,At_Advanced,261,,0.03
2015,NC-SEA,08,RD,AIAN,At_Advanced,250,,0.04
2015,NC-SEA,08,RD,ASPI,At_Advanced,278,,0.07
2015,NC-SEA,08,RD,BL7,At_Advanced,243,,0.01
2015,NC-SEA,08,RD,EDS,At_Advanced,249,,0.01
2015,NC-SEA,08,RD,ELS,At_Advanced,217,0.85,
2015,NC-SEA,08,RD,FEM,At_Advanced,268,,0.05
2015,NC-SEA,08,RD,HI7,At_Advanced,252,,0.01
2015,NC-SEA,08,RD,MALE,At_Advanced,254,,0.02
2015,NC-SEA,08,RD,NOT_EDS,At_Advanced,277,,0.07
2015,NC-SEA,08,RD,SWD,At_Advanced,217,0.94,
2015,NC-SEA,08,RD,MU7,At_Advanced,269,,0.02
2015,NC-SEA,08,RD,WH7,At_Advanced,271,,0.05
2015,NAT,04,M,ALL,At_Basic,240,,0.42
2015,NAT,04,M,AIAN,At_Basic,228,,0.47
2015,NAT,04,M,ASPI,At_Basic,256,,0.29
2015,NAT,04,M,BL7,At_Basic,224,,0.46
2015,NAT,04,M,EDS,At_Basic,229,,0.48
2015,NAT,04,M,ELS,At_Basic,218,0.95,0.43
2015,NAT,04,M,FEM,At_Basic,239,,0.43
2015,NAT,04,M,HI7,At_Basic,230,,0.47
2015,NAT,04,M,MALE,At_Basic,241,,0.4
2015,NAT,04,M,NOT_EDS,At_Basic,253,,0.34
2015,NAT,04,M,SWD,At_Basic,215,0.89,0.37
2015,NAT,04,M,MU7,At_Basic,244,,0.41
2015,NAT,04,M,WH7,At_Basic,248,,0.39
2015,NAT,08,M,ALL,At_Basic,281,,0.38
2015,NAT,08,M,AIAN,At_Basic,267,,0.38
2015,NAT,08,M,ASPI,At_Basic,305,,0.28
2015,NAT,08,M,BL7,At_Basic,260,,0.35
2015,NAT,08,M,EDS,At_Basic,268,,0.4
2015,NAT,08,M,ELS,At_Basic,246,0.93,0.26
2015,NAT,08,M,FEM,At_Basic,281,,0.39
2015,NAT,08,M,HI7,At_Basic,269,,0.41
2015,NAT,08,M,MALE,At_Basic,281,,0.37
2015,NAT,08,M,NOT_EDS,At_Basic,296,,0.37
2015,NAT,08,M,SWD,At_Basic,243,0.9,0.22
2015,NAT,08,M,MU7,At_Basic,283,,0.38
2015,NAT,08,M,WH7,At_Basic,291,,0.39
2015,NAT,04,RD,ALL,At_Basic,221,,0.33
2015,NAT,04,RD,AIAN,At_Basic,206,,0.31
2015,NAT,04,RD,ASPI,At_Basic,238,,0.28
2015,NAT,04,RD,BL7,At_Basic,206,,0.33
2015,NAT,04,RD,EDS,At_Basic,209,,0.34
2015,NAT,04,RD,ELS,At_Basic,189,0.93,0.24
2015,NAT,04,RD,FEM,At_Basic,225,,0.33
2015,NAT,04,RD,HI7,At_Basic,208,,0.33
2015,NAT,04,RD,MALE,At_Basic,218,,0.33
2015,NAT,04,RD,NOT_EDS,At_Basic,237,,0.31
2015,NAT,04,RD,SWD,At_Basic,184,0.87,0.2
2015,NAT,04,RD,MU7,At_Basic,226,,0.34
2015,NAT,04,RD,WH7,At_Basic,232,,0.33
2015,NAT,08,RD,ALL,At_Basic,264,,0.42
2015,NAT,08,RD,AIAN,At_Basic,253,,0.42
2015,NAT,08,RD,ASPI,At_Basic,279,,0.35
2015,NAT,08,RD,BL7,At_Basic,247,,0.43
2015,NAT,08,RD,EDS,At_Basic,253,,0.44
2015,NAT,08,RD,ELS,At_Basic,223,0.9,0.25
2015,NAT,08,RD,FEM,At_Basic,269,,0.41
2015,NAT,08,RD,HI7,At_Basic,253,,0.45
2015,NAT,08,RD,MALE,At_Basic,259,,0.43
2015,NAT,08,RD,NOT_EDS,At_Basic,276,,0.4
2015,NAT,08,RD,SWD,At_Basic,226,0.87,0.26
2015,NAT,08,RD,MU7,At_Basic,267,,0.41
2015,NAT,08,RD,WH7,At_Basic,273,,0.42
2015,NC-SEA,04,M,ALL,At_Basic,244,,0.41
2015,NC-SEA,04,M,AIAN,At_Basic,229,,0.45
2015,NC-SEA,04,M,ASPI,At_Basic,258,,0.23
2015,NC-SEA,04,M,BL7,At_Basic,229,,0.51
2015,NC-SEA,04,M,EDS,At_Basic,234,,0.48
2015,NC-SEA,04,M,ELS,At_Basic,216,0.93,0.43
2015,NC-SEA,04,M,FEM,At_Basic,242,,0.42
2015,NC-SEA,04,M,HI7,At_Basic,235,,0.45
2015,NC-SEA,04,M,MALE,At_Basic,245,,0.4
2015,NC-SEA,04,M,NOT_EDS,At_Basic,258,,0.3
2015,NC-SEA,04,M,SWD,At_Basic,215,0.93,0.4
2015,NC-SEA,04,M,MU7,At_Basic,249,,0.44
2015,NC-SEA,04,M,WH7,At_Basic,253,,0.35
2015,NC-SEA,08,M,ALL,At_Basic,281,,0.37
2015,NC-SEA,08,M,AIAN,At_Basic,261,,0.28
2015,NC-SEA,08,M,ASPI,At_Basic,309,,0.23
2015,NC-SEA,08,M,BL7,At_Basic,263,,0.34
2015,NC-SEA,08,M,EDS,At_Basic,268,,0.39
2015,NC-SEA,08,M,ELS,At_Basic,247,0.93,0.27
2015,NC-SEA,08,M,FEM,At_Basic,282,,0.39
2015,NC-SEA,08,M,HI7,At_Basic,273,,0.41
2015,NC-SEA,08,M,MALE,At_Basic,281,,0.35
2015,NC-SEA,08,M,NOT_EDS,At_Basic,299,,0.33
2015,NC-SEA,08,M,SWD,At_Basic,241,0.93,0.21
2015,NC-SEA,08,M,MU7,At_Basic,274,,0.37
2015,NC-SEA,08,M,WH7,At_Basic,292,,0.38
2015,NC-SEA,04,RD,ALL,At_Basic,226,,0.34
2015,NC-SEA,04,RD,AIAN,At_Basic,198,,0.26
2015,NC-SEA,04,RD,ASPI,At_Basic,242,,0.25
2015,NC-SEA,04,RD,BL7,At_Basic,214,,0.38
2015,NC-SEA,04,RD,EDS,At_Basic,215,,0.37
2015,NC-SEA,04,RD,ELS,At_Basic,187,0.92,0.24
2015,NC-SEA,04,RD,FEM,At_Basic,230,,0.34
2015,NC-SEA,04,RD,HI7,At_Basic,212,,0.37
2015,NC-SEA,04,RD,MALE,At_Basic,222,,0.34
2015,NC-SEA,04,RD,NOT_EDS,At_Basic,242,,0.29
2015,NC-SEA,04,RD,SWD,At_Basic,186,0.91,0.2
2015,NC-SEA,04,RD,MU7,At_Basic,228,,0.29
2015,NC-SEA,04,RD,WH7,At_Basic,236,,0.32
2015,NC-SEA,08,RD,ALL,At_Basic,261,,0.41
2015,NC-SEA,08,RD,AIAN,At_Basic,250,,0.29
2015,NC-SEA,08,RD,ASPI,At_Basic,278,,0.32
2015,NC-SEA,08,RD,BL7,At_Basic,243,,0.41
2015,NC-SEA,08,RD,EDS,At_Basic,249,,0.43
2015,NC-SEA,08,RD,ELS,At_Basic,217,0.85,0.24
2015,NC-SEA,08,RD,FEM,At_Basic,268,,0.41
2015,NC-SEA,08,RD,HI7,At_Basic,252,,0.45
2015,NC-SEA,08,RD,MALE,At_Basic,254,,0.42
2015,NC-SEA,08,RD,NOT_EDS,At_Basic,277,,0.39
2015,NC-SEA,08,RD,SWD,At_Basic,217,0.94,0.22
2015,NC-SEA,08,RD,MU7,At_Basic,269,,0.45
2015,NC-SEA,08,RD,WH7,At_Basic,271,,0.41
2015,NAT,04,M,ALL,At_proficient,240,,0.32
2015,NAT,04,M,AIAN,At_proficient,228,,0.21
2015,NAT,04,M,ASPI,At_proficient,256,,0.39
2015,NAT,04,M,BL7,At_proficient,224,,0.17
2015,NAT,04,M,EDS,At_proficient,229,,0.22
2015,NAT,04,M,ELS,At_proficient,218,0.95,0.13
2015,NAT,04,M,FEM,At_proficient,239,,0.32
2015,NAT,04,M,HI7,At_proficient,230,,0.23
2015,NAT,04,M,MALE,At_proficient,241,,0.33
2015,NAT,04,M,NOT_EDS,At_proficient,253,,0.45
2015,NAT,04,M,SWD,At_proficient,215,0.89,0.12
2015,NAT,04,M,MU7,At_proficient,244,,0.35
2015,NAT,04,M,WH7,At_proficient,248,,0.41
2015,NAT,08,M,ALL,At_proficient,281,,0.24
2015,NAT,08,M,AIAN,At_proficient,267,,0.16
2015,NAT,08,M,ASPI,At_proficient,305,,0.33
2015,NAT,08,M,BL7,At_proficient,260,,0.11
2015,NAT,08,M,EDS,At_proficient,268,,0.15
2015,NAT,08,M,ELS,At_proficient,246,0.93,0.05
2015,NAT,08,M,FEM,At_proficient,281,,0.25
2015,NAT,08,M,HI7,At_proficient,269,,0.16
2015,NAT,08,M,MALE,At_proficient,281,,0.24
2015,NAT,08,M,NOT_EDS,At_proficient,296,,0.34
2015,NAT,08,M,SWD,At_proficient,243,0.9,0.05
2015,NAT,08,M,MU7,At_proficient,283,,0.26
2015,NAT,08,M,WH7,At_proficient,291,,0.32
2015,NAT,04,RD,ALL,At_proficient,221,,0.27
2015,NAT,04,RD,AIAN,At_proficient,206,,0.17
2015,NAT,04,RD,ASPI,At_proficient,238,,0.34
2015,NAT,04,RD,BL7,At_proficient,206,,0.16
2015,NAT,04,RD,EDS,At_proficient,209,,0.18
2015,NAT,04,RD,ELS,At_proficient,189,0.93,0.07
2015,NAT,04,RD,FEM,At_proficient,225,,0.28
2015,NAT,04,RD,HI7,At_proficient,208,,0.17
2015,NAT,04,RD,MALE,At_proficient,218,,0.25
2015,NAT,04,RD,NOT_EDS,At_proficient,237,,0.37
2015,NAT,04,RD,SWD,At_proficient,184,0.87,0.09
2015,NAT,04,RD,MU7,At_proficient,226,,0.29
2015,NAT,04,RD,WH7,At_proficient,232,,0.34
2015,NAT,08,RD,ALL,At_proficient,264,,0.29
2015,NAT,08,RD,AIAN,At_proficient,253,,0.21
2015,NAT,08,RD,ASPI,At_proficient,279,,0.41
2015,NAT,08,RD,BL7,At_proficient,247,,0.14
2015,NAT,08,RD,EDS,At_proficient,253,,0.19
2015,NAT,08,RD,ELS,At_proficient,223,0.9,0.03
2015,NAT,08,RD,FEM,At_proficient,269,,0.33
2015,NAT,08,RD,HI7,At_proficient,253,,0.19
2015,NAT,08,RD,MALE,At_proficient,259,,0.26
2015,NAT,08,RD,NOT_EDS,At_proficient,276,,0.41
2015,NAT,08,RD,SWD,At_proficient,226,0.87,0.06
2015,NAT,08,RD,MU7,At_proficient,267,,0.31
2015,NAT,08,RD,WH7,At_proficient,273,,0.38
2015,NC-SEA,04,M,ALL,At_proficient,244,,0.36
2015,NC-SEA,04,M,AIAN,At_proficient,229,,0.21
2015,NC-SEA,04,M,ASPI,At_proficient,258,,0.38
2015,NC-SEA,04,M,BL7,At_proficient,229,,0.2
2015,NC-SEA,04,M,EDS,At_proficient,234,,0.27
2015,NC-SEA,04,M,ELS,At_proficient,216,0.93,0.1
2015,NC-SEA,04,M,FEM,At_proficient,242,,0.35
2015,NC-SEA,04,M,HI7,At_proficient,235,,0.3
2015,NC-SEA,04,M,MALE,At_proficient,245,,0.37
2015,NC-SEA,04,M,NOT_EDS,At_proficient,258,,0.51
2015,NC-SEA,04,M,SWD,At_proficient,215,0.93,0.1
2015,NC-SEA,04,M,MU7,At_proficient,249,,0.37
2015,NC-SEA,04,M,WH7,At_proficient,253,,0.47
2015,NC-SEA,08,M,ALL,At_proficient,281,,0.24
2015,NC-SEA,08,M,AIAN,At_proficient,261,,0.15
2015,NC-SEA,08,M,ASPI,At_proficient,309,,0.25
2015,NC-SEA,08,M,BL7,At_proficient,263,,0.14
2015,NC-SEA,08,M,EDS,At_proficient,268,,0.16
2015,NC-SEA,08,M,ELS,At_proficient,247,0.93,0.05
2015,NC-SEA,08,M,FEM,At_proficient,282,,0.25
2015,NC-SEA,08,M,HI7,At_proficient,273,,0.2
2015,NC-SEA,08,M,MALE,At_proficient,281,,0.23
2015,NC-SEA,08,M,NOT_EDS,At_proficient,299,,0.34
2015,NC-SEA,08,M,SWD,At_proficient,241,0.93,0.05
2015,NC-SEA,08,M,MU7,At_proficient,274,,0.24
2015,NC-SEA,08,M,WH7,At_proficient,292,,0.3
2015,NC-SEA,04,RD,ALL,At_proficient,226,,0.29
2015,NC-SEA,04,RD,AIAN,At_proficient,198,,0.15
2015,NC-SEA,04,RD,ASPI,At_proficient,242,,0.39
2015,NC-SEA,04,RD,BL7,At_proficient,214,,0.2
2015,NC-SEA,04,RD,EDS,At_proficient,215,,0.21
2015,NC-SEA,04,RD,ELS,At_proficient,187,0.92,0.05
2015,NC-SEA,04,RD,FEM,At_proficient,230,,0.32
2015,NC-SEA,04,RD,HI7,At_proficient,212,,0.21
2015,NC-SEA,04,RD,MALE,At_proficient,222,,0.27
2015,NC-SEA,04,RD,NOT_EDS,At_proficient,242,,0.41
2015,NC-SEA,04,RD,SWD,At_proficient,186,0.91,0.07
2015,NC-SEA,04,RD,MU7,At_proficient,228,,0.39
2015,NC-SEA,04,RD,WH7,At_proficient,236,,0.36
2015,NC-SEA,08,RD,ALL,At_proficient,261,,0.27
2015,NC-SEA,08,RD,AIAN,At_proficient,250,,0.23
2015,NC-SEA,08,RD,ASPI,At_proficient,278,,0.47
2015,NC-SEA,08,RD,BL7,At_proficient,243,,0.12
2015,NC-SEA,08,RD,EDS,At_proficient,249,,0.17
2015,NC-SEA,08,RD,ELS,At_proficient,217,0.85,0.01
2015,NC-SEA,08,RD,FEM,At_proficient,268,,0.32
2015,NC-SEA,08,RD,HI7,At_proficient,252,,0.2
2015,NC-SEA,08,RD,MALE,At_proficient,254,,0.22
2015,NC-SEA,08,RD,NOT_EDS,At_proficient,277,,0.41
2015,NC-SEA,08,RD,SWD,At_proficient,217,0.94,0.04
2015,NC-SEA,08,RD,MU7,At_proficient,269,,0.34
2015,NC-SEA,08,RD,WH7,At_proficient,271,,0.35
2015,NAT,04,M,ALL,Below_Basic,240,,0.19
2015,NAT,04,M,AIAN,Below_Basic,228,,0.3
2015,NAT,04,M,ASPI,Below_Basic,256,,0.1
2015,NAT,04,M,BL7,Below_Basic,224,,0.35
2015,NAT,04,M,EDS,Below_Basic,229,,0.28
2015,NAT,04,M,ELS,Below_Basic,218,0.95,0.43
2015,NAT,04,M,FEM,Below_Basic,239,,0.19
2015,NAT,04,M,HI7,Below_Basic,230,,0.27
2015,NAT,04,M,MALE,Below_Basic,241,,0.19
2015,NAT,04,M,NOT_EDS,Below_Basic,253,,0.08
2015,NAT,04,M,SWD,Below_Basic,215,0.89,0.49
2015,NAT,04,M,MU7,Below_Basic,244,,0.15
2015,NAT,04,M,WH7,Below_Basic,248,,0.1
2015,NAT,08,M,ALL,Below_Basic,281,,0.3
2015,NAT,08,M,AIAN,Below_Basic,267,,0.43
2015,NAT,08,M,ASPI,Below_Basic,305,,0.14
2015,NAT,08,M,BL7,Below_Basic,260,,0.53
2015,NAT,08,M,EDS,Below_Basic,268,,0.42
2015,NAT,08,M,ELS,Below_Basic,246,0.93,0.69
2015,NAT,08,M,FEM,Below_Basic,281,,0.29
2015,NAT,08,M,HI7,Below_Basic,269,,0.4
2015,NAT,08,M,MALE,Below_Basic,281,,0.3
2015,NAT,08,M,NOT_EDS,Below_Basic,296,,0.16
2015,NAT,08,M,SWD,Below_Basic,243,0.9,0.72
2015,NAT,08,M,MU7,Below_Basic,283,,0.28
2015,NAT,08,M,WH7,Below_Basic,291,,0.19
2015,NAT,04,RD,ALL,Below_Basic,221,,0.32
2015,NAT,04,RD,AIAN,Below_Basic,206,,0.47
2015,NAT,04,RD,ASPI,Below_Basic,238,,0.19
2015,NAT,04,RD,BL7,Below_Basic,206,,0.49
2015,NAT,04,RD,EDS,Below_Basic,209,,0.44
2015,NAT,04,RD,ELS,Below_Basic,189,0.93,0.68
2015,NAT,04,RD,FEM,Below_Basic,225,,0.29
2015,NAT,04,RD,HI7,Below_Basic,208,,0.46
2015,NAT,04,RD,MALE,Below_Basic,218,,0.35
2015,NAT,04,RD,NOT_EDS,Below_Basic,237,,0.17
2015,NAT,04,RD,SWD,Below_Basic,184,0.87,0.7
2015,NAT,04,RD,MU7,Below_Basic,226,,0.28
2015,NAT,04,RD,WH7,Below_Basic,232,,0.21
2015,NAT,08,RD,ALL,Below_Basic,264,,0.25
2015,NAT,08,RD,AIAN,Below_Basic,253,,0.36
2015,NAT,08,RD,ASPI,Below_Basic,279,,0.15
2015,NAT,08,RD,BL7,Below_Basic,247,,0.42
2015,NAT,08,RD,EDS,Below_Basic,253,,0.36
2015,NAT,08,RD,ELS,Below_Basic,223,0.9,0.72
2015,NAT,08,RD,FEM,Below_Basic,269,,0.21
2015,NAT,08,RD,HI7,Below_Basic,253,,0.35
2015,NAT,08,RD,MALE,Below_Basic,259,,0.3
2015,NAT,08,RD,NOT_EDS,Below_Basic,276,,0.14
2015,NAT,08,RD,SWD,Below_Basic,226,0.87,0.68
2015,NAT,08,RD,MU7,Below_Basic,267,,0.23
2015,NAT,08,RD,WH7,Below_Basic,273,,0.16
2015,NC-SEA,04,M,ALL,Below_Basic,244,,0.15
2015,NC-SEA,04,M,AIAN,Below_Basic,229,,0.3
2015,NC-SEA,04,M,ASPI,Below_Basic,258,,0.12
2015,NC-SEA,04,M,BL7,Below_Basic,229,,0.27
2015,NC-SEA,04,M,EDS,Below_Basic,234,,0.22
2015,NC-SEA,04,M,ELS,Below_Basic,216,0.93,0.47
2015,NC-SEA,04,M,FEM,Below_Basic,242,,0.16
2015,NC-SEA,04,M,HI7,Below_Basic,235,,0.22
2015,NC-SEA,04,M,MALE,Below_Basic,245,,0.14
2015,NC-SEA,04,M,NOT_EDS,Below_Basic,258,,0.04
2015,NC-SEA,04,M,SWD,Below_Basic,215,0.93,0.49
2015,NC-SEA,04,M,MU7,Below_Basic,249,,0.07
2015,NC-SEA,04,M,WH7,Below_Basic,253,,0.06
2015,NC-SEA,08,M,ALL,Below_Basic,281,,0.31
2015,NC-SEA,08,M,AIAN,Below_Basic,261,,0.55
2015,NC-SEA,08,M,ASPI,Below_Basic,309,,0.17
2015,NC-SEA,08,M,BL7,Below_Basic,263,,0.5
2015,NC-SEA,08,M,EDS,Below_Basic,268,,0.42
2015,NC-SEA,08,M,ELS,Below_Basic,247,0.93,0.68
2015,NC-SEA,08,M,FEM,Below_Basic,282,,0.29
2015,NC-SEA,08,M,HI7,Below_Basic,273,,0.37
2015,NC-SEA,08,M,MALE,Below_Basic,281,,0.33
2015,NC-SEA,08,M,NOT_EDS,Below_Basic,299,,0.15
2015,NC-SEA,08,M,SWD,Below_Basic,241,0.93,0.74
2015,NC-SEA,08,M,MU7,Below_Basic,274,,0.37
2015,NC-SEA,08,M,WH7,Below_Basic,292,,0.19
2015,NC-SEA,04,RD,ALL,Below_Basic,226,,0.27
2015,NC-SEA,04,RD,AIAN,Below_Basic,198,,0.55
2015,NC-SEA,04,RD,ASPI,Below_Basic,242,,0.16
2015,NC-SEA,04,RD,BL7,Below_Basic,214,,0.4
2015,NC-SEA,04,RD,EDS,Below_Basic,215,,0.38
2015,NC-SEA,04,RD,ELS,Below_Basic,187,0.92,0.71
2015,NC-SEA,04,RD,FEM,Below_Basic,230,,0.23
2015,NC-SEA,04,RD,HI7,Below_Basic,212,,0.39
2015,NC-SEA,04,RD,MALE,Below_Basic,222,,0.32
2015,NC-SEA,04,RD,NOT_EDS,Below_Basic,242,,0.12
2015,NC-SEA,04,RD,SWD,Below_Basic,186,0.91,0.72
2015,NC-SEA,04,RD,MU7,Below_Basic,228,,0.24
2015,NC-SEA,04,RD,WH7,Below_Basic,236,,0.17
2015,NC-SEA,08,RD,ALL,Below_Basic,261,,0.28
2015,NC-SEA,08,RD,AIAN,Below_Basic,250,,0.44
2015,NC-SEA,08,RD,ASPI,Below_Basic,278,,0.14
2015,NC-SEA,08,RD,BL7,Below_Basic,243,,0.46
2015,NC-SEA,08,RD,EDS,Below_Basic,249,,0.39
2015,NC-SEA,08,RD,ELS,Below_Basic,217,0.85,0.75
2015,NC-SEA,08,RD,FEM,Below_Basic,268,,0.22
2015,NC-SEA,08,RD,HI7,Below_Basic,252,,0.34
2015,NC-SEA,08,RD,MALE,Below_Basic,254,,0.34
2015,NC-SEA,08,RD,NOT_EDS,Below_Basic,277,,0.14
2015,NC-SEA,08,RD,SWD,Below_Basic,217,0.94,0.74
2015,NC-SEA,08,RD,MU7,Below_Basic,269,,0.19
2015,NC-SEA,08,RD,WH7,Below_Basic,271,,0.19
2017,NAT,04,M,ALL,At_Advanced,239,,0.08
2017,NAT,04,M,AIAN,At_Advanced,227,,0.03
2017,NAT,04,M,ASPI,At_Advanced,258,,0.23
2017,NAT,04,M,BL7,At_Advanced,223,,0.02
2017,NAT,04,M,EDS,At_Advanced,228,,0.03
2017,NAT,04,M,ELS,At_Advanced,217,,0.02
2017,NAT,04,M,FEM,At_Advanced,238,,0.07
2017,NAT,04,M,HI7,At_Advanced,229,,0.03
2017,NAT,04,M,MALE,At_Advanced,240,,0.09
2017,NAT,04,M,NOT_EDS,At_Advanced,253,,0.14
2017,NAT,04,M,SWD,At_Advanced,214,,0.02
2017,NAT,04,M,MU7,At_Advanced,245,,0.11
2017,NAT,04,M,WH7,At_Advanced,248,,0.11
2017,NAT,08,M,ALL,At_Advanced,282,,0.1
2017,NAT,08,M,AIAN,At_Advanced,268,,0.04
2017,NAT,08,M,ASPI,At_Advanced,310,,0.3
2017,NAT,08,M,BL7,At_Advanced,260,,0.02
2017,NAT,08,M,EDS,At_Advanced,267,,0.03
2017,NAT,08,M,ELS,At_Advanced,245,0.86,0.01
2017,NAT,08,M,FEM,At_Advanced,282,,0.09
2017,NAT,08,M,HI7,At_Advanced,268,,0.03
2017,NAT,08,M,MALE,At_Advanced,282,,0.11
2017,NAT,08,M,NOT_EDS,At_Advanced,297,,0.16
2017,NAT,08,M,SWD,At_Advanced,246,0.88,0.02
2017,NAT,08,M,MU7,At_Advanced,285,,0.12
2017,NAT,08,M,WH7,At_Advanced,292,,0.13
2017,NAT,04,RD,ALL,At_Advanced,221,,0.09
2017,NAT,04,RD,AIAN,At_Advanced,203,,0.03
2017,NAT,04,RD,ASPI,At_Advanced,238,,0.21
2017,NAT,04,RD,BL7,At_Advanced,205,,0.03
2017,NAT,04,RD,EDS,At_Advanced,208,,0.03
2017,NAT,04,RD,ELS,At_Advanced,189,0.94,0.01
2017,NAT,04,RD,FEM,At_Advanced,224,,0.1
2017,NAT,04,RD,HI7,At_Advanced,208,,0.04
2017,NAT,04,RD,MALE,At_Advanced,218,,0.08
2017,NAT,04,RD,NOT_EDS,At_Advanced,236,,0.15
2017,NAT,04,RD,SWD,At_Advanced,186,0.9,0.02
2017,NAT,04,RD,MU7,At_Advanced,226,,0.11
2017,NAT,04,RD,WH7,At_Advanced,231,,0.12
2017,NAT,08,RD,ALL,At_Advanced,265,,0.04
2017,NAT,08,RD,AIAN,At_Advanced,253,,0.01
2017,NAT,08,RD,ASPI,At_Advanced,281,,0.11
2017,NAT,08,RD,BL7,At_Advanced,248,,0.01
2017,NAT,08,RD,EDS,At_Advanced,253,,0.01
2017,NAT,08,RD,ELS,At_Advanced,226,0.83,
2017,NAT,08,RD,FEM,At_Advanced,270,,0.05
2017,NAT,08,RD,HI7,At_Advanced,255,,0.01
2017,NAT,08,RD,MALE,At_Advanced,260,,0.03
2017,NAT,08,RD,NOT_EDS,At_Advanced,277,,0.07
2017,NAT,08,RD,SWD,At_Advanced,231,0.89,0.01
2017,NAT,08,RD,MU7,At_Advanced,270,,0.05
2017,NAT,08,RD,WH7,At_Advanced,274,,0.05
2017,NC-SEA,04,M,ALL,At_Advanced,241,,0.09
2017,NC-SEA,04,M,AIAN,At_Advanced,,,
2017,NC-SEA,04,M,ASPI,At_Advanced,258,,0.21
2017,NC-SEA,04,M,BL7,At_Advanced,224,,0.01
2017,NC-SEA,04,M,EDS,At_Advanced,232,,0.03
2017,NC-SEA,04,M,ELS,At_Advanced,210,0.89,
2017,NC-SEA,04,M,FEM,At_Advanced,240,,0.07
2017,NC-SEA,04,M,HI7,At_Advanced,235,,0.05
2017,NC-SEA,04,M,MALE,At_Advanced,242,,0.11
2017,NC-SEA,04,M,NOT_EDS,At_Advanced,252,,0.14
2017,NC-SEA,04,M,SWD,At_Advanced,212,0.91,0.01
2017,NC-SEA,04,M,MU7,At_Advanced,242,,0.08
2017,NC-SEA,04,M,WH7,At_Advanced,251,,0.13
2017,NC-SEA,08,M,ALL,At_Advanced,282,,0.11
2017,NC-SEA,08,M,AIAN,At_Advanced,,,
2017,NC-SEA,08,M,ASPI,At_Advanced,309,,0.29
2017,NC-SEA,08,M,BL7,At_Advanced,258,,0.02
2017,NC-SEA,08,M,EDS,At_Advanced,265,,0.03
2017,NC-SEA,08,M,ELS,At_Advanced,240,,
2017,NC-SEA,08,M,FEM,At_Advanced,282,,0.1
2017,NC-SEA,08,M,HI7,At_Advanced,272,,0.05
2017,NC-SEA,08,M,MALE,At_Advanced,281,,0.12
2017,NC-SEA,08,M,NOT_EDS,At_Advanced,297,,0.18
2017,NC-SEA,08,M,SWD,At_Advanced,241,,0.01
2017,NC-SEA,08,M,MU7,At_Advanced,285,,0.08
2017,NC-SEA,08,M,WH7,At_Advanced,295,,0.16
2017,NC-SEA,04,RD,ALL,At_Advanced,224,,0.1
2017,NC-SEA,04,RD,AIAN,At_Advanced,,,
2017,NC-SEA,04,RD,ASPI,At_Advanced,240,,0.22
2017,NC-SEA,04,RD,BL7,At_Advanced,211,,0.03
2017,NC-SEA,04,RD,EDS,At_Advanced,211,,0.04
2017,NC-SEA,04,RD,ELS,At_Advanced,180,,
2017,NC-SEA,04,RD,FEM,At_Advanced,227,,0.1
2017,NC-SEA,04,RD,HI7,At_Advanced,211,,0.04
2017,NC-SEA,04,RD,MALE,At_Advanced,221,,0.1
2017,NC-SEA,04,RD,NOT_EDS,At_Advanced,236,,0.16
2017,NC-SEA,04,RD,SWD,At_Advanced,187,,0.01
2017,NC-SEA,04,RD,MU7,At_Advanced,228,,0.11
2017,NC-SEA,04,RD,WH7,At_Advanced,235,,0.15
2017,NC-SEA,08,RD,ALL,At_Advanced,263,,0.03
2017,NC-SEA,08,RD,AIAN,At_Advanced,,,
2017,NC-SEA,08,RD,ASPI,At_Advanced,281,,0.11
2017,NC-SEA,08,RD,BL7,At_Advanced,248,,0.01
2017,NC-SEA,08,RD,EDS,At_Advanced,250,,0.01
2017,NC-SEA,08,RD,ELS,At_Advanced,217,,
2017,NC-SEA,08,RD,FEM,At_Advanced,269,,0.04
2017,NC-SEA,08,RD,HI7,At_Advanced,255,,0.02
2017,NC-SEA,08,RD,MALE,At_Advanced,257,,0.02
2017,NC-SEA,08,RD,NOT_EDS,At_Advanced,274,,0.05
2017,NC-SEA,08,RD,SWD,At_Advanced,224,,
2017,NC-SEA,08,RD,MU7,At_Advanced,258,,0.03
2017,NC-SEA,08,RD,WH7,At_Advanced,272,,0.05
2017,NAT,04,M,ALL,At_Basic,239,,0.39
2017,NAT,04,M,AIAN,At_Basic,227,,0.44
2017,NAT,04,M,ASPI,At_Basic,258,,0.27
2017,NAT,04,M,BL7,At_Basic,223,,0.44
2017,NAT,04,M,EDS,At_Basic,228,,0.44
2017,NAT,04,M,ELS,At_Basic,217,,0.39
2017,NAT,04,M,FEM,At_Basic,238,,0.42
2017,NAT,04,M,HI7,At_Basic,229,,0.44
2017,NAT,04,M,MALE,At_Basic,240,,0.37
2017,NAT,04,M,NOT_EDS,At_Basic,253,,0.33
2017,NAT,04,M,SWD,At_Basic,214,,0.32
2017,NAT,04,M,MU7,At_Basic,245,,0.39
2017,NAT,04,M,WH7,At_Basic,248,,0.37
2017,NAT,08,M,ALL,At_Basic,282,,0.36
2017,NAT,08,M,AIAN,At_Basic,268,,0.38
2017,NAT,08,M,ASPI,At_Basic,310,,0.25
2017,NAT,08,M,BL7,At_Basic,260,,0.34
2017,NAT,08,M,EDS,At_Basic,267,,0.37
2017,NAT,08,M,ELS,At_Basic,245,0.86,0.23
2017,NAT,08,M,FEM,At_Basic,282,,0.37
2017,NAT,08,M,HI7,At_Basic,268,,0.37
2017,NAT,08,M,MALE,At_Basic,282,,0.34
2017,NAT,08,M,NOT_EDS,At_Basic,297,,0.34
2017,NAT,08,M,SWD,At_Basic,246,0.88,0.22
2017,NAT,08,M,MU7,At_Basic,285,,0.36
2017,NAT,08,M,WH7,At_Basic,292,,0.37
2017,NAT,04,RD,ALL,At_Basic,221,,0.31
2017,NAT,04,RD,AIAN,At_Basic,203,,0.28
2017,NAT,04,RD,ASPI,At_Basic,238,,0.25
2017,NAT,04,RD,BL7,At_Basic,205,,0.31
2017,NAT,04,RD,EDS,At_Basic,208,,0.32
2017,NAT,04,RD,ELS,At_Basic,189,0.94,0.23
2017,NAT,04,RD,FEM,At_Basic,224,,0.32
2017,NAT,04,RD,HI7,At_Basic,208,,0.32
2017,NAT,04,RD,MALE,At_Basic,218,,0.3
2017,NAT,04,RD,NOT_EDS,At_Basic,236,,0.3
2017,NAT,04,RD,SWD,At_Basic,186,0.9,0.2
2017,NAT,04,RD,MU7,At_Basic,226,,0.32
2017,NAT,04,RD,WH7,At_Basic,231,,0.32
2017,NAT,08,RD,ALL,At_Basic,265,,0.41
2017,NAT,08,RD,AIAN,At_Basic,253,,0.42
2017,NAT,08,RD,ASPI,At_Basic,281,,0.31
2017,NAT,08,RD,BL7,At_Basic,248,,0.42
2017,NAT,08,RD,EDS,At_Basic,253,,0.43
2017,NAT,08,RD,ELS,At_Basic,226,0.83,0.27
2017,NAT,08,RD,FEM,At_Basic,270,,0.4
2017,NAT,08,RD,HI7,At_Basic,255,,0.44
2017,NAT,08,RD,MALE,At_Basic,260,,0.41
2017,NAT,08,RD,NOT_EDS,At_Basic,277,,0.38
2017,NAT,08,RD,SWD,At_Basic,231,0.89,0.29
2017,NAT,08,RD,MU7,At_Basic,270,,0.41
2017,NAT,08,RD,WH7,At_Basic,274,,0.4
2017,NC-SEA,04,M,ALL,At_Basic,241,,0.39
2017,NC-SEA,04,M,AIAN,At_Basic,,,
2017,NC-SEA,04,M,ASPI,At_Basic,258,,0.29
2017,NC-SEA,04,M,BL7,At_Basic,224,,0.45
2017,NC-SEA,04,M,EDS,At_Basic,232,,0.45
2017,NC-SEA,04,M,ELS,At_Basic,210,0.89,0.37
2017,NC-SEA,04,M,FEM,At_Basic,240,,0.41
2017,NC-SEA,04,M,HI7,At_Basic,235,,0.44
2017,NC-SEA,04,M,MALE,At_Basic,242,,0.36
2017,NC-SEA,04,M,NOT_EDS,At_Basic,252,,0.32
2017,NC-SEA,04,M,SWD,At_Basic,212,0.91,0.3
2017,NC-SEA,04,M,MU7,At_Basic,242,,0.39
2017,NC-SEA,04,M,WH7,At_Basic,251,,0.34
2017,NC-SEA,08,M,ALL,At_Basic,282,,0.33
2017,NC-SEA,08,M,AIAN,At_Basic,,,
2017,NC-SEA,08,M,ASPI,At_Basic,309,,0.27
2017,NC-SEA,08,M,BL7,At_Basic,258,,0.31
2017,NC-SEA,08,M,EDS,At_Basic,265,,0.34
2017,NC-SEA,08,M,ELS,At_Basic,240,,0.21
2017,NC-SEA,08,M,FEM,At_Basic,282,,0.35
2017,NC-SEA,08,M,HI7,At_Basic,272,,0.38
2017,NC-SEA,08,M,MALE,At_Basic,281,,0.31
2017,NC-SEA,08,M,NOT_EDS,At_Basic,297,,0.33
2017,NC-SEA,08,M,SWD,At_Basic,241,,0.2
2017,NC-SEA,08,M,MU7,At_Basic,285,,0.38
2017,NC-SEA,08,M,WH7,At_Basic,295,,0.33
2017,NC-SEA,04,RD,ALL,At_Basic,224,,0.31
2017,NC-SEA,04,RD,AIAN,At_Basic,,,
2017,NC-SEA,04,RD,ASPI,At_Basic,240,,0.28
2017,NC-SEA,04,RD,BL7,At_Basic,211,,0.34
2017,NC-SEA,04,RD,EDS,At_Basic,211,,0.33
2017,NC-SEA,04,RD,ELS,At_Basic,180,,0.16
2017,NC-SEA,04,RD,FEM,At_Basic,227,,0.31
2017,NC-SEA,04,RD,HI7,At_Basic,211,,0.34
2017,NC-SEA,04,RD,MALE,At_Basic,221,,0.3
2017,NC-SEA,04,RD,NOT_EDS,At_Basic,236,,0.28
2017,NC-SEA,04,RD,SWD,At_Basic,187,,0.19
2017,NC-SEA,04,RD,MU7,At_Basic,228,,0.34
2017,NC-SEA,04,RD,WH7,At_Basic,235,,0.28
2017,NC-SEA,08,RD,ALL,At_Basic,263,,0.41
2017,NC-SEA,08,RD,AIAN,At_Basic,,,
2017,NC-SEA,08,RD,ASPI,At_Basic,281,,0.4
2017,NC-SEA,08,RD,BL7,At_Basic,248,,0.42
2017,NC-SEA,08,RD,EDS,At_Basic,250,,0.42
2017,NC-SEA,08,RD,ELS,At_Basic,217,,0.23
2017,NC-SEA,08,RD,FEM,At_Basic,269,,0.39
2017,NC-SEA,08,RD,HI7,At_Basic,255,,0.43
2017,NC-SEA,08,RD,MALE,At_Basic,257,,0.42
2017,NC-SEA,08,RD,NOT_EDS,At_Basic,274,,0.4
2017,NC-SEA,08,RD,SWD,At_Basic,224,,0.23
2017,NC-SEA,08,RD,MU7,At_Basic,258,,0.39
2017,NC-SEA,08,RD,WH7,At_Basic,272,,0.4
2017,NAT,04,M,ALL,At_proficient,239,,0.32
2017,NAT,04,M,AIAN,At_proficient,227,,0.21
2017,NAT,04,M,ASPI,At_proficient,258,,0.41
2017,NAT,04,M,BL7,At_proficient,223,,0.17
2017,NAT,04,M,EDS,At_proficient,228,,0.22
2017,NAT,04,M,ELS,At_proficient,217,,0.13
2017,NAT,04,M,FEM,At_proficient,238,,0.31
2017,NAT,04,M,HI7,At_proficient,229,,0.23
2017,NAT,04,M,MALE,At_proficient,240,,0.32
2017,NAT,04,M,NOT_EDS,At_proficient,253,,0.43
2017,NAT,04,M,SWD,At_proficient,214,,0.13
2017,NAT,04,M,MU7,At_proficient,245,,0.35
2017,NAT,04,M,WH7,At_proficient,248,,0.4
2017,NAT,08,M,ALL,At_proficient,282,,0.24
2017,NAT,08,M,AIAN,At_proficient,268,,0.15
2017,NAT,08,M,ASPI,At_proficient,310,,0.31
2017,NAT,08,M,BL7,At_proficient,260,,0.11
2017,NAT,08,M,EDS,At_proficient,267,,0.15
2017,NAT,08,M,ELS,At_proficient,245,0.86,0.05
2017,NAT,08,M,FEM,At_proficient,282,,0.24
2017,NAT,08,M,HI7,At_proficient,268,,0.16
2017,NAT,08,M,MALE,At_proficient,282,,0.23
2017,NAT,08,M,NOT_EDS,At_proficient,297,,0.32
2017,NAT,08,M,SWD,At_proficient,246,0.88,0.06
2017,NAT,08,M,MU7,At_proficient,285,,0.24
2017,NAT,08,M,WH7,At_proficient,292,,0.3
2017,NAT,04,RD,ALL,At_proficient,221,,0.27
2017,NAT,04,RD,AIAN,At_proficient,203,,0.18
2017,NAT,04,RD,ASPI,At_proficient,238,,0.35
2017,NAT,04,RD,BL7,At_proficient,205,,0.16
2017,NAT,04,RD,EDS,At_proficient,208,,0.18
2017,NAT,04,RD,ELS,At_proficient,189,0.94,0.08
2017,NAT,04,RD,FEM,At_proficient,224,,0.28
2017,NAT,04,RD,HI7,At_proficient,208,,0.18
2017,NAT,04,RD,MALE,At_proficient,218,,0.25
2017,NAT,04,RD,NOT_EDS,At_proficient,236,,0.37
2017,NAT,04,RD,SWD,At_proficient,186,0.9,0.1
2017,NAT,04,RD,MU7,At_proficient,226,,0.29
2017,NAT,04,RD,WH7,At_proficient,231,,0.34
2017,NAT,08,RD,ALL,At_proficient,265,,0.31
2017,NAT,08,RD,AIAN,At_proficient,253,,0.2
2017,NAT,08,RD,ASPI,At_proficient,281,,0.43
2017,NAT,08,RD,BL7,At_proficient,248,,0.16
2017,NAT,08,RD,EDS,At_proficient,253,,0.2
2017,NAT,08,RD,ELS,At_proficient,226,0.83,0.05
2017,NAT,08,RD,FEM,At_proficient,270,,0.35
2017,NAT,08,RD,HI7,At_proficient,255,,0.21
2017,NAT,08,RD,MALE,At_proficient,260,,0.27
2017,NAT,08,RD,NOT_EDS,At_proficient,277,,0.42
2017,NAT,08,RD,SWD,At_proficient,231,0.89,0.08
2017,NAT,08,RD,MU7,At_proficient,270,,0.35
2017,NAT,08,RD,WH7,At_proficient,274,,0.39
2017,NC-SEA,04,M,ALL,At_proficient,241,,0.33
2017,NC-SEA,04,M,AIAN,At_proficient,,,
2017,NC-SEA,04,M,ASPI,At_proficient,258,,0.43
2017,NC-SEA,04,M,BL7,At_proficient,224,,0.19
2017,NC-SEA,04,M,EDS,At_proficient,232,,0.25
2017,NC-SEA,04,M,ELS,At_proficient,210,0.89,0.07
2017,NC-SEA,04,M,FEM,At_proficient,240,,0.34
2017,NC-SEA,04,M,HI7,At_proficient,235,,0.28
2017,NC-SEA,04,M,MALE,At_proficient,242,,0.33
2017,NC-SEA,04,M,NOT_EDS,At_proficient,252,,0.43
2017,NC-SEA,04,M,SWD,At_proficient,212,0.91,0.1
2017,NC-SEA,04,M,MU7,At_proficient,242,,0.35
2017,NC-SEA,04,M,WH7,At_proficient,251,,0.42
2017,NC-SEA,08,M,ALL,At_proficient,282,,0.24
2017,NC-SEA,08,M,AIAN,At_proficient,,,
2017,NC-SEA,08,M,ASPI,At_proficient,309,,0.3
2017,NC-SEA,08,M,BL7,At_proficient,258,,0.12
2017,NC-SEA,08,M,EDS,At_proficient,265,,0.16
2017,NC-SEA,08,M,ELS,At_proficient,240,,0.03
2017,NC-SEA,08,M,FEM,At_proficient,282,,0.25
2017,NC-SEA,08,M,HI7,At_proficient,272,,0.19
2017,NC-SEA,08,M,MALE,At_proficient,281,,0.23
2017,NC-SEA,08,M,NOT_EDS,At_proficient,297,,0.31
2017,NC-SEA,08,M,SWD,At_proficient,241,,0.06
2017,NC-SEA,08,M,MU7,At_proficient,285,,0.27
2017,NC-SEA,08,M,WH7,At_proficient,295,,0.31
2017,NC-SEA,04,RD,ALL,At_proficient,224,,0.29
2017,NC-SEA,04,RD,AIAN,At_proficient,,,
2017,NC-SEA,04,RD,ASPI,At_proficient,240,,0.33
2017,NC-SEA,04,RD,BL7,At_proficient,211,,0.19
2017,NC-SEA,04,RD,EDS,At_proficient,211,,0.2
2017,NC-SEA,04,RD,ELS,At_proficient,180,,0.03
2017,NC-SEA,04,RD,FEM,At_proficient,227,,0.31
2017,NC-SEA,04,RD,HI7,At_proficient,211,,0.18
2017,NC-SEA,04,RD,MALE,At_proficient,221,,0.27
2017,NC-SEA,04,RD,NOT_EDS,At_proficient,236,,0.37
2017,NC-SEA,04,RD,SWD,At_proficient,187,,0.1
2017,NC-SEA,04,RD,MU7,At_proficient,228,,0.3
2017,NC-SEA,04,RD,WH7,At_proficient,235,,0.37
2017,NC-SEA,08,RD,ALL,At_proficient,263,,0.3
2017,NC-SEA,08,RD,AIAN,At_proficient,,,
2017,NC-SEA,08,RD,ASPI,At_proficient,281,,0.39
2017,NC-SEA,08,RD,BL7,At_proficient,248,,0.17
2017,NC-SEA,08,RD,EDS,At_proficient,250,,0.19
2017,NC-SEA,08,RD,ELS,At_proficient,217,,0.03
2017,NC-SEA,08,RD,FEM,At_proficient,269,,0.35
2017,NC-SEA,08,RD,HI7,At_proficient,255,,0.22
2017,NC-SEA,08,RD,MALE,At_proficient,257,,0.24
2017,NC-SEA,08,RD,NOT_EDS,At_proficient,274,,0.39
2017,NC-SEA,08,RD,SWD,At_proficient,224,,0.03
2017,NC-SEA,08,RD,MU7,At_proficient,258,,0.28
2017,NC-SEA,08,RD,WH7,At_proficient,272,,0.38
2017,NAT,04,M,ALL,Below_Basic,239,,0.21
2017,NAT,04,M,AIAN,Below_Basic,227,,0.31
2017,NAT,04,M,ASPI,Below_Basic,258,,0.1
2017,NAT,04,M,BL7,Below_Basic,223,,0.37
2017,NAT,04,M,EDS,Below_Basic,228,,0.31
2017,NAT,04,M,ELS,Below_Basic,217,,0.47
2017,NAT,04,M,FEM,Below_Basic,238,,0.21
2017,NAT,04,M,HI7,Below_Basic,229,,0.29
2017,NAT,04,M,MALE,Below_Basic,240,,0.21
2017,NAT,04,M,NOT_EDS,Below_Basic,253,,0.09
2017,NAT,04,M,SWD,Below_Basic,214,,0.52
2017,NAT,04,M,MU7,Below_Basic,245,,0.15
2017,NAT,04,M,WH7,Below_Basic,248,,0.12
2017,NAT,08,M,ALL,Below_Basic,282,,0.31
2017,NAT,08,M,AIAN,Below_Basic,268,,0.43
2017,NAT,08,M,ASPI,Below_Basic,310,,0.14
2017,NAT,08,M,BL7,Below_Basic,260,,0.54
2017,NAT,08,M,EDS,Below_Basic,267,,0.45
2017,NAT,08,M,ELS,Below_Basic,245,0.86,0.72
2017,NAT,08,M,FEM,Below_Basic,282,,0.31
2017,NAT,08,M,HI7,Below_Basic,268,,0.43
2017,NAT,08,M,MALE,Below_Basic,282,,0.31
2017,NAT,08,M,NOT_EDS,Below_Basic,297,,0.17
2017,NAT,08,M,SWD,Below_Basic,246,0.88,0.7
2017,NAT,08,M,MU7,Below_Basic,285,,0.28
2017,NAT,08,M,WH7,Below_Basic,292,,0.2
2017,NAT,04,RD,ALL,Below_Basic,221,,0.33
2017,NAT,04,RD,AIAN,Below_Basic,203,,0.51
2017,NAT,04,RD,ASPI,Below_Basic,238,,0.18
2017,NAT,04,RD,BL7,Below_Basic,205,,0.5
2017,NAT,04,RD,EDS,Below_Basic,208,,0.46
2017,NAT,04,RD,ELS,Below_Basic,189,0.94,0.68
2017,NAT,04,RD,FEM,Below_Basic,224,,0.3
2017,NAT,04,RD,HI7,Below_Basic,208,,0.46
2017,NAT,04,RD,MALE,Below_Basic,218,,0.36
2017,NAT,04,RD,NOT_EDS,Below_Basic,236,,0.18
2017,NAT,04,RD,SWD,Below_Basic,186,0.9,0.68
2017,NAT,04,RD,MU7,Below_Basic,226,,0.28
2017,NAT,04,RD,WH7,Below_Basic,231,,0.22
2017,NAT,08,RD,ALL,Below_Basic,265,,0.25
2017,NAT,08,RD,AIAN,Below_Basic,253,,0.37
2017,NAT,08,RD,ASPI,Below_Basic,281,,0.15
2017,NAT,08,RD,BL7,Below_Basic,248,,0.41
2017,NAT,08,RD,EDS,Below_Basic,253,,0.36
2017,NAT,08,RD,ELS,Below_Basic,226,0.83,0.68
2017,NAT,08,RD,FEM,Below_Basic,270,,0.2
2017,NAT,08,RD,HI7,Below_Basic,255,,0.34
2017,NAT,08,RD,MALE,Below_Basic,260,,0.29
2017,NAT,08,RD,NOT_EDS,Below_Basic,277,,0.14
2017,NAT,08,RD,SWD,Below_Basic,231,0.89,0.62
2017,NAT,08,RD,MU7,Below_Basic,270,,0.2
2017,NAT,08,RD,WH7,Below_Basic,274,,0.17
2017,NC-SEA,04,M,ALL,Below_Basic,241,,0.19
2017,NC-SEA,04,M,AIAN,Below_Basic,,,
2017,NC-SEA,04,M,ASPI,Below_Basic,258,,0.07
2017,NC-SEA,04,M,BL7,Below_Basic,224,,0.35
2017,NC-SEA,04,M,EDS,Below_Basic,232,,0.27
2017,NC-SEA,04,M,ELS,Below_Basic,210,0.89,0.56
2017,NC-SEA,04,M,FEM,Below_Basic,240,,0.19
2017,NC-SEA,04,M,HI7,Below_Basic,235,,0.23
2017,NC-SEA,04,M,MALE,Below_Basic,242,,0.2
2017,NC-SEA,04,M,NOT_EDS,Below_Basic,252,,0.11
2017,NC-SEA,04,M,SWD,Below_Basic,212,0.91,0.59
2017,NC-SEA,04,M,MU7,Below_Basic,242,,0.17
2017,NC-SEA,04,M,WH7,Below_Basic,251,,0.11
2017,NC-SEA,08,M,ALL,Below_Basic,282,,0.32
2017,NC-SEA,08,M,AIAN,Below_Basic,,,
2017,NC-SEA,08,M,ASPI,Below_Basic,309,,0.13
2017,NC-SEA,08,M,BL7,Below_Basic,258,,0.55
2017,NC-SEA,08,M,EDS,Below_Basic,265,,0.47
2017,NC-SEA,08,M,ELS,Below_Basic,240,,0.76
2017,NC-SEA,08,M,FEM,Below_Basic,282,,0.31
2017,NC-SEA,08,M,HI7,Below_Basic,272,,0.39
2017,NC-SEA,08,M,MALE,Below_Basic,281,,0.33
2017,NC-SEA,08,M,NOT_EDS,Below_Basic,297,,0.19
2017,NC-SEA,08,M,SWD,Below_Basic,241,,0.74
2017,NC-SEA,08,M,MU7,Below_Basic,285,,0.27
2017,NC-SEA,08,M,WH7,Below_Basic,295,,0.19
2017,NC-SEA,04,RD,ALL,Below_Basic,224,,0.31
2017,NC-SEA,04,RD,AIAN,Below_Basic,,,
2017,NC-SEA,04,RD,ASPI,Below_Basic,240,,0.17
2017,NC-SEA,04,RD,BL7,Below_Basic,211,,0.44
2017,NC-SEA,04,RD,EDS,Below_Basic,211,,0.43
2017,NC-SEA,04,RD,ELS,Below_Basic,180,,0.81
2017,NC-SEA,04,RD,FEM,Below_Basic,227,,0.28
2017,NC-SEA,04,RD,HI7,Below_Basic,211,,0.43
2017,NC-SEA,04,RD,MALE,Below_Basic,221,,0.34
2017,NC-SEA,04,RD,NOT_EDS,Below_Basic,236,,0.19
2017,NC-SEA,04,RD,SWD,Below_Basic,187,,0.7
2017,NC-SEA,04,RD,MU7,Below_Basic,228,,0.25
2017,NC-SEA,04,RD,WH7,Below_Basic,235,,0.2
2017,NC-SEA,08,RD,ALL,Below_Basic,263,,0.26
2017,NC-SEA,08,RD,AIAN,Below_Basic,,,
2017,NC-SEA,08,RD,ASPI,Below_Basic,281,,0.1
2017,NC-SEA,08,RD,BL7,Below_Basic,248,,0.4
2017,NC-SEA,08,RD,EDS,Below_Basic,250,,0.38
2017,NC-SEA,08,RD,ELS,Below_Basic,217,,0.74
2017,NC-SEA,08,RD,FEM,Below_Basic,269,,0.21
2017,NC-SEA,08,RD,HI7,Below_Basic,255,,0.33
2017,NC-SEA,08,RD,MALE,Below_Basic,257,,0.32
2017,NC-SEA,08,RD,NOT_EDS,Below_Basic,274,,0.16
2017,NC-SEA,08,RD,SWD,Below_Basic,224,,0.74
2017,NC-SEA,08,RD,MU7,Below_Basic,258,,0.31
2017,NC-SEA,08,RD,WH7,Below_Basic,272,,0.18
